Num_Acc;senc;catv;occutc;obs;obsm;choc;manv;num_veh
2,016E+11;2;33;0;0;2;1;1;B02
2,016E+11;1;7;0;2;0;3;15;A01
2,016E+11;1;7;0;0;1;2;11;A01
2,016E+11;2;7;0;0;0;0;1;M13
2,016E+11;2;7;0;0;0;0;1;P16
2,016E+11;2;7;0;0;0;0;1;I09
2,016E+11;2;17;0;0;0;0;1;I35
2,016E+11;1;17;0;0;0;0;0;K37
2,016E+11;1;7;0;0;0;0;1;B28
2,016E+11;2;17;0;0;0;0;1;G33
2,016E+11;2;7;0;0;0;0;1;X24
2,016E+11;2;7;0;0;0;0;1;G07
2,016E+11;1;7;0;0;0;0;1;A27
2,016E+11;2;7;0;0;0;0;1;U21
2,016E+11;2;7;0;0;0;0;1;B02
2,016E+11;2;7;0;0;0;0;1;T20
2,016E+11;2;7;0;0;0;0;1;F06
2,016E+11;1;17;0;0;0;0;1;E31
2,016E+11;2;7;0;0;0;0;1;N14
2,016E+11;2;7;0;0;0;0;1;H08
2,016E+11;2;7;0;0;0;0;1;Y25
2,016E+11;2;7;0;0;0;0;1;J10
2,016E+11;1;7;0;0;0;0;1;D30
2,016E+11;2;7;0;0;0;0;1;D04
2,016E+11;2;7;0;0;0;0;1;L12
2,016E+11;2;7;0;0;0;0;1;A01
2,016E+11;2;7;0;0;0;0;1;V22
2,016E+11;1;7;0;0;0;0;1;C29
2,016E+11;2;7;0;0;0;0;1;S19
2,016E+11;1;7;0;0;0;0;1;Z26
2,016E+11;2;10;0;0;0;0;1;Q17
2,016E+11;2;7;0;0;0;0;1;W23
2,016E+11;2;7;0;0;0;0;1;E05
2,016E+11;1;14;0;0;0;0;1;M39
2,016E+11;2;7;0;0;0;0;1;O15
2,016E+11;2;7;0;0;0;0;1;C03
2,016E+11;1;17;0;0;0;0;1;N40
2,016E+11;2;7;0;0;0;0;1;K11
2,016E+11;0;7;0;0;0;0;1;A01
2,016E+11;0;33;0;0;0;0;21;B02
2,016E+11;2;7;0;0;2;1;1;B02
2,016E+11;1;31;0;0;2;2;15;A01
2,016E+11;1;7;0;13;0;0;16;A01
2,016E+11;1;7;0;6;0;1;14;A01
2,016E+11;2;1;0;0;2;1;13;B02
2,016E+11;1;7;0;0;2;8;1;A01
2,016E+11;2;30;0;8;0;8;1;A01
2,016E+11;2;33;0;8;0;1;14;A01
2,016E+11;2;33;0;0;2;1;0;A01
2,016E+11;2;10;0;0;0;6;15;B02
2,016E+11;1;7;0;0;2;1;17;A01
2,016E+11;2;99;0;0;2;3;15;B02
2,016E+11;1;31;0;0;1;7;13;A01
2,016E+11;0;1;0;0;2;7;1;A01
2,016E+11;0;7;0;0;2;1;16;B02
2,016E+11;0;1;0;0;0;4;1;B02
2,016E+11;0;7;0;0;9;2;9;A01
2,016E+11;2;7;0;8;2;1;21;B02
2,016E+11;1;7;0;8;2;9;13;A01
2,016E+11;0;7;0;0;9;1;15;A01
2,016E+11;0;1;0;0;2;2;1;B02
2,016E+11;0;7;0;6;0;4;16;A01
2,016E+11;0;7;0;0;1;2;1;A01
2,016E+11;0;7;0;0;2;1;0;A01
2,016E+11;0;30;0;0;2;3;5;B02
2,016E+11;1;7;0;0;2;1;1;B02
2,016E+11;0;30;0;0;2;8;19;A01
2,016E+11;1;7;0;0;2;8;9;A01
2,016E+11;1;33;0;0;2;2;1;B02
2,016E+11;2;7;0;2;0;8;0;A01
2,016E+11;1;7;0;13;0;2;19;A01
2,016E+11;1;33;0;2;0;0;0;A01
2,016E+11;1;7;0;0;2;8;19;A01
2,016E+11;1;33;0;0;2;1;1;B02
2,016E+11;2;1;0;0;2;2;17;B02
2,016E+11;2;7;0;0;2;6;15;A01
2,016E+11;2;33;0;16;0;0;1;A01
2,016E+11;2;7;0;0;1;1;1;A01
2,016E+11;1;33;0;3;0;1;2;A01
2,016E+11;1;7;0;0;2;3;19;A01
2,016E+11;2;33;0;0;2;1;1;B02
2,016E+11;2;7;0;0;2;1;1;A01
2,016E+11;2;1;0;0;0;4;1;D04
2,016E+11;2;1;0;0;0;4;1;B02
2,016E+11;2;1;0;0;0;4;1;C03
2,016E+11;0;2;0;0;2;1;1;B02
2,016E+11;0;30;0;0;2;8;10;A01
2,016E+11;1;7;0;0;5;1;5;A01
2,016E+11;1;1;0;0;2;7;1;B02
2,016E+11;1;7;0;0;2;3;16;A01
2,016E+11;1;7;0;0;2;0;2;B02
2,016E+11;1;33;0;0;2;0;2;A01
2,016E+11;1;33;0;0;2;1;17;A01
2,016E+11;1;21;0;0;2;3;15;B02
2,016E+11;1;7;0;0;1;2;15;A01
2,016E+11;1;1;0;0;2;6;1;B02
2,016E+11;1;7;0;0;2;7;17;A01
2,016E+11;0;7;0;0;1;4;1;A01
2,016E+11;2;7;0;0;1;1;12;A01
2,016E+11;1;7;0;6;0;1;1;A01
2,016E+11;0;1;0;14;0;1;1;A01
2,016E+11;1;7;0;0;0;2;1;A01
2,016E+11;1;7;0;13;0;2;1;A01
2,016E+11;2;10;0;0;2;7;15;A01
2,016E+11;2;7;0;0;2;1;1;B02
2,016E+11;1;7;0;0;2;1;21;C03
2,016E+11;1;1;0;0;2;4;2;B02
2,016E+11;1;7;0;0;2;2;2;A01
2,016E+11;0;30;0;1;0;1;2;A01
2,016E+11;0;7;0;0;2;4;2;B02
2,016E+11;2;15;0;0;9;7;2;A01
2,016E+11;;1;0;0;2;8;2;B02
2,016E+11;0;38;15;0;2;3;1;B02
2,016E+11;0;7;0;0;2;3;13;A01
2,016E+11;1;7;0;13;0;1;13;A01
2,016E+11;2;15;0;0;1;0;16;A01
2,016E+11;1;36;0;9;0;1;15;A01
2,016E+11;2;7;0;2;0;5;1;A01
2,016E+11;1;7;0;0;2;1;1;B02
2,016E+11;2;30;0;0;2;8;1;A01
2,016E+11;1;33;0;15;2;7;1;A01
2,016E+11;2;10;0;0;2;1;1;C03
2,016E+11;1;7;0;0;2;3;9;B02
2,016E+11;1;7;0;0;2;1;1;A01
2,016E+11;2;7;0;0;0;1;1;B02
2,016E+11;0;34;0;0;2;1;17;A01
2,016E+11;0;7;0;0;2;8;11;B02
2,016E+11;1;7;0;0;2;3;13;A01
2,016E+11;2;7;0;0;2;3;1;B02
2,016E+11;2;7;0;0;2;1;1;A01
2,016E+11;1;7;0;0;0;8;1;B02
2,016E+11;0;7;0;2;0;1;1;A01
2,016E+11;1;7;0;0;2;3;2;A01
2,016E+11;1;33;0;0;2;2;2;B02
2,016E+11;1;7;0;0;1;1;1;A01
2,016E+11;2;7;0;13;0;1;1;A01
2,016E+11;0;99;0;0;2;2;19;A01
2,016E+11;0;7;0;0;2;3;1;B02
2,016E+11;2;17;0;0;2;4;1;A01
2,016E+11;2;10;0;0;2;1;2;B02
2,016E+11;2;7;0;2;0;7;13;A01
2,016E+11;0;10;0;0;2;1;13;A01
2,016E+11;0;7;0;0;2;1;1;B02
2,016E+11;2;7;0;0;2;1;1;B02
2,016E+11;1;7;0;0;2;1;13;A01
2,016E+11;1;7;0;0;2;7;1;A01
2,016E+11;1;7;0;0;2;1;15;B02
2,016E+11;2;7;0;13;2;8;1;B01
2,016E+11;1;33;0;0;2;1;13;A01
2,016E+11;0;33;0;0;2;8;1;B02
2,016E+11;0;7;0;0;2;3;13;A01
2,016E+11;1;7;0;0;2;3;1;A01
2,016E+11;2;2;0;0;2;8;16;B02
2,016E+11;1;7;0;0;2;8;0;B02
2,016E+11;2;7;0;0;2;1;0;A01
2,016E+11;0;7;0;16;0;9;15;A01
2,016E+11;1;7;0;0;2;3;0;B02
2,016E+11;2;7;0;0;2;3;0;A01
2,016E+11;0;7;0;0;0;0;0;B02
2,016E+11;0;7;0;0;2;0;0;A01
2,016E+11;2;7;0;0;2;3;13;A01
2,016E+11;1;7;0;0;2;1;1;B02
2,016E+11;2;1;0;0;2;8;2;B02
2,016E+11;2;33;0;0;2;1;2;A01
2,016E+11;2;7;0;0;2;2;5;A01
2,016E+11;1;7;0;0;2;7;21;B02
2,016E+11;0;7;0;0;2;1;1;B02
2,016E+11;0;1;0;0;2;8;19;A01
2,016E+11;0;10;0;0;2;1;9;A01
2,016E+11;0;31;0;0;2;7;0;B02
2,016E+11;2;7;0;0;0;6;2;A01
2,016E+11;2;33;0;0;2;1;2;B02
2,016E+11;2;7;0;13;0;2;1;A01
2,016E+11;2;7;0;0;2;1;2;B02
2,016E+11;1;7;0;0;2;1;13;A01
2,016E+11;2;33;0;6;0;1;1;A01
2,016E+11;1;7;0;0;2;1;1;B01
2,016E+11;1;7;0;0;2;8;1;A02
2,016E+11;2;7;0;0;2;2;1;A01
2,016E+11;1;7;0;0;2;3;19;B02
2,016E+11;1;31;0;0;2;1;17;B02
2,016E+11;1;7;0;0;0;4;2;A01
2,016E+11;1;30;0;0;0;4;1;B02
2,016E+11;1;7;0;0;2;1;1;A01
2,016E+11;1;7;0;0;2;4;15;B02
2,016E+11;1;7;0;0;2;1;1;A01
2,016E+11;2;2;0;0;2;8;15;B02
2,016E+11;1;33;0;0;2;2;1;A01
2,016E+11;1;7;0;2;0;2;14;A01
2,016E+11;2;7;0;0;2;2;1;B02
2,016E+11;1;7;0;0;2;1;1;A01
2,016E+11;0;7;0;8;0;2;1;A01
2,016E+11;2;7;0;0;2;8;1;B02
2,016E+11;2;33;0;0;2;3;13;A01
2,016E+11;2;7;0;0;2;3;15;A01
2,016E+11;1;33;0;0;2;1;1;B02
2,016E+11;1;7;0;6;0;7;1;A01
2,016E+11;1;7;0;0;2;2;13;A01
2,016E+11;2;7;0;0;2;3;1;B02
2,016E+11;1;7;0;8;0;2;1;A01
2,016E+11;2;7;0;0;0;3;13;A01
2,016E+11;1;33;0;0;0;1;1;B02
2,016E+11;1;3;0;3;0;2;0;A01
2,016E+11;2;15;0;0;0;4;0;A01
2,016E+11;2;14;0;0;0;1;0;B02
2,016E+11;2;7;0;13;0;1;1;A01
2,016E+11;1;33;0;0;2;1;1;B02
2,016E+11;2;7;0;0;2;2;19;A01
2,016E+11;2;1;0;0;2;1;17;A01
2,016E+11;1;33;0;0;2;1;1;B02
2,016E+11;2;7;0;0;2;2;15;C03
2,016E+11;1;30;0;0;5;0;21;A01
2,016E+11;2;1;0;1;0;1;1;A01
2,016E+11;0;7;0;0;1;2;1;A01
2,016E+11;2;33;0;9;0;1;17;A01
2,016E+11;0;10;0;0;1;2;1;A01
2,016E+11;1;7;0;1;0;2;14;A01
2,016E+11;1;7;0;0;1;5;24;B02
2,016E+11;2;7;0;0;2;1;1;A01
2,016E+11;0;7;0;0;2;0;15;B02
2,016E+11;1;14;0;;2;4;1;B01
2,016E+11;1;7;0;;2;1;1;A01
2,016E+11;1;14;0;0;2;6;1;A01
2,016E+11;1;7;0;0;2;1;1;B02
2,016E+11;1;7;0;0;2;1;2;C03
2,016E+11;1;7;0;13;0;7;14;A01
2,016E+11;2;7;0;0;2;3;13;A01
2,016E+11;1;7;0;0;2;3;1;B02
2,016E+11;0;2;0;0;2;7;9;A01
2,016E+11;0;7;0;0;2;1;1;B02
2,016E+11;1;7;0;9;2;3;13;A01
2,016E+11;2;30;0;0;2;1;1;B02
2,016E+11;2;7;0;0;2;4;2;C03
2,016E+11;2;7;0;0;2;1;2;A01
2,016E+11;2;7;0;0;2;4;2;B02
2,016E+11;1;7;0;0;2;1;13;A01
2,016E+11;2;7;0;0;2;1;1;B02
2,016E+11;2;7;0;0;2;5;15;A01
2,016E+11;1;33;0;0;2;1;1;B02
2,016E+11;1;10;0;0;1;8;1;A01
2,016E+11;1;7;0;0;2;1;1;B02
2,016E+11;2;7;0;0;2;1;13;A01
2,016E+11;2;7;0;0;1;1;1;A01
2,016E+11;1;7;0;8;2;1;17;A01
2,016E+11;2;7;0;0;2;1;1;C03
2,016E+11;1;14;0;0;2;4;1;B02
2,016E+11;2;7;0;0;2;1;15;A01
2,016E+11;1;30;0;0;2;3;1;B02
2,016E+11;1;30;0;2;0;1;1;A01
2,016E+11;2;33;0;1;0;8;21;B02
2,016E+11;2;33;0;0;0;7;23;A01
2,016E+11;1;37;4;0;1;3;1;A01
2,016E+11;2;33;0;0;2;1;1;A01
2,016E+11;2;7;0;0;2;5;16;B02
2,016E+11;0;33;0;0;2;1;1;B02
2,016E+11;0;10;0;0;0;2;15;A01
2,016E+11;1;7;0;8;0;1;13;A01
2,016E+11;1;31;0;0;2;7;1;A01
2,016E+11;0;7;0;0;2;5;15;B02
2,016E+11;2;7;0;0;2;6;17;B02
2,016E+11;2;33;0;0;2;2;17;C03
2,016E+11;2;7;0;0;2;6;2;A01
2,016E+11;2;7;0;0;1;3;1;A01
2,016E+11;1;7;0;0;2;3;1;A01
2,016E+11;2;7;0;0;2;3;13;B01
2,016E+11;1;33;0;0;0;1;1;B02
2,016E+11;1;7;0;0;0;4;4;A01
2,016E+11;1;33;0;2;0;1;1;A01
2,016E+11;2;7;0;2;0;3;17;A01
2,016E+11;1;10;0;0;2;3;15;B01
2,016E+11;1;7;0;0;2;1;17;A01
2,016E+11;1;1;0;0;2;4;1;B02
2,016E+11;1;7;0;0;2;2;9;A01
2,016E+11;2;30;0;0;2;1;1;B02
2,016E+11;1;10;0;0;2;1;15;A01
2,016E+11;2;7;0;0;2;7;19;A01
2,016E+11;1;30;0;0;2;1;1;B01
2,016E+11;2;7;0;0;2;7;13;A01
2,016E+11;1;7;0;0;2;3;1;B02
2,016E+11;1;10;0;0;1;4;4;A01
2,016E+11;0;7;0;0;2;3;1;B02
2,016E+11;0;7;0;0;2;3;1;A01
2,016E+11;1;7;0;0;1;2;1;A01
2,016E+11;2;7;0;0;0;5;16;A01
2,016E+11;2;1;0;0;0;3;1;B02
2,016E+11;0;30;0;0;2;7;1;A01
2,016E+11;0;10;0;0;2;3;1;B02
2,016E+11;2;7;0;6;0;8;0;A01
2,016E+11;1;7;0;0;0;5;17;A01
2,016E+11;1;17;0;0;0;3;1;B02
2,016E+11;1;7;0;2;0;9;13;A01
2,016E+11;1;7;0;6;0;1;1;A01
2,016E+11;2;30;0;0;2;1;5;A01
2,016E+11;1;30;0;0;2;1;1;B02
2,016E+11;1;30;0;7;0;1;14;A01
2,016E+11;2;33;0;0;0;0;1;A01
2,016E+11;2;30;0;0;2;8;1;A01
2,016E+11;1;7;0;0;2;1;15;B02
2,016E+11;2;7;0;0;2;1;13;B02
2,016E+11;1;7;0;0;2;3;1;A01
2,016E+11;2;7;0;0;2;2;1;B02
2,016E+11;1;14;0;0;2;3;15;A01
2,016E+11;0;7;0;8;0;3;1;A01
2,016E+11;1;10;0;0;2;1;1;B02
2,016E+11;2;7;0;0;0;2;13;A01
2,016E+11;1;33;0;0;2;1;2;A01
2,016E+11;1;7;0;0;6;1;1;B02
2,016E+11;2;30;0;0;2;1;1;A01
2,016E+11;1;7;0;0;2;3;15;B02
2,016E+11;1;7;0;2;0;1;0;A01
2,016E+11;1;7;0;0;2;7;11;A01
2,016E+11;2;32;0;0;2;1;1;B02
2,016E+11;1;7;0;3;0;2;1;A01
2,016E+11;2;7;0;0;0;1;0;A01
2,016E+11;2;7;0;16;0;3;1;A01
2,016E+11;1;7;0;0;2;1;19;A01
2,016E+11;1;7;0;0;2;8;1;B02
2,016E+11;1;7;0;8;0;2;14;A01
2,016E+11;2;7;0;0;2;2;13;B01
2,016E+11;1;10;0;0;0;2;1;A01
2,016E+11;1;7;0;0;0;2;15;B02
2,016E+11;2;7;0;0;0;3;1;A01
2,016E+11;2;1;0;14;0;1;1;A01
2,016E+11;1;33;0;0;2;1;1;A01
2,016E+11;1;33;0;0;2;1;1;B02
2,016E+11;2;30;0;0;2;1;13;C03
2,016E+11;0;7;0;0;2;1;13;A01
2,016E+11;0;7;0;0;2;3;1;B02
2,016E+11;0;7;0;0;2;1;1;B02
2,016E+11;0;7;0;0;2;1;13;A01
2,016E+11;2;7;0;2;0;3;1;A01
2,016E+11;1;7;0;0;1;8;1;A01
2,016E+11;2;7;0;0;2;3;15;A01
2,016E+11;1;33;0;0;2;1;1;B02
2,016E+11;1;7;0;0;2;1;13;A01
2,016E+11;2;7;0;0;2;1;1;B02
2,016E+11;0;7;0;6;0;2;1;A01
2,016E+11;1;7;0;0;2;1;13;A01
2,016E+11;2;7;0;0;2;1;1;B02
2,016E+11;1;7;0;0;2;1;1;B02
2,016E+11;2;7;0;0;2;1;13;A01
2,016E+11;1;7;0;6;0;2;1;A01
2,016E+11;2;21;0;0;0;8;15;B02
2,016E+11;2;7;0;0;0;1;17;A01
2,016E+11;2;7;0;6;0;1;1;A01
2,016E+11;1;7;0;0;0;0;1;A01
2,016E+11;2;7;0;0;2;8;1;A01
2,016E+11;2;7;0;0;2;1;19;B02
2,016E+11;2;7;0;0;0;9;1;A01
2,016E+11;2;10;0;0;2;4;15;C03
2,016E+11;2;10;0;0;2;1;2;A01
2,016E+11;2;7;0;0;2;4;1;B02
2,016E+11;1;7;0;0;2;0;1;B02
2,016E+11;1;7;0;6;2;9;1;A01
2,016E+11;2;7;0;13;0;2;1;A01
2,016E+11;2;7;0;8;0;1;1;A01
2,016E+11;1;7;0;0;0;1;1;A01
2,016E+11;1;7;0;0;2;7;1;A01
2,016E+11;2;7;0;0;2;1;19;B02
2,016E+11;1;7;0;0;2;3;19;A01
2,016E+11;1;7;0;0;2;1;1;B02
2,016E+11;0;7;0;13;0;3;1;A01
2,016E+11;1;7;0;0;1;2;2;A01
2,016E+11;0;7;0;0;2;0;1;A01
2,016E+11;0;7;0;0;2;1;13;B02
2,016E+11;1;7;0;0;0;2;1;A01
2,016E+11;0;1;0;0;0;3;19;B02
2,016E+11;1;7;0;0;2;1;1;B02
2,016E+11;2;7;0;0;2;1;13;A01
2,016E+11;2;7;0;8;0;3;1;A01
2,016E+11;1;7;0;2;0;9;14;A01
2,016E+11;0;2;0;0;2;1;1;A01
2,016E+11;0;7;0;0;2;3;0;B02
2,016E+11;1;7;0;0;2;8;15;B02
2,016E+11;1;7;0;0;2;1;17;A01
2,016E+11;0;7;0;0;2;1;1;B02
2,016E+11;0;33;0;0;2;1;13;A01
2,016E+11;2;7;0;0;2;3;1;A01
2,016E+11;0;10;0;0;2;3;15;B02
2,016E+11;2;7;0;0;0;2;15;B02
2,016E+11;2;7;0;0;0;1;1;A01
2,016E+11;2;2;0;0;2;1;1;A01
2,016E+11;2;7;0;0;2;2;1;B02
2,016E+11;2;7;0;6;0;0;0;A01
2,016E+11;2;7;0;13;0;9;17;A01
2,016E+11;2;7;0;13;0;1;1;A01
2,016E+11;1;33;0;16;0;1;1;A01
2,016E+11;1;7;0;6;0;2;1;A01
2,016E+11;2;7;0;8;0;0;1;A01
2,016E+11;2;7;0;13;0;9;14;A01
2,016E+11;2;7;0;0;1;3;1;A01
2,016E+11;1;7;0;0;9;3;17;A01
2,016E+11;1;1;0;0;2;4;1;B02
2,016E+11;1;33;0;0;2;6;9;B02
2,016E+11;1;7;0;0;2;1;1;A01
2,016E+11;1;7;0;0;2;8;13;A01
2,016E+11;2;7;0;0;2;1;1;B02
2,016E+11;2;7;0;13;0;1;1;A01
2,016E+11;0;10;0;2;0;1;0;A01
2,016E+11;1;7;0;15;0;1;0;A01
2,016E+11;1;7;0;0;2;3;1;A01
2,016E+11;2;33;0;0;2;1;13;B02
2,016E+11;2;7;0;0;0;9;0;A01
2,016E+11;2;7;0;0;1;2;1;A01
2,016E+11;2;7;0;0;2;7;1;B02
2,016E+11;1;10;0;0;2;1;19;A01
2,016E+11;2;7;0;6;0;1;21;A01
2,016E+11;0;30;0;0;2;1;19;A01
2,016E+11;0;7;0;0;2;8;1;B02
2,016E+11;1;99;0;0;2;4;0;A01
2,016E+11;1;7;0;0;2;1;2;B02
2,016E+11;2;7;0;13;0;1;9;A01
2,016E+11;2;7;0;0;0;1;1;A01
2,016E+11;1;7;0;0;0;3;0;B02
2,016E+11;1;7;0;13;0;2;14;A01
2,016E+11;0;30;0;16;0;8;1;A01
2,016E+11;1;33;0;0;2;8;1;A01
2,016E+11;2;7;0;0;2;2;19;B02
2,016E+11;1;7;0;2;0;8;1;A01
2,016E+11;2;7;0;0;1;1;1;A01
2,016E+11;2;7;0;0;2;3;1;B02
2,016E+11;1;7;0;0;2;1;15;A01
2,016E+11;1;10;0;0;2;3;1;A01
2,016E+11;2;7;0;0;2;3;13;B02
2,016E+11;0;2;0;0;2;1;9;B02
2,016E+11;0;7;0;0;2;3;9;A01
2,016E+11;1;33;0;0;2;1;1;B02
2,016E+11;2;7;0;0;2;2;15;A01
2,016E+11;0;7;0;0;2;2;1;A01
2,016E+11;0;2;0;0;2;1;1;B02
2,016E+11;1;7;0;2;0;2;13;A01
2,016E+11;1;7;0;0;2;4;1;B02
2,016E+11;1;7;0;0;2;1;1;A01
2,016E+11;1;7;0;1;0;2;14;A01
2,016E+11;2;7;0;0;2;1;1;A01
2,016E+11;2;1;0;0;2;1;16;B01
2,016E+11;2;14;0;0;0;2;24;B02
2,016E+11;1;7;0;1;0;2;1;A01
2,016E+11;2;33;0;13;0;3;13;A01
2,016E+11;2;30;0;0;2;1;1;B01
2,016E+11;1;7;0;0;2;3;15;A01
2,016E+11;1;7;0;6;0;2;1;A01
2,016E+11;1;7;0;8;0;3;1;A01
2,016E+11;0;7;0;0;2;3;1;A01
2,016E+11;0;7;0;0;2;3;1;B02
2,016E+11;2;15;0;0;2;7;1;A01
2,016E+11;2;7;0;0;2;1;9;B02
2,016E+11;1;7;0;0;2;1;19;A01
2,016E+11;2;33;0;0;2;1;1;B02
2,016E+11;2;7;0;0;2;1;1;A01
2,016E+11;1;7;0;0;2;1;5;B02
2,016E+11;2;33;0;0;2;1;1;A01
2,016E+11;0;7;0;0;2;3;19;B02
2,016E+11;1;31;0;0;2;1;1;B02
2,016E+11;1;10;0;0;2;4;23;A01
2,016E+11;2;10;0;0;2;1;1;A01
2,016E+11;0;7;0;0;2;8;19;B02
2,016E+11;1;7;0;0;0;1;0;A01
2,016E+11;2;7;0;0;0;3;1;B01
2,016E+11;1;7;0;0;2;1;17;A01
2,016E+11;2;7;0;0;0;1;1;B02
2,016E+11;2;7;0;0;2;1;1;B01
2,016E+11;;7;0;0;2;8;1;A01
2,016E+11;0;30;0;0;2;1;13;A01
2,016E+11;0;7;0;0;2;3;1;B02
2,016E+11;1;7;0;0;1;2;1;A01
2,016E+11;1;7;0;0;2;3;13;A01
2,016E+11;2;7;0;0;2;3;1;B02
2,016E+11;2;33;0;0;2;1;1;B02
2,016E+11;1;7;0;0;2;7;15;A01
2,016E+11;1;7;0;0;2;1;1;A01
2,016E+11;1;7;0;0;2;2;19;B02
2,016E+11;1;7;0;0;2;5;19;A01
2,016E+11;1;7;0;0;2;1;1;B02
2,016E+11;1;7;0;0;2;1;1;A01
2,016E+11;2;7;0;0;2;1;6;B02
2,016E+11;1;31;0;0;1;1;1;A01
2,016E+11;2;7;0;0;2;3;18;A01
2,016E+11;2;7;0;0;2;2;16;B02
2,016E+11;0;10;0;0;2;1;1;B02
2,016E+11;0;7;0;0;2;8;10;A01
2,016E+11;1;33;0;0;0;0;1;A01
2,016E+11;1;10;0;;;;15;B02
2,016E+11;1;30;0;0;2;1;1;A01
2,016E+11;1;33;0;16;0;1;1;A01
2,016E+11;1;7;0;1;0;2;14;A01
2,016E+11;0;10;0;0;0;0;1;A01
2,016E+11;1;10;0;6;0;1;1;A01
2,016E+11;2;7;0;0;0;3;1;B02
2,016E+11;2;7;0;0;2;7;19;A01
2,016E+11;1;7;0;6;0;1;13;A01
2,016E+11;1;7;0;13;0;2;1;A01
2,016E+11;1;7;0;0;2;2;1;A01
2,016E+11;1;7;0;0;2;3;5;B02
2,016E+11;1;2;0;0;2;1;1;B02
2,016E+11;2;7;0;0;2;1;13;A01
2,016E+11;1;7;0;0;0;1;13;A01
2,016E+11;2;33;0;15;0;7;1;A01
2,016E+11;2;10;0;13;0;9;1;A01
2,016E+11;0;7;0;0;0;0;0;B02
2,016E+11;2;7;0;0;2;7;9;A01
2,016E+11;2;33;0;0;2;1;1;B02
2,016E+11;2;7;0;0;2;7;9;A01
2,016E+11;2;33;0;0;2;8;1;B02
2,016E+11;2;7;0;0;2;3;13;A01
2,016E+11;1;7;0;0;2;3;1;D04
2,016E+11;1;7;0;0;2;3;1;C03
2,016E+11;1;10;0;0;2;8;1;B02
2,016E+11;2;33;0;16;0;1;1;A01
2,016E+11;2;7;0;0;0;7;1;B02
2,016E+11;2;37;3;0;0;3;1;A01
2,016E+11;2;33;0;8;0;2;1;A01
2,016E+11;1;7;0;0;2;4;23;B02
2,016E+11;1;7;0;0;2;1;1;A01
2,016E+11;1;7;0;0;2;0;0;A01
2,016E+11;1;30;0;0;2;8;1;B02
2,016E+11;1;7;0;0;2;6;23;A01
2,016E+11;1;1;0;1;0;1;1;B02
2,016E+11;0;7;0;0;0;1;1;A01
2,016E+11;1;7;0;0;2;1;0;B02
2,016E+11;1;7;0;0;2;7;1;A01
2,016E+11;2;7;0;8;0;2;13;A01
2,016E+11;2;7;0;0;1;1;19;A01
2,016E+11;1;7;0;13;0;7;14;A01
2,016E+11;2;7;0;8;0;7;1;A01
2,016E+11;2;1;0;0;0;2;1;A01
2,016E+11;1;33;0;0;0;0;1;A01
2,016E+11;1;33;0;0;0;7;1;A01
2,016E+11;1;10;0;0;2;7;13;A01
2,016E+11;2;7;0;0;2;2;1;B02
2,016E+11;1;10;0;13;0;7;14;A01
2,016E+11;2;7;0;0;2;6;15;A01
2,016E+11;1;33;0;0;2;1;1;B02
2,016E+11;1;7;0;13;0;1;17;A01
2,016E+11;2;7;0;4;2;8;1;B02
2,016E+11;2;7;0;0;2;2;17;A01
2,016E+11;0;33;0;0;0;0;0;B02
2,016E+11;0;7;0;0;0;0;0;A01
2,016E+11;1;31;0;8;0;0;21;B02
2,016E+11;1;7;0;0;0;0;15;A01
2,016E+11;1;7;0;0;4;1;1;A01
2,016E+11;0;39;0;0;0;3;0;B02
2,016E+11;1;7;0;0;2;8;9;A01
2,016E+11;1;7;0;0;2;1;1;B02
2,016E+11;2;30;0;0;0;0;0;A01
2,016E+11;1;10;0;2;0;1;1;A01
2,016E+11;0;7;0;2;0;2;1;A01
2,016E+11;0;33;0;0;0;2;0;A01
2,016E+11;0;10;0;0;0;6;0;B02
2,016E+11;2;10;0;0;2;3;1;A01
2,016E+11;1;7;0;0;2;1;1;B02
2,016E+11;2;7;0;6;0;3;1;A01
2,016E+11;0;36;0;0;0;4;0;A01
2,016E+11;1;7;0;0;2;3;13;A01
2,016E+11;2;7;0;0;2;3;1;B02
2,016E+11;2;33;0;0;2;7;1;B02
2,016E+11;1;7;0;0;2;3;1;A01
2,016E+11;1;21;0;0;2;8;1;B02
2,016E+11;2;7;0;10;2;8;1;A01
2,016E+11;2;7;0;2;0;3;21;A01
2,016E+11;1;33;0;0;2;1;1;B02
2,016E+11;1;7;0;0;2;4;1;C03
2,016E+11;1;33;0;0;2;1;1;A01
2,016E+11;1;30;0;0;2;1;1;B02
2,016E+11;0;7;0;0;2;1;19;A01
2,016E+11;2;2;0;0;2;1;1;B02
2,016E+11;1;7;0;0;2;2;11;A01
2,016E+11;1;7;0;0;2;1;13;A01
2,016E+11;2;10;0;0;2;1;1;B02
2,016E+11;1;7;0;0;2;6;1;B02
2,016E+11;1;7;0;0;2;1;1;C03
2,016E+11;2;7;0;0;2;1;13;A01
2,016E+11;1;30;0;0;0;0;15;A01
2,016E+11;1;33;0;0;2;1;1;B02
2,016E+11;0;7;0;0;1;1;0;A01
2,016E+11;1;1;0;0;9;4;1;B02
2,016E+11;1;7;0;0;9;2;1;A01
2,016E+11;1;33;0;13;0;8;1;A01