Num_Acc;senc;catv;occutc;obs;obsm;choc;manv;num_veh
2,016E+11;1;7;0;0;2;7;1;A01
2,016E+11;1;15;0;0;2;3;15;B02
2,016E+11;0;7;0;0;0;7;1;A01
2,016E+11;0;7;0;0;0;1;1;B02
2,016E+11;0;7;0;0;2;1;1;B02
2,016E+11;0;7;0;0;2;3;19;A01
2,016E+11;2;7;0;0;2;3;1;A01
2,016E+11;2;10;0;0;0;0;12;B02
2,016E+11;1;17;0;0;2;8;1;C03
2,016E+11;1;33;0;16;0;0;1;A01
2,016E+11;1;33;0;0;0;0;21;A01
2,016E+11;0;7;0;0;0;0;0;B02
2,016E+11;2;1;0;0;2;7;15;A01
2,016E+11;2;7;0;0;2;1;1;B02
2,016E+11;1;7;0;0;2;1;11;A01
2,016E+11;2;7;0;3;2;1;1;B02
2,016E+11;0;7;0;0;2;3;1;A01
2,016E+11;0;10;0;0;2;3;1;B02
2,016E+11;1;2;0;0;2;8;19;A01
2,016E+11;2;10;0;0;2;3;21;B02
2,016E+11;1;7;0;0;2;1;1;A01
2,016E+11;2;7;0;0;2;4;13;B02
2,016E+11;2;7;0;0;2;1;19;A01
2,016E+11;1;7;0;0;2;6;1;B02
2,016E+11;1;7;0;0;2;2;17;A01
2,016E+11;1;7;0;0;2;3;15;B02
2,016E+11;1;7;0;2;0;1;1;A01
2,016E+11;1;7;0;0;2;5;17;A01
2,016E+11;1;10;0;0;2;3;1;B02
2,016E+11;1;7;0;0;1;2;1;A01
2,016E+11;1;33;0;0;6;2;21;A01
2,016E+11;2;14;0;0;0;1;1;A01
2,016E+11;0;7;0;0;2;1;1;A01
2,016E+11;0;7;0;0;0;0;0;B02
2,016E+11;2;33;0;0;2;8;1;A01
2,016E+11;0;7;0;0;2;8;23;B02
2,016E+11;0;7;0;0;2;1;0;C03
2,016E+11;2;33;0;13;0;1;1;A01
2,016E+11;0;21;0;0;2;0;0;A01
2,016E+11;0;7;0;0;2;3;0;B02
2,016E+11;2;7;0;0;2;1;17;A01
2,016E+11;1;10;0;0;2;3;1;B02
2,016E+11;2;38;1;0;2;8;1;C03
2,016E+11;1;7;0;2;0;1;1;A01
2,016E+11;1;7;0;8;0;1;1;A01
2,016E+11;2;7;0;2;0;8;1;A01
2,016E+11;2;7;0;0;0;8;10;A01
2,016E+11;2;31;0;0;2;1;21;B02
2,016E+11;1;33;0;14;0;1;1;A01
2,016E+11;1;7;0;0;2;2;17;A01
2,016E+11;1;7;0;0;2;3;15;B02
2,016E+11;0;7;0;0;2;7;15;A01
2,016E+11;0;7;0;0;2;1;1;B02
2,016E+11;1;30;0;0;2;8;15;A01
2,016E+11;2;7;0;0;0;2;1;B02
2,016E+11;1;10;0;16;2;7;13;A01
2,016E+11;2;7;0;16;2;3;1;B02
2,016E+11;1;7;0;0;2;5;17;A01
2,016E+11;1;36;0;0;2;8;15;B02
2,016E+11;1;36;0;0;2;1;23;C03
2,016E+11;0;7;0;0;1;1;1;A01
2,016E+11;1;14;0;0;2;2;1;A01
2,016E+11;0;7;0;0;9;0;1;B02
2,016E+11;2;38;8;0;2;2;9;C03
2,016E+11;1;7;0;2;0;1;1;A01
2,016E+11;2;7;0;0;2;1;13;A01
2,016E+11;1;7;0;0;2;3;1;B02
2,016E+11;2;10;0;0;2;1;1;A01
2,016E+11;1;7;0;0;2;1;1;B02
2,016E+11;0;7;0;0;2;1;1;A01
2,016E+11;0;7;0;0;2;8;19;B02
2,016E+11;0;7;0;0;2;1;19;A01
2,016E+11;0;33;0;0;2;7;1;B02
2,016E+11;0;7;0;0;2;1;9;A01
2,016E+11;0;7;0;0;2;7;1;B02
2,016E+11;2;7;0;0;2;3;6;A01
2,016E+11;1;10;0;0;2;1;1;B02
2,016E+11;1;37;1;0;0;6;23;A01
2,016E+11;1;7;0;0;2;2;2;B02
2,016E+11;1;7;0;0;2;3;13;A01
2,016E+11;2;7;0;0;2;3;1;B02
2,016E+11;1;7;0;0;2;3;1;A01
2,016E+11;2;33;0;0;2;1;13;B02
2,016E+11;1;7;0;15;0;9;1;A01
2,016E+11;0;7;0;0;1;2;1;A01
2,016E+11;1;7;0;9;0;1;17;A01
2,016E+11;1;7;0;0;2;1;1;A01
2,016E+11;1;7;0;0;2;4;23;B02
2,016E+11;1;7;0;0;2;4;23;C03
2,016E+11;0;7;0;0;2;3;9;A01
2,016E+11;0;31;0;0;2;1;9;B02
2,016E+11;2;7;0;0;1;3;1;A01
2,016E+11;1;7;0;0;2;2;1;B02
2,016E+11;0;7;0;0;0;6;1;A01
2,016E+11;0;7;0;0;0;2;11;B02
2,016E+11;0;7;0;0;2;2;1;A01
2,016E+11;0;7;0;0;2;3;1;B02
2,016E+11;1;7;0;2;0;3;13;A01
2,016E+11;1;30;0;0;2;8;19;B02
2,016E+11;1;17;0;0;2;2;1;A01
2,016E+11;0;7;0;0;2;1;1;A01
2,016E+11;1;1;0;0;2;8;15;B02
2,016E+11;2;17;0;0;2;1;2;A01
2,016E+11;2;7;0;0;2;4;2;B02
2,016E+11;2;7;0;0;2;4;2;C03
2,016E+11;1;7;0;0;0;2;15;A01
2,016E+11;2;33;0;0;0;1;1;B02
2,016E+11;0;7;0;6;0;8;1;A01
2,016E+11;2;10;0;0;2;1;13;A01
2,016E+11;1;7;0;0;2;1;1;B02
2,016E+11;0;7;0;0;2;1;19;A01
2,016E+11;0;7;0;0;2;8;1;B02
2,016E+11;2;10;0;0;2;1;9;A01
2,016E+11;2;7;0;0;2;3;1;B02
2,016E+11;2;7;0;0;0;6;1;A01
2,016E+11;1;7;0;0;2;1;19;B02
2,016E+11;2;15;0;0;2;3;1;A01
2,016E+11;1;7;0;0;2;8;1;B02
2,016E+11;2;33;0;0;0;0;1;A01
2,016E+11;0;7;0;0;0;3;1;A01
2,016E+11;0;14;0;1;0;5;1;B02
2,016E+11;1;7;0;0;2;1;2;A01
2,016E+11;1;3;0;0;0;4;1;B02
2,016E+11;0;33;0;1;0;1;13;A01
2,016E+11;2;7;0;0;2;2;1;A01
2,016E+11;1;7;0;0;2;3;19;B02
2,016E+11;1;33;0;3;0;2;15;A01
2,016E+11;1;7;0;0;2;1;1;A01
2,016E+11;2;7;0;0;2;1;23;B02
2,016E+11;1;7;0;13;0;9;14;A01
2,016E+11;1;7;0;0;2;1;13;A01
2,016E+11;2;10;0;0;2;8;1;B02
2,016E+11;2;33;0;0;2;1;1;C03
2,016E+11;1;10;0;0;2;4;1;D04
2,016E+11;1;7;0;0;2;1;1;E05
2,016E+11;1;7;0;0;2;4;1;F06
2,016E+11;1;1;0;0;2;4;2;B02
2,016E+11;1;10;0;0;9;1;2;A01
2,016E+11;1;7;0;2;0;9;1;A01
2,016E+11;2;7;0;2;0;1;13;A01
2,016E+11;1;7;0;0;2;1;13;A01
2,016E+11;2;7;0;0;2;3;1;B02
2,016E+11;1;7;0;0;0;1;1;A01
2,016E+11;2;33;0;13;0;1;1;A01
2,016E+11;2;17;0;0;2;3;15;A01
2,016E+11;2;31;0;0;2;1;17;B02
2,016E+11;0;7;0;6;0;1;1;A01
2,016E+11;1;33;0;3;0;1;1;A01
2,016E+11;1;7;0;0;1;1;1;A01
2,016E+11;1;7;0;0;1;1;2;A01
2,016E+11;1;7;0;2;0;1;1;A01
2,016E+11;2;7;0;0;2;1;15;A01
2,016E+11;1;7;0;0;2;3;1;B02
2,016E+11;1;7;0;16;0;1;13;A01
2,016E+11;2;10;0;0;5;3;1;A01
2,016E+11;1;7;0;0;2;1;1;B02
2,016E+11;2;33;0;0;2;1;13;A01
2,016E+11;1;7;0;0;2;3;1;B02
2,016E+11;1;33;0;0;0;0;1;A01
2,016E+11;2;7;0;0;2;1;1;B02
2,016E+11;2;31;0;0;2;1;13;A01
2,016E+11;2;31;0;0;2;1;5;A01
2,016E+11;1;7;0;0;2;2;1;B02
2,016E+11;1;36;0;8;0;2;1;A01
2,016E+11;0;39;1;0;1;1;0;A01
2,016E+11;2;7;0;0;1;5;14;A01
2,016E+11;1;33;0;16;0;8;16;A01
2,016E+11;1;10;0;0;1;2;2;A01
2,016E+11;2;7;0;13;0;3;1;A01
2,016E+11;0;7;0;0;0;6;1;A01
2,016E+11;0;2;0;0;2;1;2;B02
2,016E+11;0;7;0;0;1;2;1;A01
2,016E+11;0;30;0;0;0;0;1;A01
2,016E+11;2;7;0;0;2;3;1;A01
2,016E+11;1;2;0;0;2;1;13;B02
2,016E+11;0;7;0;2;0;1;1;A01
2,016E+11;2;7;0;0;1;1;1;A01
2,016E+11;2;7;0;0;2;3;1;A01
2,016E+11;1;7;0;0;2;3;0;B02
2,016E+11;1;7;0;0;6;1;13;A01
2,016E+11;2;7;0;0;2;1;1;B02
2,016E+11;2;33;0;13;0;9;1;A01
2,016E+11;2;7;0;0;2;3;15;A01
2,016E+11;2;33;0;0;2;7;17;B02
2,016E+11;1;7;0;0;2;1;13;A01
2,016E+11;2;7;0;0;2;3;1;B02
2,016E+11;1;7;0;2;0;7;1;A01
2,016E+11;1;30;0;0;2;1;11;A01
2,016E+11;2;7;0;0;2;1;1;B02
2,016E+11;1;7;0;0;2;2;15;A01
2,016E+11;2;7;0;0;2;2;1;B02
2,016E+11;0;7;0;14;1;3;0;A01
2,016E+11;1;7;0;13;0;2;1;A01
2,016E+11;1;30;0;0;2;3;1;A01
2,016E+11;2;7;0;0;2;3;1;B02
2,016E+11;2;7;0;0;2;1;1;C03
2,016E+11;2;10;0;0;2;1;1;B02
2,016E+11;1;7;0;0;2;1;13;A01
2,016E+11;2;7;0;2;0;9;1;A01
2,016E+11;0;7;0;0;0;9;14;A01
2,016E+11;1;31;0;0;2;1;0;B02
2,016E+11;1;30;0;0;2;4;0;A01
2,016E+11;1;2;0;0;2;1;5;A01
2,016E+11;2;7;0;0;2;1;1;B02
2,016E+11;1;31;0;3;0;7;1;A01
2,016E+11;1;7;0;0;2;3;15;A01
2,016E+11;1;7;0;0;2;2;1;B02
2,016E+11;2;7;0;6;0;1;1;A01
2,016E+11;1;7;0;8;2;1;13;A01
2,016E+11;2;7;0;0;2;1;1;B02
2,016E+11;1;7;0;2;0;7;1;A01
2,016E+11;2;7;0;0;2;1;1;A01
2,016E+11;1;7;0;0;2;1;1;B02
2,016E+11;2;7;0;8;0;1;1;A01
2,016E+11;1;7;0;0;2;2;1;A01
2,016E+11;2;1;0;0;2;1;1;B02
2,016E+11;2;7;0;0;0;3;15;A01
2,016E+11;1;33;0;0;2;1;1;B02
2,016E+11;2;7;0;0;0;9;13;A01
2,016E+11;1;7;0;0;2;2;15;A01
2,016E+11;2;1;0;0;2;1;1;B02
2,016E+11;1;33;0;0;2;1;1;A01
2,016E+11;0;7;0;0;2;3;15;B02
2,016E+11;1;10;0;2;0;3;1;A01
2,016E+11;1;7;0;0;2;3;1;B02
2,016E+11;2;10;0;0;2;1;17;A01
2,016E+11;2;7;0;0;0;2;1;A01
2,016E+11;1;7;0;0;2;1;13;A01
2,016E+11;2;10;0;0;2;1;1;B02
2,016E+11;1;7;0;2;0;1;13;A01
2,016E+11;1;36;0;2;0;1;1;A01
2,016E+11;1;10;0;0;2;6;19;A01
2,016E+11;2;31;0;0;2;1;1;B02
2,016E+11;1;7;0;2;0;9;1;A01
2,016E+11;0;21;0;0;1;5;0;A01
2,016E+11;1;7;0;0;2;1;1;B02
2,016E+11;2;21;0;0;2;7;1;A01
2,016E+11;1;7;0;0;0;9;1;A01
2,016E+11;1;7;0;0;2;3;13;A01
2,016E+11;2;7;0;0;2;3;1;B02
2,016E+11;2;7;0;0;2;1;13;A01
2,016E+11;1;7;0;0;2;1;1;B02
2,016E+11;1;7;0;0;2;3;1;C03
2,016E+11;2;7;0;13;0;0;1;D04
2,016E+11;2;7;0;0;2;1;13;A01
2,016E+11;1;7;0;0;2;1;1;B02
2,016E+11;2;7;0;0;2;1;0;D04
2,016E+11;1;7;0;0;2;2;1;C03
2,016E+11;2;7;0;2;0;3;19;A01
2,016E+11;1;7;0;0;2;1;1;A01
2,016E+11;2;7;0;0;2;1;0;B02
2,016E+11;2;7;0;0;2;1;0;B02
2,016E+11;1;7;0;0;2;1;0;A01
2,016E+11;1;7;0;0;2;1;13;A01
2,016E+11;2;7;0;0;2;3;1;B02
2,016E+11;2;7;0;13;0;1;21;C03
2,016E+11;0;10;0;14;0;1;17;A01
2,016E+11;1;33;0;0;2;1;1;A01
2,016E+11;1;7;0;0;0;6;1;B02
2,016E+11;2;7;0;0;2;3;1;C03
2,016E+11;2;7;0;0;2;3;15;A01
2,016E+11;2;33;0;0;2;2;17;B02
2,016E+11;2;7;0;0;2;1;2;A01
2,016E+11;2;7;0;0;2;9;2;B02
2,016E+11;2;7;0;0;2;4;2;C03
2,016E+11;1;31;0;0;2;1;1;A01
2,016E+11;1;7;0;0;2;3;10;B02
2,016E+11;1;7;0;0;2;1;11;A01
2,016E+11;2;7;0;0;2;3;1;B02
2,016E+11;2;7;0;0;2;3;1;C03
2,016E+11;1;33;0;7;0;1;16;A01
2,016E+11;2;33;0;0;0;4;1;A01
2,016E+11;2;7;0;0;0;1;2;B02
2,016E+11;1;30;0;0;0;2;1;A01
2,016E+11;0;33;0;0;0;0;0;A01
2,016E+11;1;33;0;0;0;1;17;A01
2,016E+11;1;33;0;0;2;1;2;A01
2,016E+11;1;7;0;2;0;0;17;A01
2,016E+11;2;33;0;16;0;0;17;A01
2,016E+11;1;7;0;0;1;2;0;A01
2,016E+11;2;36;0;2;0;2;1;A01
2,016E+11;1;7;0;0;2;3;15;A01
2,016E+11;2;7;0;0;2;1;1;B02
2,016E+11;1;1;0;0;2;8;1;A01
2,016E+11;1;7;0;0;2;7;17;B02
2,016E+11;2;33;0;13;0;1;1;A01
2,016E+11;2;33;0;0;2;8;18;A01
2,016E+11;2;7;0;0;2;2;16;B02
2,016E+11;1;7;0;0;1;1;1;A01
2,016E+11;2;33;0;0;2;1;17;A01
2,016E+11;1;7;0;0;2;3;15;B02
2,016E+11;0;7;0;0;1;2;1;A01
2,016E+11;1;7;0;0;2;6;13;A01
2,016E+11;2;7;0;0;2;1;1;B02
2,016E+11;1;7;0;0;2;1;13;A01
2,016E+11;2;7;0;0;2;8;1;B02
2,016E+11;2;7;0;0;2;8;1;C03
2,016E+11;2;7;0;0;2;0;1;A01
2,016E+11;1;7;0;0;2;1;1;B02
2,016E+11;2;7;0;0;2;1;1;C03
2,016E+11;2;7;0;0;2;1;1;D04
2,016E+11;2;7;0;0;2;5;1;A01
2,016E+11;1;10;0;0;2;1;1;B02
2,016E+11;1;7;0;0;2;1;1;A01
2,016E+11;2;7;0;0;2;1;13;B02
2,016E+11;2;7;0;0;1;2;1;A01
2,016E+11;2;7;0;0;2;7;1;A01
2,016E+11;2;1;0;0;2;0;19;B01
2,016E+11;1;7;0;0;2;8;10;A01
2,016E+11;1;7;0;0;2;1;1;B01
2,016E+11;1;30;0;1;0;0;21;A01
2,016E+11;0;7;0;0;2;0;9;A01
2,016E+11;0;1;0;0;2;0;0;B01
2,016E+11;2;7;0;2;0;1;13;A01
2,016E+11;1;1;0;0;2;1;1;B01
2,016E+11;1;10;0;0;2;2;19;A01
2,016E+11;1;7;0;0;2;7;2;A01
2,016E+11;1;10;0;8;2;1;2;B01
2,016E+11;1;33;0;0;0;0;2;A01
2,016E+11;1;3;0;0;1;2;1;A01
2,016E+11;0;33;0;0;2;2;0;B01
2,016E+11;0;7;0;0;2;6;9;A01
2,016E+11;1;7;0;0;1;1;1;A01
2,016E+11;1;7;0;0;2;5;11;A01
2,016E+11;2;7;0;0;2;1;5;C01
2,016E+11;2;31;0;0;2;1;1;B01
2,016E+11;1;2;0;0;2;1;1;A01
2,016E+11;2;2;0;0;2;1;1;B02
2,016E+11;1;7;0;6;0;3;1;A01
2,016E+11;2;7;0;0;2;3;19;A01
2,016E+11;1;7;0;0;2;1;1;B02
2,016E+11;1;10;0;0;2;2;1;B02
2,016E+11;2;15;0;0;2;6;19;A01
2,016E+11;2;7;0;16;0;1;1;A01
2,016E+11;1;7;0;0;0;9;13;A01
2,016E+11;1;33;0;6;0;7;0;A01
2,016E+11;2;7;0;13;0;1;13;A01
2,016E+11;2;33;0;0;2;1;1;B01
2,016E+11;2;10;0;0;2;3;19;A02
2,016E+11;2;10;0;0;2;7;19;A01
2,016E+11;1;7;0;0;2;1;1;B02
2,016E+11;1;7;0;0;0;3;13;A01
2,016E+11;2;7;0;0;0;3;1;B02
2,016E+11;2;7;0;0;0;1;1;B02
2,016E+11;1;21;0;0;0;6;19;A01
2,016E+11;1;7;0;0;2;8;15;A01
2,016E+11;2;7;0;0;2;1;1;B02
2,016E+11;1;7;0;0;2;1;17;A01
2,016E+11;1;7;0;0;2;8;15;B02
2,016E+11;2;7;0;2;0;7;14;A01
2,016E+11;1;36;0;0;2;1;1;B02
2,016E+11;2;7;0;0;2;7;15;A01
2,016E+11;2;2;0;6;0;1;1;A01
2,016E+11;0;7;0;0;1;7;15;A01
2,016E+11;1;7;0;0;2;1;1;B02
2,016E+11;1;7;0;0;2;2;19;A01
2,016E+11;1;7;0;0;2;1;13;A01
2,016E+11;2;7;0;0;2;1;1;B02
2,016E+11;1;7;0;13;0;9;13;A01
2,016E+11;2;7;0;13;0;3;13;A01
2,016E+11;1;7;0;2;0;1;13;A01
2,016E+11;2;7;0;0;2;7;1;A01
2,016E+11;1;2;0;0;2;1;1;B02
2,016E+11;2;7;0;16;0;9;1;A01
2,016E+11;2;7;0;0;2;3;5;A01
2,016E+11;1;2;0;0;2;8;1;B02
2,016E+11;1;7;0;2;0;2;1;A01
2,016E+11;2;7;0;13;0;9;0;A01
2,016E+11;1;33;0;0;0;9;1;A01
2,016E+11;1;33;0;0;0;9;1;B02
2,016E+11;2;7;0;0;2;1;2;A01
2,016E+11;2;10;0;0;2;4;2;B02
2,016E+11;1;7;0;3;0;8;1;A01
2,016E+11;1;33;0;0;2;0;1;C03
2,016E+11;1;7;0;0;2;3;1;B02
2,016E+11;2;7;0;0;2;3;13;A01
2,016E+11;2;7;0;0;9;0;1;F06
2,016E+11;2;7;0;0;9;2;1;E05
2,016E+11;1;7;0;0;9;1;1;D04
2,016E+11;2;7;0;0;2;1;1;B02
2,016E+11;1;7;0;0;2;1;5;A01
2,016E+11;2;7;0;0;2;2;1;C03
2,016E+11;2;7;0;0;2;2;15;A01
2,016E+11;1;2;0;0;2;1;1;B02
2,016E+11;2;7;0;0;9;3;19;A01
2,016E+11;2;1;0;0;2;1;1;B02
2,016E+11;1;7;0;0;2;1;2;A01
2,016E+11;1;1;0;0;2;4;2;B02
2,016E+11;1;7;0;0;0;1;1;A01
2,016E+11;2;10;0;0;0;8;1;B02
2,016E+11;2;33;0;0;2;1;13;A01
2,016E+11;1;38;1;0;2;8;1;B02
2,016E+11;2;10;0;0;2;3;15;A01
2,016E+11;1;33;0;0;2;1;1;B02
2,016E+11;2;7;0;0;2;2;13;A01
2,016E+11;1;7;0;0;2;1;1;B02
2,016E+11;2;33;0;16;0;0;1;A01
2,016E+11;2;7;0;13;0;1;13;A01
2,016E+11;2;10;0;0;2;3;1;B02
2,016E+11;2;7;0;0;2;8;19;A01
2,016E+11;1;33;0;10;0;1;1;A01
2,016E+11;2;33;0;0;2;2;1;A01
2,016E+11;2;7;0;0;2;3;15;B02
2,016E+11;2;7;0;3;2;7;13;A01
2,016E+11;1;10;0;0;2;1;1;B02
2,016E+11;0;1;0;0;2;1;9;B02
2,016E+11;2;10;0;0;9;3;1;A01
2,016E+11;1;7;0;2;0;1;13;A01
2,016E+11;1;33;0;6;0;9;1;A01
2,016E+11;2;33;0;0;2;7;17;A01
2,016E+11;2;7;0;0;2;8;17;B02
2,016E+11;2;7;0;0;2;1;13;A01
2,016E+11;0;21;0;0;2;2;23;B02
2,016E+11;2;1;0;0;2;1;1;B02
2,016E+11;2;7;0;0;9;3;15;A01
2,016E+11;2;33;0;0;2;1;17;A01
2,016E+11;1;7;0;0;2;3;1;B02
2,016E+11;2;14;0;0;2;8;1;C03
2,016E+11;2;14;0;0;2;1;1;B02
2,016E+11;2;7;0;0;2;8;15;A01
2,016E+11;2;7;0;2;0;1;14;A01
2,016E+11;1;7;0;0;1;1;1;A01
2,016E+11;1;2;0;0;0;0;0;A01
2,016E+11;2;7;0;0;2;1;1;A01
2,016E+11;1;7;0;0;2;1;13;B01
2,016E+11;2;7;0;15;0;2;14;A01
2,016E+11;0;7;0;0;2;1;1;A01
2,016E+11;0;7;0;0;2;1;1;B01
2,016E+11;1;33;0;0;2;2;17;A01
2,016E+11;1;7;0;0;0;8;1;B01
2,016E+11;1;1;0;0;2;1;2;A01
2,016E+11;1;7;0;0;2;3;9;B01
2,016E+11;1;7;0;0;1;7;2;A01
2,016E+11;1;1;0;0;2;3;1;A01
2,016E+11;1;7;0;0;2;2;1;B01
2,016E+11;1;7;0;0;2;2;15;A01
2,016E+11;2;31;0;0;2;1;1;B01
2,016E+11;1;7;0;2;0;2;14;A01
2,016E+11;0;1;0;0;0;0;0;A01
2,016E+11;0;7;0;0;2;0;0;B01
2,016E+11;2;33;0;0;2;7;1;B01
2,016E+11;1;7;0;0;2;0;15;A01
2,016E+11;1;7;0;0;2;4;23;B01
2,016E+11;1;7;0;0;2;1;2;A01
2,016E+11;2;7;0;0;2;0;0;C01
2,016E+11;1;7;0;0;0;4;23;D01
2,016E+11;1;7;0;0;2;9;23;C01
2,016E+11;1;7;0;0;2;4;23;B01
2,016E+11;1;7;0;0;2;1;2;A01
2,016E+11;1;38;20;0;2;8;9;B01
2,016E+11;2;2;0;0;2;1;0;A01
2,016E+11;2;13;0;0;2;7;2;A01
2,016E+11;2;1;0;0;2;8;2;B01
2,016E+11;1;7;0;0;2;2;15;B01
2,016E+11;1;7;0;0;2;2;1;A01
2,016E+11;1;7;0;0;2;1;15;B02
2,016E+11;1;7;0;0;2;1;1;A01
2,016E+11;2;7;0;0;2;2;2;A01
2,016E+11;2;30;0;0;0;4;2;B02
2,016E+11;2;33;0;0;2;1;1;B02
2,016E+11;1;7;0;0;2;8;19;A01
2,016E+11;1;7;0;0;2;1;13;A01
2,016E+11;2;14;0;0;2;1;1;B02
2,016E+11;1;7;0;6;0;1;0;A01
2,016E+11;2;7;0;0;9;7;2;A01
2,016E+11;2;1;0;0;2;3;2;B02
2,016E+11;1;1;0;0;0;1;2;A01
2,016E+11;1;10;0;0;2;5;15;A01
2,016E+11;2;31;0;0;2;1;1;B02
2,016E+11;2;7;0;13;0;1;1;A01
2,016E+11;0;7;0;0;2;2;14;A01
2,016E+11;0;7;0;0;2;3;1;B01
2,016E+11;1;7;0;2;0;1;21;A01
2,016E+11;2;38;14;16;0;7;1;A01
2,016E+11;0;7;0;0;2;1;1;A01
2,016E+11;0;7;0;0;2;8;1;B01
2,016E+11;2;7;0;10;0;1;1;A01
2,016E+11;2;7;0;0;2;7;15;A01
2,016E+11;1;7;0;0;2;1;1;B02
2,016E+11;1;7;0;0;2;2;1;A01
2,016E+11;1;7;0;0;2;3;1;B02
2,016E+11;1;10;0;0;2;3;13;A01
2,016E+11;2;7;0;0;2;3;1;B02
2,016E+11;1;7;0;0;2;2;15;A01
2,016E+11;2;7;0;0;2;2;1;B02
2,016E+11;0;2;0;0;2;3;17;A01
2,016E+11;0;31;0;0;2;3;1;B02
2,016E+11;2;7;0;0;2;2;15;A01
2,016E+11;1;1;0;0;2;1;1;B02
2,016E+11;1;7;0;0;2;3;13;A01
2,016E+11;2;7;0;0;2;3;1;B02
2,016E+11;2;7;0;0;2;8;13;A01
2,016E+11;1;7;0;0;2;3;1;B02
2,016E+11;2;7;0;13;0;1;1;A01
2,016E+11;1;7;0;0;2;4;13;A01
2,016E+11;2;7;0;0;2;3;1;B02
2,016E+11;2;33;0;0;0;7;13;A01
2,016E+11;1;7;0;0;2;1;13;A01
2,016E+11;2;7;0;0;2;1;1;B02
2,016E+11;2;7;0;0;4;1;1;A01
2,016E+11;0;39;11;0;2;1;0;B02
2,016E+11;1;7;0;0;2;1;19;A01
2,016E+11;2;7;0;0;2;8;1;B02
2,016E+11;1;7;0;0;2;2;2;A01
2,016E+11;1;7;0;0;2;8;14;B02
2,016E+11;2;20;0;0;2;3;1;C03
2,016E+11;2;7;0;0;2;7;19;A01
2,016E+11;2;1;0;0;2;1;1;B01
2,016E+11;0;1;0;0;2;1;15;A01
2,016E+11;0;7;0;0;2;8;1;B02
2,016E+11;0;7;0;6;0;3;13;A01
2,016E+11;2;7;0;0;0;9;1;A01
2,016E+11;2;7;0;0;2;8;19;A01
2,016E+11;1;7;0;0;2;1;1;B01
2,016E+11;0;7;0;0;1;1;2;A01
2,016E+11;2;7;0;0;1;3;19;A01
2,016E+11;1;7;0;0;2;2;21;A01
2,016E+11;0;7;0;0;2;3;1;A01
2,016E+11;0;7;0;0;2;3;1;B02
2,016E+11;1;38;14;0;0;0;0;A01
2,016E+11;0;7;0;8;0;3;2;A01
2,016E+11;2;7;0;12;0;3;1;A01
2,016E+11;1;7;0;0;1;1;1;A01
2,016E+11;1;38;20;0;2;7;1;A01
2,016E+11;0;21;0;0;2;1;15;B01
2,016E+11;2;7;0;0;2;3;13;A01
2,016E+11;1;7;0;0;2;2;1;B02
2,016E+11;0;10;0;0;1;8;1;A01
2,016E+11;2;30;0;0;2;1;1;B01
2,016E+11;1;7;0;0;0;5;15;A02
2,016E+11;1;7;0;0;1;3;1;A01
2,016E+11;2;7;0;0;2;1;13;A01
2,016E+11;1;7;0;0;2;1;1;B02
2,016E+11;1;3;0;0;2;6;15;A01
2,016E+11;1;33;0;0;2;1;13;B02
2,016E+11;1;7;0;0;2;2;13;A01
2,016E+11;2;7;0;0;2;3;1;B02
2,016E+11;1;7;0;0;1;8;1;A01
2,016E+11;2;33;0;15;0;8;1;A01
2,016E+11;2;10;0;0;2;7;1;B01
2,016E+11;0;1;0;0;2;7;9;A01
2,016E+11;1;30;0;0;2;1;19;B02
2,016E+11;1;7;0;0;2;2;1;A01
2,016E+11;2;30;0;0;2;1;1;A01
2,016E+11;2;7;0;0;2;4;15;B02
2,016E+11;2;30;0;0;2;1;15;A01
2,016E+11;2;33;0;0;0;8;15;B02
2,016E+11;1;7;0;0;2;3;13;A01
2,016E+11;2;17;0;0;2;3;1;B02
2,016E+11;2;38;1;0;2;1;1;C03
2,016E+11;2;7;0;0;2;1;1;D04
2,016E+11;2;7;0;0;2;3;13;A01
2,016E+11;1;17;0;0;2;2;0;B02
2,016E+11;2;7;0;13;0;3;1;A01
2,016E+11;1;7;0;0;2;8;1;A01
2,016E+11;1;2;0;0;2;2;15;B02
2,016E+11;1;7;0;0;2;3;13;A01
2,016E+11;2;7;0;0;2;3;1;B02
2,016E+11;1;7;0;2;0;1;13;A01
2,016E+11;1;7;0;0;2;1;1;A01
2,016E+11;;7;0;0;2;2;19;B02
2,016E+11;0;33;0;3;0;1;1;A01
2,016E+11;0;33;0;0;0;3;17;A01
2,016E+11;0;33;0;0;0;8;1;B02
2,016E+11;0;10;0;0;0;3;5;A01
2,016E+11;1;7;0;2;0;1;2;A01
2,016E+11;0;7;0;8;0;3;1;A01
2,016E+11;0;33;0;0;0;0;5;A01
2,016E+11;0;7;0;8;0;3;0;A01
2,016E+11;0;31;0;0;2;8;1;B02
2,016E+11;0;7;0;0;2;3;15;A01
2,016E+11;0;7;0;0;1;1;0;A01
2,016E+11;2;7;0;0;2;1;11;A01
2,016E+11;1;7;0;0;2;1;5;B02
2,016E+11;2;7;0;0;0;9;0;C03
2,016E+11;2;7;0;2;9;1;21;A01
2,016E+11;1;7;0;10;0;1;1;A01