Num_Acc;senc;catv;occutc;obs;obsm;choc;manv;num_veh
2,016E+11;1;31;0;0;2;1;1;A01
2,016E+11;2;7;0;0;2;7;15;B02
2,016E+11;1;7;0;0;9;4;1;C03
2,016E+11;2;7;0;0;2;1;1;A01
2,016E+11;1;7;0;0;2;1;1;B02
2,016E+11;1;10;0;0;2;2;1;A01
2,016E+11;1;33;0;0;2;4;1;B02
2,016E+11;0;7;0;14;0;1;1;A01
2,016E+11;0;7;0;0;2;1;1;B02
2,016E+11;2;7;0;13;0;1;1;A01
2,016E+11;1;7;0;0;2;2;17;A01
2,016E+11;1;7;0;0;0;6;13;B02
2,016E+11;1;14;0;0;2;4;1;A01
2,016E+11;1;14;0;0;2;1;2;B02
2,016E+11;2;7;0;0;2;1;17;A01
2,016E+11;2;7;0;0;2;9;11;B02
2,016E+11;1;34;0;0;0;4;2;A01
2,016E+11;1;34;0;0;2;1;2;B02
2,016E+11;1;7;0;0;2;7;15;A01
2,016E+11;2;32;0;0;2;1;0;B02
2,016E+11;2;7;0;0;1;3;21;A01
2,016E+11;1;7;0;0;0;8;15;A01
2,016E+11;1;31;0;0;2;7;17;B02
2,016E+11;1;7;0;0;2;1;5;A01
2,016E+11;2;7;0;0;2;1;1;B02
2,016E+11;1;34;0;0;2;8;13;A01
2,016E+11;2;7;0;0;2;8;1;B02
2,016E+11;2;7;0;0;2;7;9;A01
2,016E+11;2;34;0;0;2;1;1;B02
2,016E+11;2;7;0;0;2;1;15;A01
2,016E+11;1;7;0;0;2;1;1;B02
2,016E+11;2;7;0;0;2;2;13;A01
2,016E+11;1;7;0;0;2;3;1;B02
2,016E+11;2;1;0;0;0;4;2;A01
2,016E+11;2;10;0;0;2;2;1;B02
2,016E+11;1;33;0;6;0;2;1;A01
2,016E+11;2;7;0;13;0;1;1;A01
2,016E+11;0;1;0;6;0;1;1;A01
2,016E+11;0;33;0;0;0;3;0;A01
2,016E+11;0;7;0;0;0;0;1;B02
2,016E+11;1;7;0;0;0;8;10;A01
2,016E+11;1;33;0;0;0;1;1;B02
2,016E+11;2;31;0;16;2;8;15;A01
2,016E+11;2;31;0;0;2;2;17;B02
2,016E+11;1;7;0;0;2;1;13;A01
2,016E+11;2;7;0;0;2;1;1;B02
2,016E+11;2;33;0;0;2;1;13;A01
2,016E+11;1;10;0;0;2;1;1;B02
2,016E+11;1;7;0;0;2;2;16;A01
2,016E+11;2;7;0;0;2;3;1;B02
2,016E+11;1;7;0;0;2;1;1;A01
2,016E+11;2;7;0;0;0;8;1;B02
2,016E+11;2;7;0;0;2;7;15;C03
2,016E+11;1;3;0;0;0;9;1;A01
2,016E+11;1;2;0;0;2;1;17;A01
2,016E+11;1;7;0;0;2;3;19;B02
2,016E+11;1;7;0;0;2;4;2;A01
2,016E+11;1;7;0;0;2;1;2;B02
2,016E+11;2;7;0;0;0;4;16;A01
2,016E+11;2;7;0;0;2;1;1;B02
2,016E+11;2;7;0;0;2;3;9;A01
2,016E+11;2;32;0;0;2;2;1;B01
2,016E+11;2;7;0;0;2;3;15;A01
2,016E+11;1;1;0;0;2;1;1;B01
2,016E+11;1;7;0;2;0;1;6;A01
2,016E+11;1;7;0;0;2;7;15;A01
2,016E+11;1;33;0;0;2;2;1;B02
2,016E+11;2;15;0;0;0;0;5;A01
2,016E+11;1;7;0;0;9;3;0;B02
2,016E+11;1;7;0;0;2;1;2;A01
2,016E+11;1;33;0;0;2;4;2;B02
2,016E+11;2;7;0;0;2;8;1;C03
2,016E+11;1;7;0;6;0;3;13;A01
2,016E+11;1;7;0;0;2;6;17;A01
2,016E+11;1;33;0;0;2;7;2;B02
2,016E+11;2;7;0;0;0;0;10;A01
2,016E+11;1;7;0;0;2;2;21;B02
2,016E+11;2;7;0;0;5;1;1;A01
2,016E+11;1;10;0;13;0;1;13;A01
2,016E+11;1;7;0;0;2;1;1;B02
2,016E+11;1;7;0;0;2;3;9;A01
2,016E+11;0;7;0;0;2;2;19;A01
2,016E+11;0;7;0;0;2;3;1;B02
2,016E+11;0;7;0;0;1;3;17;A01
2,016E+11;2;7;0;0;1;1;1;A01
2,016E+11;0;7;0;13;0;2;1;A01
2,016E+11;2;10;0;0;2;5;12;A01
2,016E+11;2;33;0;0;2;3;18;B02
2,016E+11;2;10;0;0;2;3;1;A01
2,016E+11;1;10;0;0;0;0;1;B02
2,016E+11;1;7;0;0;2;3;1;A01
2,016E+11;1;1;0;0;2;1;0;B02
2,016E+11;1;7;0;0;2;2;1;A01
2,016E+11;0;7;0;0;2;3;15;B02
2,016E+11;1;30;0;8;0;1;17;A01
2,016E+11;1;30;0;0;0;0;17;B02
2,016E+11;1;7;0;0;0;0;15;C03
2,016E+11;1;7;0;0;0;6;12;A01
2,016E+11;1;7;0;0;2;3;2;B02
2,016E+11;1;7;0;0;2;1;13;A01
2,016E+11;2;7;0;0;2;1;2;B02
2,016E+11;1;7;0;0;2;8;21;C03
2,016E+11;2;7;0;0;0;3;13;A01
2,016E+11;1;7;0;0;2;3;1;B02
2,016E+11;0;33;0;15;0;7;1;A01
2,016E+11;1;7;0;0;2;3;1;A01
2,016E+11;1;30;0;0;2;2;9;B02
2,016E+11;1;7;0;0;2;1;1;A01
2,016E+11;2;7;0;0;2;1;1;B02
2,016E+11;1;7;0;0;0;9;1;A01
2,016E+11;0;33;0;0;0;0;21;A01
2,016E+11;1;7;0;0;0;9;1;A01
2,016E+11;2;33;0;16;2;0;1;A01
2,016E+11;1;7;0;0;2;1;1;B02
2,016E+11;2;10;0;0;2;3;1;A01
2,016E+11;2;7;0;0;2;3;13;B02
2,016E+11;0;1;0;0;2;1;1;A01
2,016E+11;0;7;0;0;9;3;23;B02
2,016E+11;1;33;0;0;2;3;21;A01
2,016E+11;2;7;0;0;2;3;9;B02
2,016E+11;0;33;0;12;0;8;1;A01
2,016E+11;2;10;0;0;2;7;15;A01
2,016E+11;1;33;0;0;2;3;1;B02
2,016E+11;2;7;0;0;2;8;19;A01
2,016E+11;1;33;0;0;2;1;1;B02
2,016E+11;1;33;0;0;2;1;5;B02
2,016E+11;2;7;0;0;2;8;13;A01
2,016E+11;1;33;0;6;0;1;14;A01
2,016E+11;2;31;0;16;0;1;13;A01
2,016E+11;2;1;0;0;0;0;1;A01
2,016E+11;0;10;0;13;0;1;13;A01
2,016E+11;2;33;0;0;2;7;13;A01
2,016E+11;1;7;0;0;2;1;1;B02
2,016E+11;1;33;0;0;2;3;1;A01
2,016E+11;2;33;0;0;2;3;1;B02
2,016E+11;2;7;0;0;2;7;17;A01
2,016E+11;1;2;0;0;0;8;1;B02
2,016E+11;1;33;0;1;0;1;0;A01
2,016E+11;2;33;0;0;2;2;17;B02
2,016E+11;2;7;0;0;2;6;17;A01
2,016E+11;1;10;0;0;2;3;5;A01
2,016E+11;2;1;0;0;2;3;5;B02
2,016E+11;1;33;0;13;0;8;1;A01
2,016E+11;2;7;0;0;0;3;1;B02
2,016E+11;1;31;0;0;2;1;13;A01
2,016E+11;2;7;0;0;2;3;9;A01
2,016E+11;1;30;0;0;2;7;17;B02
2,016E+11;0;7;0;0;1;4;4;A01
2,016E+11;2;10;0;0;2;8;1;A01
2,016E+11;1;1;0;0;2;3;1;B02
2,016E+11;0;7;0;0;1;3;1;A01
2,016E+11;0;7;0;0;2;3;0;B02
2,016E+11;2;7;0;0;2;3;13;A01
2,016E+11;2;7;0;0;5;1;1;A01
2,016E+11;1;33;0;0;1;1;1;A01
2,016E+11;1;7;0;0;2;2;1;A01
2,016E+11;2;7;0;0;2;2;1;B02
2,016E+11;1;10;0;0;2;1;1;A01
2,016E+11;1;7;0;0;2;9;15;B02
2,016E+11;2;33;0;0;2;1;1;C03
2,016E+11;1;33;0;4;0;2;1;A01
2,016E+11;1;7;0;0;2;2;9;A01
2,016E+11;1;31;0;0;2;1;1;B02
2,016E+11;0;33;0;0;9;1;1;A01
2,016E+11;0;7;0;0;1;2;1;A01
2,016E+11;1;34;0;6;0;8;1;A01
2,016E+11;2;10;0;0;2;7;13;A01
2,016E+11;1;14;0;0;2;1;1;B02
2,016E+11;0;7;0;0;2;1;1;B02
2,016E+11;0;30;0;0;2;1;1;A01
2,016E+11;2;10;0;0;2;3;1;A01
2,016E+11;1;7;0;0;2;3;1;B02
2,016E+11;0;7;0;0;2;3;15;A01
2,016E+11;0;2;0;0;2;1;1;B02
2,016E+11;0;7;0;0;2;3;1;B02
2,016E+11;0;7;0;0;2;3;13;A01
2,016E+11;0;7;0;10;0;1;1;A01
2,016E+11;1;7;0;0;0;9;1;A01
2,016E+11;0;10;0;0;2;3;9;A01
2,016E+11;2;7;0;0;2;2;1;B02
2,016E+11;2;7;0;10;0;1;2;A01
2,016E+11;1;7;0;0;2;3;13;A01
2,016E+11;2;7;0;0;2;3;1;B02
2,016E+11;1;34;0;0;6;1;1;A01
2,016E+11;2;7;0;0;2;1;1;C03
2,016E+11;1;33;0;0;2;1;13;A01
2,016E+11;1;7;0;0;2;3;1;B02
2,016E+11;1;7;0;0;2;8;15;A01
2,016E+11;2;33;0;0;2;1;1;B02
2,016E+11;2;7;0;0;0;9;21;A01
2,016E+11;2;7;0;0;2;2;15;A01
2,016E+11;0;7;0;0;2;7;1;B02
2,016E+11;0;7;0;0;2;1;1;A01
2,016E+11;0;7;0;0;2;4;1;B02
2,016E+11;1;33;0;0;5;8;1;A01
2,016E+11;2;33;0;0;2;7;17;A01
2,016E+11;2;14;0;0;2;8;1;B02
2,016E+11;0;36;0;9;0;1;1;A01
2,016E+11;2;7;0;0;2;3;13;A01
2,016E+11;1;7;0;0;2;3;1;A02
2,016E+11;0;7;0;0;1;3;15;A01
2,016E+11;1;7;0;16;0;9;21;A01
2,016E+11;2;10;0;0;0;0;1;A01
2,016E+11;0;7;0;13;0;1;1;A01
2,016E+11;1;7;0;6;0;3;1;A01
2,016E+11;0;33;0;0;2;3;1;A01
2,016E+11;0;7;0;0;0;3;1;B02
2,016E+11;0;7;0;13;0;1;1;A01
2,016E+11;2;7;0;0;2;3;1;A01
2,016E+11;1;7;0;0;2;3;1;B02
2,016E+11;0;7;0;13;0;1;13;A01
2,016E+11;2;15;0;13;0;3;1;A01
2,016E+11;2;10;0;2;0;1;1;A01
2,016E+11;2;7;0;8;0;9;19;A01
2,016E+11;2;10;0;0;0;3;1;A01
2,016E+11;1;10;0;0;0;3;1;B02
2,016E+11;0;36;0;0;1;2;1;A01
2,016E+11;2;7;0;0;2;3;13;A01
2,016E+11;1;30;0;0;2;3;1;B02
2,016E+11;0;1;0;0;0;0;0;A01
2,016E+11;0;31;0;0;0;8;1;A01
2,016E+11;1;7;0;0;2;1;1;A01
2,016E+11;1;7;0;0;2;4;1;C03
2,016E+11;1;7;0;0;2;9;1;B02
2,016E+11;2;7;0;0;2;2;1;A01
2,016E+11;0;7;0;0;2;3;19;B02
2,016E+11;2;7;0;0;2;1;1;A01
2,016E+11;2;7;0;0;2;4;1;B02
2,016E+11;0;7;0;0;2;5;15;A01
2,016E+11;0;7;0;0;2;1;1;B02
2,016E+11;0;7;0;0;2;1;17;A01
2,016E+11;0;7;0;0;0;4;15;B02
2,016E+11;2;7;0;6;0;1;0;A01
2,016E+11;1;33;0;0;2;3;1;A01
2,016E+11;2;7;0;0;2;8;1;B02
2,016E+11;1;7;0;0;0;3;1;B02
2,016E+11;2;10;0;0;0;2;15;A01
2,016E+11;1;10;0;0;2;2;15;B02
2,016E+11;2;33;0;0;2;7;1;A01
2,016E+11;2;7;0;0;2;1;17;A01
2,016E+11;2;7;0;0;0;8;15;B02
2,016E+11;2;10;0;2;2;7;1;B02
2,016E+11;0;7;0;0;2;1;19;A01
2,016E+11;0;99;0;10;0;1;1;A01
2,016E+11;1;7;0;6;0;1;14;A01
2,016E+11;1;7;0;8;0;1;14;A01
2,016E+11;1;33;0;0;2;7;21;A01
2,016E+11;0;7;0;0;2;2;19;B02
2,016E+11;1;32;0;0;2;8;17;A01
2,016E+11;2;7;0;0;2;3;9;B02
2,016E+11;1;33;0;0;2;8;1;A01
2,016E+11;2;14;0;0;2;1;1;B02
2,016E+11;2;7;0;0;9;2;15;A01
2,016E+11;1;1;0;0;2;1;1;B02
2,016E+11;1;7;0;16;0;1;17;A01
2,016E+11;2;7;0;0;2;1;2;A01
2,016E+11;2;7;0;0;2;4;2;B02
2,016E+11;0;7;0;0;2;3;15;A01
2,016E+11;0;32;0;0;2;1;1;B02
2,016E+11;2;7;0;13;0;2;1;A01
2,016E+11;0;33;0;0;0;1;0;A01
2,016E+11;2;7;0;0;2;1;2;C03
2,016E+11;2;10;0;0;2;1;2;B02
2,016E+11;2;7;0;0;0;4;1;A01
2,016E+11;1;7;0;0;0;1;1;A01
2,016E+11;2;7;0;0;1;7;1;A01
2,016E+11;1;7;0;0;1;1;9;A01
2,016E+11;1;10;0;0;2;1;1;A01
2,016E+11;2;2;0;0;2;3;9;B01
2,016E+11;1;7;0;0;;3;1;B01
2,016E+11;2;7;0;0;2;3;13;A01
2,016E+11;1;31;0;0;2;2;1;B01
2,016E+11;2;7;0;0;;2;15;A01
2,016E+11;1;7;0;5;2;2;14;A01
2,016E+11;1;33;0;0;2;0;2;B01
2,016E+11;2;7;0;0;1;8;1;A01
2,016E+11;2;7;0;16;0;1;14;A01
2,016E+11;2;7;0;0;1;1;1;A01
2,016E+11;1;7;0;0;1;2;1;A01
2,016E+11;2;7;0;0;2;1;2;A01
2,016E+11;2;7;0;0;2;4;1;B01
2,016E+11;1;7;0;0;2;8;0;A01
2,016E+11;2;7;0;0;;8;1;B01
2,016E+11;2;7;0;0;1;2;15;A01
2,016E+11;2;7;0;0;2;4;2;B01
2,016E+11;2;7;0;0;2;1;2;A01
2,016E+11;1;7;0;0;2;2;15;A01
2,016E+11;2;7;0;9;2;1;1;B01
2,016E+11;2;7;0;0;2;2;1;C01
2,016E+11;2;7;0;0;2;8;1;B01
2,016E+11;1;7;0;0;2;8;13;A01
2,016E+11;2;7;0;0;2;1;1;A01
2,016E+11;1;32;0;0;;1;1;B01
2,016E+11;2;7;0;0;2;3;1;A01
2,016E+11;2;1;0;0;0;7;1;B01
2,016E+11;1;7;0;0;1;2;1;A01
2,016E+11;1;7;0;9;0;1;15;A01
2,016E+11;2;7;0;0;2;2;1;B01
2,016E+11;1;7;0;0;2;3;13;A01
2,016E+11;1;7;0;0;2;0;0;A01
2,016E+11;1;7;0;0;2;4;23;B01
2,016E+11;1;7;0;0;2;0;0;C01
2,016E+11;2;7;0;0;2;1;13;A01
2,016E+11;1;7;0;0;2;1;1;B01
2,016E+11;1;7;0;0;1;1;1;A01
2,016E+11;2;7;0;0;2;1;13;A01
2,016E+11;1;7;0;0;;3;1;B01
2,016E+11;1;7;0;0;2;3;13;A01
2,016E+11;2;33;0;0;;8;21;B01
2,016E+11;1;2;0;1;;8;1;B01
2,016E+11;1;7;0;0;2;2;12;A01
2,016E+11;1;7;0;0;2;8;19;A01
2,016E+11;2;1;0;0;;8;1;B01
2,016E+11;1;7;0;0;2;5;15;A01
2,016E+11;2;32;0;0;;8;1;B01
2,016E+11;2;7;0;0;2;1;1;Z01
2,016E+11;1;7;0;0;;5;1;A01
2,016E+11;2;7;0;0;2;1;9;A01
2,016E+11;1;33;0;0;2;7;1;B01
2,016E+11;2;33;0;0;2;7;12;A01
2,016E+11;2;7;0;0;;8;1;B01
2,016E+11;1;7;0;0;2;7;16;A01
2,016E+11;1;1;0;0;2;8;1;B01
2,016E+11;2;7;0;0;;6;15;B01
2,016E+11;1;7;0;0;2;3;1;A01
2,016E+11;2;10;0;0;2;8;15;A01
2,016E+11;1;33;0;0;2;2;1;B01
2,016E+11;1;7;0;1;2;6;9;A01
2,016E+11;1;7;0;0;2;2;1;B01
2,016E+11;1;2;0;0;;8;9;A01
2,016E+11;1;7;0;0;2;2;1;B01
2,016E+11;2;7;0;0;2;1;2;A01
2,016E+11;2;7;0;0;;4;23;B01
2,016E+11;2;3;0;0;1;1;1;A01
2,016E+11;2;7;0;0;2;1;1;A01
2,016E+11;2;7;0;0;2;4;2;C01
2,016E+11;2;7;0;0;2;9;2;B02
2,016E+11;1;7;0;4;0;2;14;A01
2,016E+11;2;7;0;3;0;2;0;A01
2,016E+11;2;7;0;1;0;2;14;A01
2,016E+11;2;10;0;0;0;4;23;B02
2,016E+11;1;7;0;0;2;5;15;A01
2,016E+11;2;34;0;0;2;7;21;B02
2,016E+11;2;7;0;3;0;3;1;A01
2,016E+11;2;7;0;1;0;8;1;A01
2,016E+11;0;7;0;0;0;4;0;B02
2,016E+11;1;10;0;9;0;1;1;A01
2,016E+11;2;7;0;0;2;7;15;A01
2,016E+11;2;33;0;0;2;1;17;B02
2,016E+11;0;1;0;0;2;1;1;B01
2,016E+11;0;31;0;0;2;1;13;A01
2,016E+11;0;7;0;13;0;3;1;A01
2,016E+11;1;7;0;0;2;1;2;A01
2,016E+11;1;7;0;0;2;4;23;B02
2,016E+11;1;7;0;16;2;4;23;C03
2,016E+11;1;38;0;0;1;2;1;A01
2,016E+11;1;7;0;0;1;1;1;A01
2,016E+11;1;7;0;0;2;3;13;A01
2,016E+11;2;10;0;0;2;3;1;B02
2,016E+11;2;33;0;0;0;2;0;A01
2,016E+11;1;33;0;0;0;1;0;A01
2,016E+11;2;7;0;0;2;9;19;B02
2,016E+11;1;10;0;0;2;1;0;A01
2,016E+11;0;33;0;0;0;0;0;A01
2,016E+11;1;33;0;0;2;1;1;A01
2,016E+11;1;7;0;0;2;3;9;B02
2,016E+11;2;7;0;0;2;0;1;C03
2,016E+11;2;7;0;0;2;1;1;B02
2,016E+11;1;7;0;0;2;3;13;A01
2,016E+11;1;30;0;2;0;1;1;A01
2,016E+11;1;7;0;3;0;2;1;A01
2,016E+11;2;33;0;0;2;1;1;A01
2,016E+11;1;10;0;0;2;8;15;B02
2,016E+11;2;33;0;0;2;1;17;A01
2,016E+11;2;7;0;0;2;3;10;B02
2,016E+11;0;14;0;0;1;0;0;B01
2,016E+11;1;7;0;0;1;2;1;A01
2,016E+11;1;7;0;2;0;8;14;A01
2,016E+11;1;7;0;0;2;1;17;A01
2,016E+11;0;7;0;0;2;1;16;B02
2,016E+11;1;7;0;0;1;2;1;A01
2,016E+11;0;1;0;8;0;0;1;A01
2,016E+11;2;7;0;0;2;8;1;B02
2,016E+11;1;7;0;0;2;3;17;A01
2,016E+11;0;31;0;0;2;9;1;A01
2,016E+11;0;14;0;0;2;1;1;B02
2,016E+11;0;7;0;8;0;1;21;A01
2,016E+11;0;7;0;2;0;3;0;A01
2,016E+11;1;7;0;15;0;1;14;A01
2,016E+11;2;7;0;2;0;8;1;A01
2,016E+11;1;7;0;0;2;2;13;A01
2,016E+11;2;7;0;0;2;1;1;B02
2,016E+11;1;33;0;2;0;1;1;A01
2,016E+11;0;7;0;0;0;3;19;B02
2,016E+11;1;33;0;0;2;1;1;A01
2,016E+11;1;7;0;0;2;3;1;B02
2,016E+11;2;7;0;0;2;3;13;A01
2,016E+11;1;7;0;2;0;7;1;A01
2,016E+11;1;33;0;0;2;1;17;B02
2,016E+11;1;33;0;0;0;4;15;A01
2,016E+11;2;7;0;2;0;3;15;A01
2,016E+11;1;7;0;2;6;3;1;A01
2,016E+11;1;30;0;14;2;8;1;A01
2,016E+11;2;7;0;14;2;8;6;B02
2,016E+11;1;2;0;0;0;8;0;A01
2,016E+11;0;7;0;0;0;1;1;A01
2,016E+11;0;7;0;0;0;1;1;A01
2,016E+11;0;7;0;0;0;1;1;A01
2,016E+11;0;7;0;2;0;1;1;A01
2,016E+11;0;7;0;15;0;1;0;A01
2,016E+11;0;7;0;0;2;1;13;A01
2,016E+11;0;14;0;0;2;1;1;B02
2,016E+11;0;7;0;0;0;1;1;A01
2,016E+11;0;7;0;0;1;1;15;A01
2,016E+11;0;10;0;0;2;7;13;A01
2,016E+11;0;1;0;0;2;1;1;B02
2,016E+11;1;10;0;0;2;3;1;B02
2,016E+11;2;33;0;0;2;1;17;A01
2,016E+11;1;7;0;0;2;3;1;B02
2,016E+11;2;33;0;0;2;1;13;A01
2,016E+11;2;33;0;0;0;1;5;A01
2,016E+11;0;7;0;0;0;1;5;B02
2,016E+11;0;14;0;0;1;7;16;A01
2,016E+11;2;7;0;0;1;7;0;A01
2,016E+11;0;7;0;14;0;3;2;A01
2,016E+11;0;7;0;0;2;3;13;B02
2,016E+11;1;2;0;0;2;1;1;A01
2,016E+11;1;7;0;13;0;9;13;A01
2,016E+11;2;7;0;5;0;3;1;A01
2,016E+11;1;7;0;0;2;1;1;B02
2,016E+11;2;7;0;0;2;7;15;A01
2,016E+11;1;7;0;15;0;3;10;B02
2,016E+11;1;7;0;15;0;3;10;A01
2,016E+11;0;7;0;0;0;4;4;A01
2,016E+11;0;7;0;0;0;7;23;B01
2,016E+11;0;7;0;0;2;1;2;A01
2,016E+11;0;1;0;0;0;4;2;B01
2,016E+11;0;7;0;2;0;5;1;A01
2,016E+11;0;7;0;0;1;3;0;A01
2,016E+11;1;7;0;0;0;0;14;A01
2,016E+11;0;1;0;3;0;2;2;A01
2,016E+11;0;7;0;2;0;7;1;A01
2,016E+11;0;7;0;0;0;2;0;A01
2,016E+11;0;33;0;0;2;8;8;B02
2,016E+11;0;7;0;0;2;9;8;A01
2,016E+11;0;7;0;0;2;1;1;B02
2,016E+11;0;7;0;0;2;1;5;A01
2,016E+11;0;7;0;0;6;0;0;A01
2,016E+11;0;2;0;1;2;2;17;A01
2,016E+11;0;7;0;0;2;3;15;B02
2,016E+11;1;1;0;0;0;2;0;A01
2,016E+11;0;7;0;0;1;2;0;A01
2,016E+11;1;7;0;0;2;2;1;B02
2,016E+11;0;7;0;0;2;8;15;A01
2,016E+11;0;33;0;0;1;2;21;A01
2,016E+11;0;33;0;0;0;0;0;A01
2,016E+11;0;7;0;0;2;7;15;B02
2,016E+11;0;7;0;0;2;1;1;A01
2,016E+11;2;33;0;1;0;7;0;A01
2,016E+11;1;7;0;0;0;9;21;A01
2,016E+11;1;33;0;0;2;8;2;A01
2,016E+11;1;7;0;0;2;8;15;B02
2,016E+11;2;37;5;7;0;2;1;A01
2,016E+11;0;10;0;0;1;3;1;A01
2,016E+11;0;33;0;0;2;3;1;B02
2,016E+11;0;7;0;0;2;2;19;A01
2,016E+11;0;7;0;0;2;7;15;B02
2,016E+11;0;7;0;0;2;1;1;A01
2,016E+11;0;33;0;0;2;1;1;A01
2,016E+11;0;14;0;0;2;1;1;B02
2,016E+11;0;7;0;0;1;2;1;A01
2,016E+11;1;7;0;2;0;9;21;A01
2,016E+11;2;7;0;0;2;3;1;A01
2,016E+11;1;7;0;0;2;3;13;B02
2,016E+11;2;33;0;0;0;0;21;A01
2,016E+11;1;7;0;0;2;8;15;A01
2,016E+11;1;33;0;0;2;1;17;B02
2,016E+11;2;14;0;0;0;2;1;A01
2,016E+11;1;10;0;0;2;4;1;B02
2,016E+11;2;15;0;0;2;1;1;C03
2,016E+11;2;7;0;0;2;4;15;A01
2,016E+11;0;14;0;0;0;7;12;A01
2,016E+11;1;33;0;0;0;0;1;A01
2,016E+11;0;7;0;0;1;3;1;A01
2,016E+11;0;7;0;0;2;1;1;B02
2,016E+11;0;7;0;0;2;1;13;A01
2,016E+11;1;7;0;0;2;1;1;A01
2,016E+11;1;7;0;0;2;8;1;C03
2,016E+11;1;10;0;0;2;4;2;B02
2,016E+11;0;7;0;0;2;1;5;A01
2,016E+11;0;33;0;0;2;1;13;B02
2,016E+11;0;1;0;0;2;4;19;B02
2,016E+11;0;7;0;0;2;1;13;A01
2,016E+11;0;7;0;0;2;9;1;C03
2,016E+11;0;7;0;0;2;9;1;B02
2,016E+11;0;7;0;0;2;3;13;A01
2,016E+11;1;15;0;0;1;2;1;A01
2,016E+11;1;7;0;0;2;2;11;A01
2,016E+11;0;7;0;8;2;3;1;B02
2,016E+11;0;7;0;0;1;1;1;A01
2,016E+11;0;7;0;0;2;3;1;A01
2,016E+11;0;7;0;0;2;3;1;B02
2,016E+11;0;7;0;16;0;0;1;A01
2,016E+11;0;33;0;0;0;0;9;A01
2,016E+11;0;7;0;8;0;1;17;A01
2,016E+11;1;7;0;12;2;7;19;A01
2,016E+11;2;7;0;0;2;1;1;B02
2,016E+11;1;33;0;12;0;8;1;A01
2,016E+11;2;7;0;0;2;8;1;B02
2,016E+11;2;33;0;0;2;1;1;A01
2,016E+11;0;7;0;0;1;1;16;A01
2,016E+11;2;7;0;13;0;2;1;A01
2,016E+11;0;7;0;0;2;1;1;A01
2,016E+11;0;7;0;0;2;1;0;B02
2,016E+11;2;7;0;0;2;4;1;B02
2,016E+11;2;7;0;0;2;1;1;A01
2,016E+11;2;7;0;2;0;9;13;A01
2,016E+11;2;7;0;13;0;2;1;A01
2,016E+11;0;7;0;0;2;3;1;A01
2,016E+11;0;7;0;8;2;1;15;B02
2,016E+11;1;15;0;0;2;1;2;B02
2,016E+11;1;15;0;0;2;6;1;A01
2,016E+11;1;10;0;0;2;2;17;A01
2,016E+11;2;10;0;0;2;2;0;B02
2,016E+11;0;2;0;0;2;1;1;B02
2,016E+11;0;7;0;0;2;7;19;A01
2,016E+11;1;7;0;4;0;0;1;A01
2,016E+11;2;7;0;0;2;2;1;B02
2,016E+11;1;7;0;0;2;2;1;A01
2,016E+11;0;7;0;6;0;1;5;A01
2,016E+11;2;2;0;0;2;4;1;B02
2,016E+11;2;7;0;0;2;1;1;A01
2,016E+11;2;7;0;0;2;2;19;A01
2,016E+11;2;7;0;0;2;1;1;B02
2,016E+11;1;7;0;0;2;3;1;B02
2,016E+11;2;7;0;0;2;6;1;C03
2,016E+11;2;7;0;0;2;3;5;A01
2,016E+11;2;7;0;13;0;3;1;A01
2,016E+11;0;7;0;0;2;7;15;B02
2,016E+11;0;34;0;0;2;1;1;A01
2,016E+11;0;2;0;0;2;1;1;B02
2,016E+11;0;7;0;0;2;2;15;A01
2,016E+11;0;2;0;8;0;1;21;A01
2,016E+11;0;7;0;11;2;1;5;A01
2,016E+11;0;7;0;0;2;1;1;B02
2,016E+11;1;7;0;0;2;1;2;B02
2,016E+11;1;7;0;0;2;6;1;A01
2,016E+11;2;15;0;14;0;0;21;A01
2,016E+11;0;33;0;0;2;1;3;A01
2,016E+11;0;14;0;0;2;4;12;B02
2,016E+11;0;7;0;0;2;1;1;A01
2,016E+11;0;7;0;0;2;4;2;B02
2,016E+11;1;7;0;0;2;2;15;A01
2,016E+11;1;31;0;0;2;1;21;B02
2,016E+11;1;2;0;3;0;2;1;A01
2,016E+11;1;10;0;0;2;3;13;A01
2,016E+11;2;14;0;0;2;3;1;B02
2,016E+11;2;7;0;14;2;4;23;A01
2,016E+11;2;7;0;1;0;1;1;B02
2,016E+11;1;7;0;0;2;3;1;B02
2,016E+11;1;7;0;0;2;1;5;Z03
2,016E+11;2;7;0;0;2;1;1;A01
2,016E+11;0;7;0;0;1;3;1;A01
2,016E+11;1;7;0;0;2;2;15;B02
2,016E+11;2;7;0;0;2;1;1;A01
2,016E+11;2;7;0;0;2;8;1;A01
2,016E+11;1;7;0;0;2;1;1;B02
2,016E+11;2;7;0;0;2;7;1;A01
2,016E+11;1;7;0;0;2;1;1;B02
2,016E+11;2;7;0;0;2;1;17;B02
2,016E+11;2;1;0;12;2;1;1;A01
2,016E+11;2;7;0;0;2;1;1;A01
2,016E+11;1;7;0;0;2;1;1;B02
2,016E+11;2;7;0;0;2;1;1;A01
2,016E+11;1;7;0;0;2;8;15;B02
2,016E+11;0;38;1;12;2;3;2;B02
2,016E+11;0;7;0;12;2;3;1;A01