Num_Acc;senc;catv;occutc;obs;obsm;choc;manv;num_veh
2,016E+11;2;7;0;0;2;1;1;C03
2,016E+11;2;10;0;0;2;3;1;B02
2,016E+11;1;7;0;0;2;3;13;A01
2,016E+11;1;31;0;0;2;1;1;B02
2,016E+11;2;7;0;0;2;3;17;A01
2,016E+11;2;7;0;16;0;0;1;A01
2,016E+11;2;7;0;0;2;2;2;B02
2,016E+11;2;2;0;0;2;4;1;A01
2,016E+11;0;2;0;0;2;4;2;B02
2,016E+11;0;7;0;0;2;2;1;A01
2,016E+11;2;7;0;0;2;1;0;Z02
2,016E+11;2;7;0;0;2;1;1;A01
2,016E+11;0;7;0;0;2;1;9;A01
2,016E+11;0;7;0;0;2;8;1;B02
2,016E+11;1;33;0;0;2;1;18;B02
2,016E+11;1;10;0;0;2;2;12;A01
2,016E+11;2;10;0;0;1;1;1;A01
2,016E+11;1;33;0;0;2;7;1;A01
2,016E+11;1;7;0;0;2;6;2;B02
2,016E+11;1;33;0;0;2;1;1;A01
2,016E+11;1;7;0;0;2;4;2;B02
2,016E+11;0;7;0;0;2;1;1;A01
2,016E+11;0;7;0;0;2;8;15;B02
2,016E+11;2;7;0;0;2;6;2;B02
2,016E+11;2;33;0;0;2;1;1;A01
2,016E+11;0;7;0;0;2;3;1;A01
2,016E+11;0;1;0;0;2;5;14;B02
2,016E+11;1;7;0;0;2;1;13;A01
2,016E+11;2;7;0;0;2;8;21;B02
2,016E+11;0;33;0;0;2;1;1;A01
2,016E+11;0;7;0;0;2;1;1;B02
2,016E+11;0;7;0;0;2;3;1;A01
2,016E+11;0;7;0;0;2;3;1;B02
2,016E+11;0;7;0;0;2;1;8;A01
2,016E+11;0;7;0;0;2;8;16;B02
2,016E+11;0;2;0;0;0;0;0;A01
2,016E+11;0;1;0;0;0;1;1;A01
2,016E+11;0;7;0;0;2;1;1;C03
2,016E+11;0;7;0;0;2;4;23;B02
2,016E+11;0;7;0;0;2;4;23;A01
2,016E+11;0;7;0;0;2;1;0;B02
2,016E+11;0;7;0;0;2;3;1;A01
2,016E+11;0;7;0;0;2;1;1;B02
2,016E+11;0;7;0;0;2;1;1;A01
2,016E+11;0;30;0;0;0;7;9;A01
2,016E+11;2;7;0;3;2;3;1;B02
2,016E+11;1;7;0;3;2;2;1;A01
2,016E+11;2;7;0;0;2;2;1;E05
2,016E+11;2;7;0;0;2;5;2;C03
2,016E+11;1;7;0;0;2;3;13;A01
2,016E+11;2;7;0;0;2;5;2;D04
2,016E+11;2;7;0;0;2;3;1;B02
2,016E+11;1;7;0;0;2;1;13;A01
2,016E+11;2;10;0;0;2;3;21;B02
2,016E+11;2;7;0;0;2;1;21;C03
2,016E+11;1;31;0;16;0;8;14;A01
2,016E+11;2;7;0;0;2;1;1;B02
2,016E+11;2;7;0;0;2;6;1;C03
2,016E+11;1;7;0;0;2;1;13;A01
2,016E+11;1;7;0;0;2;1;1;A01
2,016E+11;2;7;0;0;2;1;15;B02
2,016E+11;1;1;0;0;2;1;13;B02
2,016E+11;2;10;0;0;2;2;23;A01
2,016E+11;1;7;0;16;0;9;1;A01
2,016E+11;1;7;0;0;2;1;13;A01
2,016E+11;2;7;0;0;2;1;1;B02
2,016E+11;1;7;0;13;0;1;12;A01
2,016E+11;1;7;0;0;2;1;13;A01
2,016E+11;2;7;0;0;2;8;21;C03
2,016E+11;2;7;0;0;2;1;1;B02
2,016E+11;1;14;0;2;0;2;14;A01
2,016E+11;2;7;0;2;2;9;17;A01
2,016E+11;2;7;0;0;2;2;17;B02
2,016E+11;2;7;0;0;2;6;1;C03
2,016E+11;2;7;0;0;2;1;13;A01
2,016E+11;1;10;0;0;2;3;21;B02
2,016E+11;2;7;0;3;0;2;13;A01
2,016E+11;1;7;0;2;0;7;13;A01
2,016E+11;1;10;0;0;2;2;1;A01
2,016E+11;0;7;0;0;2;8;16;B02
2,016E+11;2;7;0;0;1;2;1;A01
2,016E+11;0;7;0;0;2;3;13;B02
2,016E+11;0;30;0;0;2;8;1;A01
2,016E+11;2;7;0;0;2;7;17;B02
2,016E+11;2;1;0;0;2;8;1;A01
2,016E+11;2;10;0;0;2;1;15;A01
2,016E+11;1;30;0;0;2;1;1;B02
2,016E+11;2;7;0;5;0;3;13;A01
2,016E+11;1;10;0;13;0;1;14;A01
2,016E+11;1;10;0;0;2;8;15;B02
2,016E+11;1;33;0;0;2;1;1;A01
2,016E+11;1;7;0;16;0;9;5;A01
2,016E+11;0;7;0;0;2;3;1;B02
2,016E+11;0;33;0;0;2;1;5;A01
2,016E+11;1;7;0;8;0;7;14;A01
2,016E+11;1;7;0;0;2;4;23;B02
2,016E+11;1;7;0;1;0;4;21;A01
2,016E+11;2;10;0;0;2;3;1;B02
2,016E+11;1;7;0;0;2;2;13;A01
2,016E+11;1;10;0;0;2;4;2;A01
2,016E+11;1;33;0;0;2;1;17;B02
2,016E+11;1;7;0;0;2;1;23;A01
2,016E+11;1;7;0;1;0;1;21;B02
2,016E+11;1;7;0;0;2;2;15;B02
2,016E+11;2;32;0;0;2;1;1;A01
2,016E+11;1;2;0;0;2;2;1;A01
2,016E+11;1;7;0;0;0;3;23;B02
2,016E+11;2;7;0;4;2;1;1;C03
2,016E+11;2;7;0;4;0;1;13;A01
2,016E+11;2;7;0;0;2;4;23;B02
2,016E+11;0;7;0;1;2;5;1;A01
2,016E+11;0;33;0;0;2;1;1;B02
2,016E+11;0;7;0;0;2;2;15;A01
2,016E+11;0;10;0;1;2;1;1;B02
2,016E+11;0;7;0;0;2;5;13;A01
2,016E+11;0;7;0;0;2;1;1;B02
2,016E+11;1;7;0;0;2;3;6;A01
2,016E+11;2;34;0;0;2;1;1;B02
2,016E+11;1;10;0;0;2;2;15;A01
2,016E+11;2;10;0;0;2;1;1;B02
2,016E+11;0;7;0;0;1;2;1;A01
2,016E+11;1;7;0;0;2;1;9;A01
2,016E+11;2;7;0;0;2;7;1;B02
2,016E+11;2;7;0;0;2;3;13;A01
2,016E+11;1;7;0;0;2;3;1;B02
2,016E+11;1;7;0;0;2;2;1;A01
2,016E+11;1;30;0;0;2;4;2;B02
2,016E+11;0;7;0;0;1;2;1;A01
2,016E+11;1;10;0;0;2;3;13;A01
2,016E+11;2;37;1;0;2;3;1;B02
2,016E+11;2;7;0;0;2;6;1;C03
2,016E+11;1;7;0;0;2;1;1;A01
2,016E+11;0;7;0;0;2;7;19;B02
2,016E+11;1;7;0;0;2;3;13;A01
2,016E+11;2;7;0;0;2;3;1;B02
2,016E+11;2;17;0;0;2;3;1;C03
2,016E+11;2;7;0;0;0;1;1;A01
2,016E+11;1;7;0;0;0;1;1;B02
2,016E+11;2;34;0;0;2;1;17;A01
2,016E+11;2;10;0;0;0;4;15;B02
2,016E+11;2;7;0;2;0;3;13;A01
2,016E+11;1;10;0;13;0;1;1;A01
2,016E+11;2;33;0;0;0;1;1;A01
2,016E+11;2;10;0;0;2;2;19;B02
2,016E+11;2;1;0;0;2;3;1;A01
2,016E+11;2;7;0;0;2;1;1;B02
2,016E+11;1;7;0;0;2;1;1;A01
2,016E+11;1;36;0;0;2;1;1;B02
2,016E+11;1;7;0;0;2;2;19;A01
2,016E+11;1;2;0;0;2;1;1;B02
2,016E+11;1;7;0;0;2;1;13;A01
2,016E+11;2;7;0;0;2;1;1;B02
2,016E+11;1;33;0;0;0;1;1;A01
2,016E+11;1;7;0;0;2;2;2;A01
2,016E+11;1;1;0;0;2;4;2;B02
2,016E+11;1;10;0;0;0;3;1;A01
2,016E+11;1;10;0;0;2;1;17;A01
2,016E+11;2;15;0;0;2;1;21;B02
2,016E+11;1;7;0;0;2;3;13;A01
2,016E+11;2;15;0;0;2;1;1;B02
2,016E+11;2;7;0;0;2;1;13;A01
2,016E+11;1;7;0;0;2;1;1;B02
2,016E+11;1;7;0;2;0;2;14;A01
2,016E+11;2;33;0;0;2;1;1;A01
2,016E+11;2;7;0;0;0;6;16;B02
2,016E+11;1;7;0;0;2;1;5;A01
2,016E+11;2;7;0;0;2;1;1;B02
2,016E+11;2;7;0;2;0;8;4;A01
2,016E+11;1;7;0;0;1;1;1;A01
2,016E+11;2;7;0;0;2;1;13;A01
2,016E+11;1;7;0;0;2;3;1;B02
2,016E+11;2;7;0;0;2;8;2;C03
2,016E+11;2;7;0;0;2;4;2;D04
2,016E+11;1;7;0;0;2;1;1;A01
2,016E+11;1;7;0;0;2;1;1;B01
2,016E+11;1;7;0;0;2;6;1;C01
2,016E+11;1;7;0;4;2;1;1;D01
2,016E+11;1;7;0;0;2;3;1;E01
2,016E+11;1;7;0;0;0;9;0;A01
2,016E+11;1;7;0;0;0;9;0;B02
2,016E+11;2;33;0;9;0;1;1;A01
2,016E+11;1;31;0;0;2;1;17;A01
2,016E+11;1;7;0;0;2;6;10;B02
2,016E+11;2;7;0;0;2;9;17;A01
2,016E+11;2;14;0;0;2;3;1;B02
2,016E+11;1;7;0;0;2;3;1;C03
2,016E+11;1;7;0;0;2;1;21;A01
2,016E+11;2;33;0;0;0;0;1;A01
2,016E+11;2;33;0;0;2;1;13;A01
2,016E+11;1;7;0;0;2;1;1;B02
2,016E+11;2;33;0;0;2;7;13;A01
2,016E+11;1;7;0;0;2;8;1;B02
2,016E+11;1;2;0;0;2;2;17;A01
2,016E+11;1;7;0;0;2;8;15;B02
2,016E+11;2;7;0;14;1;3;1;A01
2,016E+11;2;7;0;0;0;0;21;A01
2,016E+11;2;33;0;0;0;7;1;A01
2,016E+11;1;7;0;2;0;9;1;A01
2,016E+11;1;21;0;0;2;2;15;A01
2,016E+11;2;30;0;0;2;1;1;B02
2,016E+11;1;7;0;0;0;9;21;A01
2,016E+11;1;30;0;0;1;1;0;A01
2,016E+11;1;33;0;16;0;0;1;A01
2,016E+11;1;7;0;0;2;2;13;A01
2,016E+11;2;33;0;0;2;2;2;B02
2,016E+11;2;7;0;0;2;3;1;A01
2,016E+11;1;7;0;0;2;3;15;B02
2,016E+11;0;10;0;0;2;3;13;A01
2,016E+11;0;1;0;1;2;1;1;B02
2,016E+11;0;7;0;1;0;8;0;C03
2,016E+11;1;7;0;0;0;0;0;A01
2,016E+11;2;10;0;0;1;1;1;A01
2,016E+11;2;7;0;0;2;2;1;A01
2,016E+11;1;7;0;0;2;2;1;B02
2,016E+11;1;7;0;16;0;0;0;A01
2,016E+11;1;7;0;0;2;8;10;A01
2,016E+11;1;33;0;0;2;1;17;B02
2,016E+11;2;7;0;0;2;1;13;A01
2,016E+11;1;7;0;0;2;1;1;B02
2,016E+11;1;7;0;0;2;7;17;A01
2,016E+11;1;1;0;0;2;8;13;B02
2,016E+11;0;33;0;0;2;1;18;A01
2,016E+11;0;33;0;0;0;5;1;B02
2,016E+11;1;10;0;0;0;4;1;A01
2,016E+11;1;15;0;0;2;1;1;B02
2,016E+11;2;7;0;0;2;1;1;B01
2,016E+11;0;7;0;0;2;8;19;A01
2,016E+11;2;7;0;0;0;3;13;A01
2,016E+11;1;7;0;0;0;3;1;B02
2,016E+11;1;7;0;8;0;9;1;A01
2,016E+11;1;33;0;0;0;9;13;A01
2,016E+11;1;7;0;0;0;1;21;A01
2,016E+11;1;1;0;0;0;4;1;B02
2,016E+11;2;33;0;13;0;1;1;A01
2,016E+11;2;7;0;16;2;5;17;A01
2,016E+11;1;7;0;0;2;2;1;B02
2,016E+11;2;7;0;0;2;1;1;C03
2,016E+11;2;10;0;0;2;2;13;A01
2,016E+11;1;10;0;0;2;2;0;B02
2,016E+11;1;7;0;2;0;9;14;A01
2,016E+11;1;33;0;3;0;2;13;A01
2,016E+11;1;7;0;0;0;0;13;A01
2,016E+11;1;7;0;0;1;2;1;A01
2,016E+11;2;1;0;12;0;0;1;A01
2,016E+11;2;7;0;0;2;1;1;B02
2,016E+11;1;7;0;0;2;2;19;A01
2,016E+11;2;33;0;0;2;1;1;A01
2,016E+11;1;7;0;0;2;8;1;B02
2,016E+11;1;7;0;3;0;0;1;A01
2,016E+11;1;15;0;0;0;0;1;B02
2,016E+11;2;7;0;0;2;3;1;A01
2,016E+11;1;15;0;0;2;3;13;B02
2,016E+11;1;10;0;0;2;1;1;A01
2,016E+11;1;7;0;0;2;4;23;B02
2,016E+11;1;7;0;0;2;4;1;C03
2,016E+11;1;17;0;0;2;1;1;B02
2,016E+11;2;17;0;0;2;8;1;C03
2,016E+11;2;17;0;0;9;0;1;D04
2,016E+11;2;7;0;0;9;8;1;E05
2,016E+11;0;7;0;0;2;8;19;A01
2,016E+11;2;7;0;0;0;9;1;A01
2,016E+11;1;7;0;0;2;1;1;A01
2,016E+11;2;7;0;0;2;7;1;B02
2,016E+11;2;7;0;2;0;1;13;A01
2,016E+11;1;7;0;0;2;1;5;A01
2,016E+11;2;7;0;0;2;1;1;B02
2,016E+11;1;31;0;0;0;0;0;A01
2,016E+11;1;7;0;0;6;1;17;A01
2,016E+11;2;7;0;0;0;9;1;A01
2,016E+11;1;7;0;0;1;8;1;A01
2,016E+11;1;7;0;0;1;2;1;A01
2,016E+11;1;7;0;2;0;2;0;A01
2,016E+11;1;7;0;2;0;8;1;A01
2,016E+11;1;33;0;0;5;1;3;A01
2,016E+11;1;33;0;0;2;2;13;A01
2,016E+11;2;7;0;0;2;2;1;B02
2,016E+11;2;7;0;0;0;1;1;A01
2,016E+11;2;7;0;2;0;8;1;A01
2,016E+11;2;7;0;0;2;3;13;A01
2,016E+11;1;7;0;0;2;3;1;B01
2,016E+11;2;7;0;4;2;3;1;A01
2,016E+11;2;7;0;0;0;5;1;B02
2,016E+11;1;7;0;0;0;1;1;B02
2,016E+11;1;7;0;0;0;5;19;A01
2,016E+11;1;7;0;0;2;7;1;A01
2,016E+11;1;33;0;0;2;0;3;B02
2,016E+11;1;7;0;0;2;4;1;C03
2,016E+11;1;7;0;0;1;2;21;A01
2,016E+11;2;10;0;0;2;2;2;A01
2,016E+11;2;20;0;0;0;4;2;B02
2,016E+11;1;7;0;0;2;2;17;A01
2,016E+11;1;7;0;16;2;6;0;B01
2,016E+11;2;7;0;0;2;3;11;A01
2,016E+11;2;33;0;0;2;7;3;B01
2,016E+11;2;7;0;0;2;4;1;C01
2,016E+11;1;10;0;0;2;2;15;A01
2,016E+11;2;2;0;0;2;1;1;B01
2,016E+11;2;7;0;0;1;3;15;A01
2,016E+11;2;7;0;0;2;1;2;A01
2,016E+11;1;2;0;0;2;4;2;B02
2,016E+11;2;7;0;0;2;1;1;A01
2,016E+11;2;7;0;1;0;4;13;B02
2,016E+11;2;10;0;0;0;4;24;C03
2,016E+11;0;7;0;0;1;4;4;A01
2,016E+11;1;7;0;9;2;2;6;A01
2,016E+11;2;7;0;0;2;1;1;B02
2,016E+11;2;7;0;0;2;1;9;A01
2,016E+11;1;7;0;0;0;8;1;B02
2,016E+11;1;1;0;0;0;7;1;B02
2,016E+11;0;7;0;0;2;1;19;A01
2,016E+11;1;7;0;1;1;1;14;A01
2,016E+11;0;7;0;2;9;1;1;A01
2,016E+11;0;1;0;0;2;8;24;B02
2,016E+11;2;7;0;1;0;1;14;A01
2,016E+11;2;14;0;0;0;4;24;B02
2,016E+11;1;7;0;0;1;2;1;A01
2,016E+11;1;15;0;0;2;0;0;A01
2,016E+11;1;7;0;0;2;1;0;B02
2,016E+11;0;7;0;0;6;1;0;A01
2,016E+11;1;7;0;0;2;1;13;A01
2,016E+11;2;10;0;0;2;1;1;B01
2,016E+11;1;7;0;0;2;2;1;B02
2,016E+11;1;7;0;0;2;1;1;C03
2,016E+11;2;7;0;0;2;3;1;A01
2,016E+11;1;2;0;0;2;1;1;A01
2,016E+11;0;14;0;0;2;3;15;B01
2,016E+11;1;7;0;0;2;1;1;A01
2,016E+11;2;7;0;0;2;7;13;B02
2,016E+11;2;33;0;0;2;0;0;A01
2,016E+11;2;7;0;0;2;3;15;B02
2,016E+11;1;33;0;0;0;1;1;A01
2,016E+11;1;7;0;0;2;8;15;A01
2,016E+11;2;7;0;0;2;1;1;B02
2,016E+11;1;7;0;1;1;1;1;A01
2,016E+11;2;7;0;0;0;3;1;A01
2,016E+11;1;15;0;0;0;3;0;B02
2,016E+11;2;36;0;0;0;1;0;A01
2,016E+11;1;33;0;0;0;9;21;A01
2,016E+11;1;7;0;2;0;9;21;A01
2,016E+11;1;7;0;0;2;3;13;A01
2,016E+11;1;7;0;0;2;3;1;B02
2,016E+11;1;7;0;0;2;3;1;C03
2,016E+11;2;7;0;0;2;1;2;A01
2,016E+11;2;32;0;0;0;4;2;B02
2,016E+11;1;7;0;0;2;1;5;A01
2,016E+11;2;7;0;0;2;1;1;B02
2,016E+11;2;33;0;0;2;1;1;A01
2,016E+11;1;7;0;0;2;2;15;B02
2,016E+11;2;7;0;0;2;1;1;B02
2,016E+11;1;7;0;0;2;5;1;A01
2,016E+11;1;34;0;0;2;4;15;A01
2,016E+11;1;7;0;0;2;1;1;B02
2,016E+11;1;7;0;0;2;3;1;B02
2,016E+11;2;7;0;0;2;1;9;A01
2,016E+11;0;7;0;0;1;6;4;A01
2,016E+11;2;7;0;0;2;1;17;A01
2,016E+11;1;7;0;0;2;1;1;B02
2,016E+11;1;10;0;0;2;1;1;B02
2,016E+11;1;7;0;0;2;1;1;A01
2,016E+11;1;7;0;0;1;3;1;A01
2,016E+11;1;7;0;0;2;1;1;A01
2,016E+11;2;7;0;0;2;1;21;B01
2,016E+11;2;7;0;0;2;1;1;A01
2,016E+11;1;7;0;0;2;1;13;B01
2,016E+11;2;7;0;0;2;1;2;A01
2,016E+11;2;7;0;0;2;4;11;B02
2,016E+11;1;7;0;0;2;3;1;A01
2,016E+11;2;7;0;0;2;3;17;B02
2,016E+11;1;30;0;16;0;9;1;A01
2,016E+11;2;7;0;8;0;3;1;A01
2,016E+11;1;7;0;13;0;3;11;A01
2,016E+11;1;7;0;0;2;8;13;A01
2,016E+11;2;10;0;0;2;3;1;B02
2,016E+11;2;10;0;0;2;3;13;A01
2,016E+11;1;14;0;0;2;3;21;C03
2,016E+11;2;7;0;13;0;2;1;A01
2,016E+11;2;7;0;13;0;1;1;A01
2,016E+11;0;7;0;0;2;7;2;A01
2,016E+11;0;2;0;0;0;8;2;B02
2,016E+11;2;7;0;0;2;7;19;A01
2,016E+11;2;10;0;13;2;1;1;B02
2,016E+11;1;10;0;13;0;2;1;A01
2,016E+11;2;7;0;0;0;6;19;A01
2,016E+11;1;33;0;0;2;1;1;B02
2,016E+11;1;7;0;0;2;2;1;A01
2,016E+11;1;1;0;0;0;6;1;B02
2,016E+11;1;33;0;0;0;0;1;A01
2,016E+11;2;7;0;0;1;3;1;A01
2,016E+11;0;7;0;8;0;3;1;A01
2,016E+11;1;7;0;0;2;8;1;B02
2,016E+11;2;30;0;0;2;8;13;A01
2,016E+11;0;7;0;0;1;4;4;A01
2,016E+11;1;33;0;16;0;2;1;A01
2,016E+11;2;7;0;0;2;1;1;B02
2,016E+11;0;7;0;0;0;7;1;A01
2,016E+11;1;33;0;0;2;1;1;A01
2,016E+11;1;7;0;0;0;6;1;B02
2,016E+11;1;7;0;0;2;3;1;B02
2,016E+11;2;7;0;0;2;3;13;A01
2,016E+11;1;33;0;16;0;1;1;A01
2,016E+11;2;10;0;0;0;0;0;A01
2,016E+11;1;7;0;0;2;7;17;A01
2,016E+11;1;2;0;0;2;8;15;B02
2,016E+11;1;33;0;16;0;9;1;A01
2,016E+11;0;30;0;11;0;1;5;A01
2,016E+11;2;7;0;0;1;1;1;A01
2,016E+11;2;7;0;0;2;3;9;A01
2,016E+11;1;2;0;0;2;7;1;B02
2,016E+11;1;1;0;0;2;8;1;B02
2,016E+11;0;7;0;0;2;3;15;A01
2,016E+11;2;7;0;8;0;1;13;A01
2,016E+11;2;10;0;0;2;3;1;B02
2,016E+11;1;7;0;0;2;1;13;A01
2,016E+11;1;7;0;0;2;1;13;A01
2,016E+11;2;7;0;0;2;3;1;B02
2,016E+11;0;7;0;0;1;4;4;A01
2,016E+11;1;33;0;12;0;1;1;A01
2,016E+11;0;7;0;13;0;3;1;A01
2,016E+11;2;33;0;0;2;1;2;A01
2,016E+11;2;7;0;0;0;6;15;B02
2,016E+11;1;14;0;0;0;6;1;B02
2,016E+11;1;14;0;0;2;2;1;A01
2,016E+11;2;7;0;0;2;1;13;A01
2,016E+11;1;7;0;0;2;3;1;B02
2,016E+11;2;33;0;0;2;7;1;B02
2,016E+11;1;7;0;0;2;5;15;A01
2,016E+11;1;7;0;0;2;1;1;A01
2,016E+11;2;7;0;0;2;1;13;B02
2,016E+11;0;10;0;8;0;1;1;A01
2,016E+11;1;7;0;0;2;1;1;B02
2,016E+11;2;7;0;0;2;1;5;A01
2,016E+11;2;7;0;6;0;3;13;A01
2,016E+11;1;7;0;0;2;8;15;A01
2,016E+11;1;7;0;0;2;1;1;B02
2,016E+11;2;7;0;6;0;3;1;A01
2,016E+11;2;7;0;0;2;2;1;A01
2,016E+11;2;1;0;0;0;4;9;B02
2,016E+11;1;7;0;2;0;8;1;A01
2,016E+11;1;7;0;0;2;7;15;A01
2,016E+11;2;7;0;0;2;1;1;B02
2,016E+11;2;15;0;0;2;5;17;A01
2,016E+11;2;30;0;0;2;8;1;B02
2,016E+11;2;14;0;0;2;2;1;B02
2,016E+11;0;7;0;0;2;3;15;A01
2,016E+11;1;7;0;0;0;3;1;A01
2,016E+11;2;14;0;0;2;3;1;B02
2,016E+11;1;14;0;0;1;1;15;A01
2,016E+11;1;7;0;0;2;3;1;A01
2,016E+11;1;2;0;0;2;5;16;B02
2,016E+11;2;14;0;0;2;1;1;B02
2,016E+11;1;7;0;0;2;1;13;A01
2,016E+11;2;7;0;2;0;3;1;A01
2,016E+11;2;33;0;7;0;3;14;A01
2,016E+11;1;7;0;0;2;1;13;A01
2,016E+11;2;14;0;0;2;1;1;B02
2,016E+11;1;7;0;2;0;3;1;A01
2,016E+11;1;7;0;13;0;9;1;A01
2,016E+11;0;7;0;0;2;3;1;A01
2,016E+11;0;7;0;0;2;2;1;B02
2,016E+11;1;7;0;13;0;2;13;A01
2,016E+11;0;2;0;12;0;1;13;A01
2,016E+11;2;10;0;0;2;1;1;B02
2,016E+11;1;7;0;0;2;1;17;A01
2,016E+11;2;7;0;6;0;1;1;A01
2,016E+11;1;7;0;0;2;1;1;B02
2,016E+11;2;7;0;0;2;1;13;A01
2,016E+11;2;10;0;0;2;2;1;B02
2,016E+11;1;7;0;0;2;7;13;A01
2,016E+11;1;7;0;15;0;1;1;A01
2,016E+11;2;7;0;0;2;1;1;B02
2,016E+11;1;10;0;0;2;2;15;A01
2,016E+11;1;7;0;0;2;3;13;A01
2,016E+11;1;7;0;0;2;2;1;C03
2,016E+11;2;17;0;0;2;3;1;B02
2,016E+11;2;10;0;2;0;2;1;A01
2,016E+11;2;33;0;6;0;8;1;A01
2,016E+11;2;7;0;0;2;1;1;B02
2,016E+11;1;7;0;0;2;2;1;A01
2,016E+11;1;7;0;0;2;2;17;A01
2,016E+11;1;1;0;0;0;8;15;B02
2,016E+11;1;7;0;12;0;9;1;A01
2,016E+11;2;17;0;0;2;1;1;A01
2,016E+11;2;17;0;0;0;4;23;B02
2,016E+11;1;33;0;0;6;1;1;A01
2,016E+11;1;7;0;15;0;1;1;A01
2,016E+11;1;10;0;0;2;1;1;B02
2,016E+11;2;7;0;0;2;1;13;A01
2,016E+11;1;7;0;0;2;1;1;A01
2,016E+11;1;7;0;0;0;8;1;B02
2,016E+11;2;7;0;13;0;1;0;A01
2,016E+11;2;7;0;2;0;1;13;A01
2,016E+11;2;7;0;0;2;7;15;A01
2,016E+11;1;2;0;0;2;1;1;B02
2,016E+11;2;7;0;0;2;1;1;A01
2,016E+11;2;3;0;0;0;4;23;B02
2,016E+11;2;7;0;2;0;9;1;A01
2,016E+11;0;7;0;6;0;3;13;A01
2,016E+11;2;33;0;0;2;1;13;A01
2,016E+11;1;10;0;0;2;2;1;B02
2,016E+11;1;7;0;3;0;1;13;A01
2,016E+11;0;31;0;4;0;3;13;A01
2,016E+11;1;7;0;8;0;7;1;A01
2,016E+11;1;10;0;2;0;3;1;A01
2,016E+11;0;7;0;0;2;2;1;A01
2,016E+11;0;7;0;0;2;3;1;B02
2,016E+11;2;32;0;0;2;3;1;B02
2,016E+11;2;7;0;0;2;2;1;A01
2,016E+11;2;30;0;0;2;1;16;A01
2,016E+11;0;7;0;0;0;8;1;B02
2,016E+11;2;31;0;16;0;1;1;A01
2,016E+11;2;7;0;12;2;1;13;A01
2,016E+11;1;7;0;0;2;1;1;B02
2,016E+11;1;7;0;0;2;8;1;C03
2,016E+11;2;33;0;16;0;1;1;A01
2,016E+11;1;7;0;16;0;9;1;A01
2,016E+11;2;15;0;0;0;2;23;C03
2,016E+11;2;10;0;0;2;1;1;B02
2,016E+11;1;7;0;0;2;2;15;A01
2,016E+11;2;30;0;0;0;8;1;A01
2,016E+11;0;7;0;0;2;1;1;B02
2,016E+11;2;32;0;0;5;1;1;A01
2,016E+11;2;10;0;0;2;2;1;A01
2,016E+11;2;7;0;0;2;3;1;B02
2,016E+11;1;7;0;0;2;3;1;B02
2,016E+11;2;7;0;0;2;2;13;A01
2,016E+11;0;7;0;0;2;3;1;B02
2,016E+11;0;30;0;0;2;1;1;A01
2,016E+11;1;7;0;6;0;8;1;A01
2,016E+11;0;7;0;6;0;3;1;A01
2,016E+11;2;7;0;6;0;1;1;A01
2,016E+11;1;10;0;0;0;6;15;B02
2,016E+11;1;33;0;0;2;1;17;A01
2,016E+11;1;2;0;1;0;1;1;A01
2,016E+11;1;7;0;2;0;7;13;A01
2,016E+11;2;7;0;0;0;5;1;B02
2,016E+11;2;33;0;0;2;1;1;A01
2,016E+11;2;7;0;0;2;3;1;B02
2,016E+11;1;10;0;0;2;3;17;A01
2,016E+11;1;7;0;0;0;7;17;A01
2,016E+11;1;31;0;0;0;8;13;B02
2,016E+11;1;7;0;0;2;3;11;A01
2,016E+11;2;7;0;0;2;1;1;B02
2,016E+11;2;10;0;2;0;1;1;A01
2,016E+11;1;7;0;0;6;1;21;A01
2,016E+11;1;7;0;6;0;1;1;A01
2,016E+11;1;33;0;15;0;8;1;A01
2,016E+11;1;7;0;0;2;3;1;B02
2,016E+11;2;7;0;0;2;3;13;A01
2,016E+11;2;7;0;16;0;9;17;A01
2,016E+11;1;30;0;12;0;1;1;A01
2,016E+11;2;7;0;0;2;1;17;A01
2,016E+11;1;7;0;0;2;1;1;B02
2,016E+11;2;10;0;0;2;8;15;B02
2,016E+11;2;33;0;0;2;8;17;A01
2,016E+11;1;7;0;16;0;1;1;A01
2,016E+11;1;7;0;0;2;2;15;A01
2,016E+11;2;33;0;0;2;1;1;B02
2,016E+11;1;7;0;0;0;9;1;A01
2,016E+11;1;7;0;13;0;1;13;A01
2,016E+11;2;7;0;0;2;1;1;B02
2,016E+11;2;14;0;0;2;2;19;A01
2,016E+11;1;7;0;0;2;3;1;B02
2,016E+11;2;30;0;0;2;1;13;A01
2,016E+11;0;31;0;0;2;1;1;B02
2,016E+11;0;14;0;0;2;3;19;A01
2,016E+11;0;7;0;0;0;5;11;A01
2,016E+11;0;30;0;0;2;1;1;B02
2,016E+11;1;7;0;8;0;7;1;A01
2,016E+11;1;2;0;12;0;8;1;A01
2,016E+11;1;7;0;0;1;2;0;A01
2,016E+11;1;7;0;0;2;3;13;A01
2,016E+11;2;7;0;0;2;3;1;B02
2,016E+11;1;7;0;0;2;2;17;B02
2,016E+11;1;7;0;0;2;8;15;A01
2,016E+11;2;30;0;6;0;1;1;A01
2,016E+11;2;7;0;0;2;3;13;A01
2,016E+11;1;7;0;0;2;3;1;B02