Num_Acc;senc;catv;occutc;obs;obsm;choc;manv;num_veh
2,016E+11;1;10;0;0;0;0;0;B01
2,016E+11;0;7;0;0;0;2;17;A01
2,016E+11;0;1;0;0;0;0;0;B01
2,016E+11;0;7;0;0;1;1;1;A01
2,016E+11;0;31;0;0;2;1;1;B01
2,016E+11;0;10;0;0;2;6;15;A01
2,016E+11;0;1;0;0;1;1;1;A01
2,016E+11;2;7;0;0;1;2;15;A01
2,016E+11;0;7;0;0;2;2;19;B01
2,016E+11;0;33;0;0;2;2;1;A01
2,016E+11;0;7;0;0;2;8;0;A01
2,016E+11;0;33;0;0;2;1;1;B01
2,016E+11;0;7;0;0;1;1;2;A01
2,016E+11;0;10;0;0;2;8;13;A01
2,016E+11;0;38;0;0;2;8;1;B02
2,016E+11;1;7;0;0;2;1;13;A01
2,016E+11;2;17;0;0;2;1;1;B02
2,016E+11;0;1;0;0;2;1;1;A01
2,016E+11;0;14;0;0;2;3;1;B02
2,016E+11;2;15;0;0;2;3;1;B02
2,016E+11;1;7;0;0;2;1;1;A01
2,016E+11;2;7;0;0;2;7;12;B02
2,016E+11;2;33;0;0;2;8;3;A01
2,016E+11;2;33;0;4;0;3;1;A01
2,016E+11;2;7;0;0;0;6;1;F01
2,016E+11;2;7;0;0;2;1;1;B01
2,016E+11;2;7;0;0;2;1;1;C01
2,016E+11;2;7;0;0;2;1;1;A01
2,016E+11;1;17;0;0;1;2;1;A01
2,016E+11;1;7;0;0;2;1;9;B02
2,016E+11;2;7;0;0;2;2;1;A01
2,016E+11;2;7;0;2;0;1;13;A01
2,016E+11;2;7;0;2;0;1;13;A01
2,016E+11;2;33;0;0;2;1;18;A01
2,016E+11;2;14;0;0;2;2;16;B02
2,016E+11;2;14;0;1;0;0;1;A01
2,016E+11;0;38;24;6;0;2;1;A01
2,016E+11;1;7;0;0;2;3;15;B01
2,016E+11;2;33;0;0;2;1;1;A01
2,016E+11;1;31;0;0;2;1;2;A01
2,016E+11;1;38;48;0;2;0;0;B02
2,016E+11;0;7;0;0;2;6;2;C03
2,016E+11;2;7;0;0;2;3;15;B02
2,016E+11;1;30;0;0;2;1;3;A01
2,016E+11;2;33;0;0;2;3;1;B02
2,016E+11;2;7;0;0;2;2;15;A01
2,016E+11;2;1;0;0;0;1;0;B02
2,016E+11;2;7;0;0;0;2;1;A01
2,016E+11;0;7;0;0;2;1;2;A01
2,016E+11;0;31;0;0;0;4;2;B02
2,016E+11;0;31;0;0;1;1;1;A01
2,016E+11;0;7;0;0;2;7;1;A01
2,016E+11;0;33;0;0;2;1;2;B02
2,016E+11;0;7;0;0;2;3;1;B02
2,016E+11;0;7;0;0;2;3;1;A01
2,016E+11;2;7;0;7;2;2;5;A01
2,016E+11;1;7;0;0;2;3;15;B01
2,016E+11;0;7;0;2;0;2;1;A01
2,016E+11;1;14;0;0;2;2;21;A01
2,016E+11;2;3;0;0;0;9;15;B02
2,016E+11;1;15;0;0;9;6;1;A01
2,016E+11;2;1;0;0;2;8;3;B02
2,016E+11;0;14;0;7;0;2;0;A01
2,016E+11;2;33;0;0;2;2;17;B02
2,016E+11;2;38;40;0;2;3;10;A01
2,016E+11;0;17;0;0;2;3;21;B02
2,016E+11;1;7;0;0;2;3;13;A01
2,016E+11;1;37;40;0;1;3;15;A01
2,016E+11;1;7;0;0;2;7;0;A01
2,016E+11;2;15;0;0;2;1;1;B02
2,016E+11;0;17;0;0;2;7;12;A01
2,016E+11;0;7;0;0;2;4;1;B02
2,016E+11;1;7;0;0;2;1;15;A01
2,016E+11;2;37;1;0;2;1;1;B02
2,016E+11;1;10;0;0;2;3;13;A01
2,016E+11;2;17;0;0;2;1;15;B01
2,016E+11;1;10;0;0;2;1;1;C01
2,016E+11;2;7;0;0;2;3;13;A01
2,016E+11;1;17;0;0;2;3;1;B02
2,016E+11;2;13;0;0;0;6;24;A01
2,016E+11;2;1;0;1;0;6;1;B02
2,016E+11;1;14;0;0;1;8;1;A01
2,016E+11;1;7;0;0;2;1;13;A01
2,016E+11;2;38;0;0;2;3;1;B02
2,016E+11;0;7;0;0;2;5;1;B02
2,016E+11;0;7;0;0;2;3;9;A01
2,016E+11;2;14;0;0;2;3;1;B02
2,016E+11;1;7;0;0;2;3;0;A01
2,016E+11;2;7;0;0;2;3;13;A01
2,016E+11;1;14;0;0;2;1;1;B01
2,016E+11;2;7;0;0;2;3;13;A01
2,016E+11;1;7;0;0;2;3;1;B02
2,016E+11;1;7;0;0;1;1;1;A01
2,016E+11;1;7;0;0;2;8;1;B02
2,016E+11;2;7;0;0;2;1;1;A01
2,016E+11;0;31;0;0;2;7;1;A01
2,016E+11;0;7;0;0;2;1;19;B02
2,016E+11;2;7;0;0;2;3;13;A01
2,016E+11;1;10;0;0;2;3;1;B02
2,016E+11;2;7;0;0;2;3;13;A01
2,016E+11;1;10;0;0;2;3;1;B02
2,016E+11;2;7;0;0;2;1;1;C03
2,016E+11;1;7;0;13;0;1;1;A01
2,016E+11;2;7;0;0;2;1;13;A01
2,016E+11;1;17;0;0;2;1;1;B02
2,016E+11;2;37;2;0;2;8;9;A01
2,016E+11;1;30;0;0;2;1;1;B02
2,016E+11;1;7;0;0;2;3;9;A01
2,016E+11;1;14;0;0;2;2;1;B02
2,016E+11;2;14;0;0;2;1;1;A01
2,016E+11;1;7;0;0;2;7;1;B02
2,016E+11;2;7;0;0;2;1;2;A01
2,016E+11;2;15;0;0;2;4;2;B02
2,016E+11;2;7;0;0;2;5;1;C03
2,016E+11;2;14;0;0;2;1;2;D04
2,016E+11;2;7;0;0;2;8;1;B02
2,016E+11;2;17;0;0;2;7;12;A01
2,016E+11;1;7;0;0;2;4;1;C03
2,016E+11;1;7;0;0;2;4;1;B02
2,016E+11;1;10;0;0;2;4;1;D04
2,016E+11;1;14;0;0;2;1;1;A01
2,016E+11;1;7;0;4;0;1;1;A01
2,016E+11;1;7;0;2;0;1;1;A01
2,016E+11;2;17;0;6;0;1;0;A01
2,016E+11;1;7;0;0;2;5;2;A01
2,016E+11;0;7;0;0;2;6;1;B02
2,016E+11;1;7;0;3;0;2;21;A01
2,016E+11;2;38;32;0;2;1;2;A01
2,016E+11;2;15;0;0;0;4;2;B05
2,016E+11;2;7;0;0;2;2;2;A01
2,016E+11;2;33;0;0;2;6;12;B02
2,016E+11;2;15;0;1;0;1;1;A01
2,016E+11;2;10;0;0;2;4;23;B02
2,016E+11;0;10;0;0;2;4;23;B02
2,016E+11;0;17;0;1;0;1;2;A01
2,016E+11;2;7;0;0;2;2;3;A01
2,016E+11;2;7;0;0;2;6;1;B02
2,016E+11;1;7;0;0;2;1;2;A01
2,016E+11;1;7;0;0;0;4;2;B02
2,016E+11;1;7;0;0;1;2;1;A01
2,016E+11;2;7;0;0;0;8;0;C03
2,016E+11;2;7;0;0;2;2;0;B02
2,016E+11;2;7;0;0;0;6;0;A01
2,016E+11;2;7;0;0;2;9;0;D04
2,016E+11;2;7;0;14;2;1;1;A01
2,016E+11;2;7;0;14;2;8;1;B02
2,016E+11;1;7;0;0;2;2;12;A01
2,016E+11;1;7;0;0;2;6;1;B02
2,016E+11;2;37;0;0;2;5;1;A01
2,016E+11;2;7;0;0;2;2;1;B02
2,016E+11;2;7;0;0;2;4;0;C03
2,016E+11;2;15;0;0;2;6;0;D04
2,016E+11;2;7;0;0;2;1;0;A01
2,016E+11;2;7;0;0;2;4;0;C03
2,016E+11;2;7;0;0;2;4;0;B02
2,016E+11;1;7;0;0;2;3;9;A01
2,016E+11;1;33;0;0;2;1;1;C03
2,016E+11;1;14;0;0;2;2;1;B02
2,016E+11;0;10;0;0;2;2;1;A01
2,016E+11;2;7;0;0;2;6;1;B02
2,016E+11;0;7;0;0;2;2;17;A01
2,016E+11;1;7;0;0;0;6;1;B02
2,016E+11;2;7;0;0;0;4;23;A01
2,016E+11;2;7;0;14;0;1;2;B02
2,016E+11;2;7;0;14;0;1;2;C03
2,016E+11;1;17;0;0;0;0;2;B02
2,016E+11;1;7;0;0;2;1;2;A01
2,016E+11;2;15;0;0;0;8;1;B02
2,016E+11;2;7;0;0;2;2;1;A01
2,016E+11;2;7;0;4;0;2;1;A01
2,016E+11;1;14;0;4;0;8;1;A01
2,016E+11;2;7;0;0;0;4;0;A01
2,016E+11;2;7;0;0;0;4;2;B02
2,016E+11;2;10;0;0;0;1;2;C03
2,016E+11;1;7;0;4;6;1;2;A01
2,016E+11;2;10;0;0;0;8;1;B02
2,016E+11;2;10;0;15;2;7;17;A01
2,016E+11;2;10;0;0;0;6;24;B02
2,016E+11;2;15;0;0;2;2;14;A01
2,016E+11;2;17;0;3;2;1;2;A01
2,016E+11;2;15;0;0;0;4;1;B02
2,016E+11;2;7;0;0;2;1;1;A01
2,016E+11;2;7;0;0;0;6;1;B02
2,016E+11;2;7;0;0;2;2;14;A01
2,016E+11;2;33;0;0;2;3;1;B02
2,016E+11;2;14;0;0;2;3;1;B02
2,016E+11;1;10;0;0;2;1;13;A01
2,016E+11;1;17;0;13;0;9;14;A01
2,016E+11;2;7;0;;;;14;B02
2,016E+11;2;7;0;5;0;0;1;A01
2,016E+11;2;7;0;11;0;1;1;A01
2,016E+11;2;7;0;13;0;1;2;A01
2,016E+11;1;7;0;4;0;3;13;A01
2,016E+11;1;7;0;0;2;2;2;B02
2,016E+11;1;7;0;14;0;1;2;E05
2,016E+11;1;7;0;14;0;3;2;D04
2,016E+11;1;7;0;3;2;1;2;C03
2,016E+11;1;7;0;0;0;0;1;A01
2,016E+11;2;15;0;0;0;6;1;B02
2,016E+11;2;7;0;3;2;7;2;A01
2,016E+11;1;7;0;0;0;9;1;A01
2,016E+11;2;7;0;13;0;9;1;A01
2,016E+11;0;7;0;0;9;3;9;A01
2,016E+11;1;1;0;0;2;3;1;B02
2,016E+11;0;7;0;0;2;3;1;B02
2,016E+11;0;32;0;0;2;1;13;A01
2,016E+11;0;32;0;0;2;2;17;A01
2,016E+11;0;10;0;0;2;3;15;B02
2,016E+11;1;7;0;0;2;1;;B02
2,016E+11;2;33;0;0;2;1;0;A01
2,016E+11;0;7;0;2;0;1;1;A01
2,016E+11;1;7;0;0;1;2;1;A01
2,016E+11;0;7;0;0;2;3;9;A01
2,016E+11;0;33;0;0;2;1;1;B01
2,016E+11;1;33;0;0;0;8;1;A01
2,016E+11;2;7;0;0;2;3;15;A01
2,016E+11;2;7;0;0;2;1;1;B02
2,016E+11;1;10;0;0;2;1;19;A01
2,016E+11;2;10;0;0;2;1;1;B02
2,016E+11;1;14;0;0;1;3;1;A01
2,016E+11;0;36;0;5;0;1;1;A01
2,016E+11;0;36;0;0;0;0;1;B02
2,016E+11;1;7;0;0;2;3;19;A01
2,016E+11;0;7;0;0;2;6;0;B02
2,016E+11;2;30;0;0;0;8;10;A01
2,016E+11;1;33;0;0;2;8;13;A01
2,016E+11;2;7;0;0;2;1;1;B02
2,016E+11;2;7;0;0;2;1;2;A01
2,016E+11;2;30;0;0;2;4;2;B02
2,016E+11;2;7;0;0;0;0;15;A01
2,016E+11;2;7;0;0;2;1;1;B02
2,016E+11;0;38;1;0;1;2;15;A01
2,016E+11;2;33;0;0;2;1;1;A01
2,016E+11;2;7;0;0;2;4;23;B02
2,016E+11;1;7;0;8;0;9;1;A01
2,016E+11;1;7;0;0;2;1;1;A01
2,016E+11;2;7;0;0;2;1;1;B02
2,016E+11;2;7;0;3;0;0;14;A01
2,016E+11;1;7;0;0;2;1;13;A01
2,016E+11;2;7;0;0;2;1;1;B02
2,016E+11;1;7;0;16;2;4;2;B02
2,016E+11;1;7;0;0;2;1;2;A01
2,016E+11;1;7;0;0;1;1;1;A01
2,016E+11;1;7;0;0;2;1;13;A01
2,016E+11;2;7;0;0;2;1;1;B02
2,016E+11;1;7;0;0;2;6;15;A01
2,016E+11;1;2;0;0;2;1;17;B02
2,016E+11;2;7;0;0;2;2;15;A01
2,016E+11;1;7;0;0;2;2;1;B02
2,016E+11;0;7;0;2;0;3;0;A01
2,016E+11;1;2;0;0;2;1;1;A01
2,016E+11;1;7;0;0;2;4;23;B02
2,016E+11;0;10;0;0;2;8;15;A01
2,016E+11;0;16;0;0;2;3;1;B02
2,016E+11;2;33;0;2;0;1;0;A01
2,016E+11;1;1;0;0;2;3;2;A01
2,016E+11;1;7;0;0;0;9;1;A01
2,016E+11;0;36;0;13;0;2;1;A01
2,016E+11;2;7;0;0;1;2;1;A01
2,016E+11;1;7;0;0;2;7;15;A01
2,016E+11;2;33;0;0;2;1;1;B02
2,016E+11;2;30;0;0;2;1;1;B02
2,016E+11;0;7;0;0;2;3;15;A01
2,016E+11;2;7;0;6;0;1;1;A01
2,016E+11;2;7;0;13;0;1;1;A01
2,016E+11;2;7;0;0;2;3;1;B02
2,016E+11;1;7;0;0;2;3;1;A01
2,016E+11;2;7;0;0;1;3;1;A01
2,016E+11;0;2;0;0;2;1;1;A01
2,016E+11;0;21;0;0;2;3;15;B02
2,016E+11;2;7;0;8;0;1;0;A01
2,016E+11;1;7;0;0;2;5;15;A01
2,016E+11;2;2;0;0;2;1;1;B02
2,016E+11;1;7;0;0;1;1;1;A01
2,016E+11;0;7;0;0;2;3;13;A01
2,016E+11;0;7;0;0;2;3;1;B02
2,016E+11;2;7;0;3;0;3;1;A01
2,016E+11;1;7;0;0;2;1;2;A01
2,016E+11;1;7;0;0;2;4;2;B02
2,016E+11;1;7;0;3;0;4;0;A01
2,016E+11;2;33;0;4;0;3;0;A01
2,016E+11;2;7;0;0;2;2;2;A01
2,016E+11;2;7;0;0;0;3;2;B02
2,016E+11;2;7;0;0;2;9;2;B02
2,016E+11;2;7;0;0;2;1;2;C03
2,016E+11;2;7;0;0;2;4;1;A01
2,016E+11;1;33;0;12;0;1;1;A01
2,016E+11;2;10;0;0;2;4;1;B02
2,016E+11;2;10;0;0;2;1;1;A01
2,016E+11;1;17;0;3;0;7;1;A01
2,016E+11;1;7;0;0;2;4;2;B02
2,016E+11;1;33;0;0;2;1;2;A01
2,016E+11;2;7;0;0;2;1;2;A01
2,016E+11;2;7;0;0;0;4;23;B02
2,016E+11;2;7;0;0;2;4;2;B02
2,016E+11;2;7;0;0;2;1;2;C03
2,016E+11;2;7;0;0;2;4;2;A01
2,016E+11;2;7;0;0;0;4;2;A01
2,016E+11;2;7;0;0;2;1;2;B02
2,016E+11;2;7;0;0;2;4;2;A01
2,016E+11;2;7;0;0;2;1;2;C03
2,016E+11;2;7;0;0;2;1;2;D04
2,016E+11;2;7;0;0;2;4;2;B02
2,016E+11;2;33;0;3;0;8;16;A01
2,016E+11;2;7;0;4;0;3;1;A01
2,016E+11;1;7;0;3;0;3;1;A01
2,016E+11;1;7;0;4;0;9;1;A01
2,016E+11;1;7;0;0;1;2;2;A01
2,016E+11;1;7;0;0;2;1;15;A01
2,016E+11;2;1;0;0;2;7;1;B01
2,016E+11;1;7;0;0;0;8;23;B01
2,016E+11;0;7;0;0;2;3;16;A01
2,016E+11;1;7;0;0;1;4;4;A01
2,016E+11;2;38;1;0;1;1;16;A01
2,016E+11;2;33;0;0;2;1;0;B02
2,016E+11;1;7;0;0;2;3;5;A01
2,016E+11;2;7;0;4;0;3;21;A01
2,016E+11;1;17;0;0;0;6;1;B02
2,016E+11;1;7;0;0;2;1;17;A01
2,016E+11;2;7;0;0;2;2;3;A01
2,016E+11;2;10;0;0;2;5;1;B02
2,016E+11;2;15;0;0;2;6;1;C03
2,016E+11;2;17;0;3;0;7;0;A01
2,016E+11;2;7;0;0;2;4;2;B02
2,016E+11;2;14;0;0;2;2;2;A01
2,016E+11;2;10;0;0;1;1;1;B02
2,016E+11;2;7;0;0;1;1;21;C03
2,016E+11;2;7;0;0;1;1;1;D04
2,016E+11;2;10;0;0;1;3;1;A01
2,016E+11;2;15;0;0;1;2;1;A01
2,016E+11;1;7;0;0;2;1;2;A01
2,016E+11;1;10;0;0;2;4;2;B02
2,016E+11;1;7;0;0;2;2;17;A01
2,016E+11;1;17;0;0;2;6;1;B02
2,016E+11;2;7;0;6;0;1;1;A01
2,016E+11;1;7;0;3;0;8;0;A01
2,016E+11;2;7;0;13;0;2;0;A01
2,016E+11;2;17;0;0;2;1;2;A01
2,016E+11;2;17;0;0;0;4;2;D04
2,016E+11;2;10;0;0;0;4;2;B02
2,016E+11;2;10;0;0;2;4;2;C03
2,016E+11;1;7;0;13;0;2;1;A01
2,016E+11;2;7;0;3;0;1;13;A01
2,016E+11;2;17;0;3;0;0;0;A01
2,016E+11;1;33;0;1;0;2;1;A01
2,016E+11;0;7;0;0;2;3;1;A01
2,016E+11;0;7;0;0;2;3;13;B02
2,016E+11;0;15;0;0;0;4;24;B02
2,016E+11;2;15;0;1;0;1;1;A01
2,016E+11;0;7;0;0;2;3;17;B02
2,016E+11;0;30;0;0;2;1;1;A01
2,016E+11;1;7;0;2;0;1;17;A01
2,016E+11;0;7;0;0;2;7;13;A01
2,016E+11;0;7;0;0;2;3;1;B02
2,016E+11;0;10;0;0;2;2;15;A01
2,016E+11;0;38;1;0;2;2;1;B02
2,016E+11;1;7;0;0;2;1;13;A01
2,016E+11;2;14;0;0;2;3;1;B02
2,016E+11;2;7;0;0;2;7;1;B02
2,016E+11;1;33;0;0;2;1;11;A01
2,016E+11;0;7;0;0;1;6;20;A01
2,016E+11;0;7;0;0;1;3;15;A01
2,016E+11;2;7;0;0;2;1;17;A01
2,016E+11;1;7;0;0;2;7;15;B02
2,016E+11;2;7;0;6;0;3;0;A01
2,016E+11;2;7;0;0;1;2;1;A01
2,016E+11;2;1;0;0;0;1;2;A01
2,016E+11;2;1;0;0;2;1;2;B02
2,016E+11;1;7;0;0;9;1;15;A01
2,016E+11;2;1;0;0;2;6;1;B02
2,016E+11;2;7;0;0;2;1;1;A01
2,016E+11;1;7;0;0;2;3;19;B02
2,016E+11;1;7;0;3;2;3;13;A01
2,016E+11;2;7;0;3;2;3;1;B02
2,016E+11;0;38;23;0;2;3;1;C03
2,016E+11;0;30;0;0;2;1;1;B02
2,016E+11;0;7;0;0;2;2;17;A01
2,016E+11;2;37;12;0;2;8;1;B02
2,016E+11;1;20;0;0;2;2;1;C03
2,016E+11;1;31;0;0;2;1;1;A01
2,016E+11;1;10;0;0;2;3;1;B02
2,016E+11;1;7;0;5;2;0;1;A01
2,016E+11;1;10;0;3;0;1;1;A01
2,016E+11;2;38;0;3;2;3;0;B02
2,016E+11;1;33;0;0;2;3;1;A01
2,016E+11;2;7;0;13;0;2;1;A01
2,016E+11;2;15;0;4;0;1;1;A01
2,016E+11;2;17;0;0;2;1;2;A01
2,016E+11;2;17;0;0;2;4;2;C03
2,016E+11;2;17;0;0;2;4;2;D04
2,016E+11;2;17;0;0;2;4;2;B02
2,016E+11;2;7;0;0;2;3;1;B01
2,016E+11;1;3;0;3;2;3;5;A01
2,016E+11;2;7;0;0;2;8;1;C01
2,016E+11;2;7;0;8;0;1;1;A01
2,016E+11;2;7;0;0;2;1;14;A01
2,016E+11;2;7;0;0;2;4;1;B02
2,016E+11;2;7;0;0;2;2;17;A01
2,016E+11;1;7;0;0;2;1;21;B02
2,016E+11;2;7;0;0;2;1;21;C03
2,016E+11;2;17;0;0;2;8;21;D04
2,016E+11;2;7;0;13;0;9;1;A01
2,016E+11;1;7;0;13;6;1;2;A01
2,016E+11;1;7;0;3;0;1;1;A01
2,016E+11;2;15;0;3;2;2;6;A01
2,016E+11;1;7;0;0;2;1;1;B02
2,016E+11;1;7;0;0;2;1;1;C03
2,016E+11;1;14;0;0;2;1;1;D04
2,016E+11;2;7;0;0;2;3;1;A01
2,016E+11;1;17;0;0;2;3;1;B02
2,016E+11;2;7;0;3;0;3;17;A01
2,016E+11;2;7;0;4;0;8;1;A01
2,016E+11;2;7;0;13;0;1;0;A01
2,016E+11;1;7;0;0;2;9;17;A01
2,016E+11;1;15;0;0;0;0;1;B02
2,016E+11;2;7;0;0;9;2;2;C03
2,016E+11;2;7;0;0;2;1;2;A01
2,016E+11;2;14;0;0;2;4;2;B02
2,016E+11;1;7;0;0;2;1;14;A01
2,016E+11;1;15;0;0;2;6;1;B02
2,016E+11;2;7;0;0;2;1;13;A01
2,016E+11;1;14;0;0;2;1;1;B02
2,016E+11;2;7;0;0;0;6;0;B02
2,016E+11;2;10;0;1;0;2;0;A01
2,016E+11;1;7;0;13;0;1;1;A01
2,016E+11;1;7;0;13;0;9;1;A01
2,016E+11;1;33;0;0;0;4;2;B02
2,016E+11;1;33;0;0;2;2;2;A01
2,016E+11;2;7;0;2;0;0;13;A01
2,016E+11;1;10;0;0;2;2;2;A01
2,016E+11;1;7;0;0;0;6;2;B02
2,016E+11;1;7;0;3;0;2;1;A01
2,016E+11;0;37;2;0;2;8;8;A01
2,016E+11;0;7;0;0;2;1;19;B02
2,016E+11;1;7;0;0;2;1;13;A01
2,016E+11;2;17;0;0;2;1;1;B02
2,016E+11;2;17;0;0;2;8;1;A01
2,016E+11;0;7;0;0;2;1;1;B01
2,016E+11;2;14;0;2;0;3;13;A01
2,016E+11;1;7;0;0;2;1;1;B02
2,016E+11;1;14;0;0;2;3;16;A01
2,016E+11;2;33;0;0;2;1;1;A01
2,016E+11;1;38;0;0;2;8;0;B02
2,016E+11;1;17;0;3;0;3;13;A01
2,016E+11;2;17;0;4;0;3;13;A01
2,016E+11;0;7;0;0;2;3;1;A01
2,016E+11;0;38;1;0;2;3;1;B02
2,016E+11;2;7;0;0;2;2;14;A01
2,016E+11;2;14;0;0;2;6;1;B02
2,016E+11;1;33;0;0;2;7;1;A01
2,016E+11;1;7;0;0;2;8;1;B02
2,016E+11;1;17;0;13;0;2;14;A01
2,016E+11;1;7;0;0;2;7;13;A01
2,016E+11;2;14;0;0;2;1;1;B02
2,016E+11;2;15;0;0;0;4;2;A01
2,016E+11;2;7;0;0;2;1;2;B02
2,016E+11;2;7;0;0;2;4;2;B02
2,016E+11;2;10;0;0;2;1;2;A01
2,016E+11;1;7;0;0;1;2;1;A01
2,016E+11;1;7;0;0;2;1;2;A01
2,016E+11;1;7;0;0;2;4;2;B02
2,016E+11;1;10;0;0;2;6;4;B02
2,016E+11;1;15;0;0;2;2;1;A01
2,016E+11;1;7;0;0;2;8;23;A01
2,016E+11;1;7;0;14;0;2;1;B02
2,016E+11;2;14;0;0;2;1;1;A01
2,016E+11;2;7;0;3;0;4;14;B02
2,016E+11;1;33;0;12;0;3;1;A01
2,016E+11;1;33;0;3;0;8;0;A01
2,016E+11;1;33;0;0;2;1;2;B02
2,016E+11;1;14;0;0;2;4;4;A01
2,016E+11;2;7;0;0;2;8;1;A01
2,016E+11;2;33;0;0;2;7;1;B02
2,016E+11;1;7;0;0;1;2;1;A01
2,016E+11;2;7;0;6;0;0;1;A01
2,016E+11;2;10;0;0;2;2;2;B02
2,016E+11;2;7;0;3;0;4;23;A01
2,016E+11;2;33;0;0;0;1;1;A01
2,016E+11;2;7;0;3;2;4;14;A01
2,016E+11;2;7;0;0;0;4;12;B02
2,016E+11;2;7;0;3;0;1;1;A01
2,016E+11;1;34;0;0;0;8;0;A01
2,016E+11;2;7;0;0;9;1;1;A01
2,016E+11;2;7;0;0;2;4;2;A01
2,016E+11;2;7;0;0;2;1;2;B01
2,016E+11;2;7;0;0;2;1;2;C01
2,016E+11;2;7;0;0;2;1;2;D01
2,016E+11;1;33;0;3;0;8;1;A01
2,016E+11;1;7;0;0;2;3;2;B01
2,016E+11;1;7;0;0;2;1;2;C01
2,016E+11;1;7;0;0;2;4;2;C01
2,016E+11;1;7;0;0;2;4;2;D01
2,016E+11;1;7;0;0;2;4;2;E01
2,016E+11;1;7;0;0;2;1;2;A01
2,016E+11;1;7;0;0;2;4;2;B01
2,016E+11;1;7;0;3;0;7;14;A01
2,016E+11;2;7;0;13;6;3;21;A01
2,016E+11;2;7;0;3;0;1;13;A01
2,016E+11;1;7;0;5;0;1;1;A01
2,016E+11;1;7;0;14;0;1;21;D04
2,016E+11;1;10;0;1;0;2;21;C03
2,016E+11;1;7;0;3;0;1;2;A01
2,016E+11;1;10;0;1;0;0;20;B02
2,016E+11;2;7;0;0;2;7;2;B02
2,016E+11;2;7;0;0;2;1;0;A01
2,016E+11;2;14;0;0;2;1;2;A01
2,016E+11;2;17;0;0;0;4;1;B02
2,016E+11;1;15;0;0;0;4;2;B02
2,016E+11;1;10;0;0;2;2;2;A01
2,016E+11;2;7;0;0;0;5;2;B02
2,016E+11;2;33;0;0;2;0;2;A01
2,016E+11;1;33;0;14;0;8;21;A01
2,016E+11;2;7;0;14;0;3;21;B02
2,016E+11;2;7;0;4;0;2;0;A01
2,016E+11;2;10;0;0;2;1;1;A01
2,016E+11;2;7;0;0;0;7;0;B02
2,016E+11;1;17;0;0;0;0;2;B02
2,016E+11;1;10;0;0;2;2;2;A01
2,016E+11;1;14;0;0;2;7;12;A01
2,016E+11;1;7;0;0;2;8;1;B02
2,016E+11;1;33;0;0;2;8;11;A01
2,016E+11;1;7;0;0;2;2;1;B02
2,016E+11;2;17;0;0;2;1;1;B02
2,016E+11;2;14;0;0;2;4;1;A01
2,016E+11;1;7;0;3;2;3;9;A01
2,016E+11;1;7;0;0;2;1;1;B02
2,016E+11;2;7;0;14;0;2;1;B02
2,016E+11;2;7;0;14;0;1;21;C03
2,016E+11;2;7;0;0;0;0;1;A01
2,016E+11;2;10;0;11;0;1;1;A01
2,016E+11;2;10;0;14;0;1;21;A01
2,016E+11;0;15;0;0;1;2;1;A01
2,016E+11;2;7;0;13;0;1;1;A01
2,016E+11;2;7;0;13;0;2;14;A01
2,016E+11;2;7;0;0;2;1;13;A01
2,016E+11;1;7;0;0;2;1;1;B02
2,016E+11;0;7;0;0;0;1;9;A01
2,016E+11;0;37;10;0;0;7;1;B02
2,016E+11;0;7;0;0;2;3;19;B02
2,016E+11;0;37;10;0;2;1;1;A01
2,016E+11;1;14;0;0;2;2;1;A01
2,016E+11;1;7;0;0;2;4;11;B02
2,016E+11;2;7;0;0;2;1;1;C01
2,016E+11;1;7;0;0;2;8;1;B01
2,016E+11;1;17;0;0;2;2;17;A01
2,016E+11;2;17;0;0;2;3;1;A01
2,016E+11;0;7;0;0;2;7;9;B02
2,016E+11;1;17;0;0;2;2;1;B02
2,016E+11;2;7;0;0;2;3;15;A01
2,016E+11;2;15;0;0;2;3;1;A01
2,016E+11;1;7;0;0;2;3;13;B02
2,016E+11;1;7;0;0;2;2;5;A01
2,016E+11;2;17;0;0;2;2;1;B02
2,016E+11;1;1;0;0;2;4;1;A01
2,016E+11;1;14;0;0;2;1;12;B02
2,016E+11;2;10;0;14;0;1;1;A01
2,016E+11;2;14;0;0;0;6;23;B02
2,016E+11;2;7;0;0;2;7;1;A01
2,016E+11;2;10;0;0;2;1;1;B02
2,016E+11;2;33;0;0;0;4;2;A01
2,016E+11;2;7;0;0;2;1;2;B02
2,016E+11;1;33;0;0;0;0;1;A01
2,016E+11;1;7;0;0;2;2;18;A01
2,016E+11;2;14;0;0;2;6;1;B02
2,016E+11;2;7;0;0;2;1;2;A01
2,016E+11;2;7;0;0;2;4;23;B02
2,016E+11;2;7;0;0;0;4;2;C03
2,016E+11;1;7;0;0;1;1;2;A01
2,016E+11;1;7;0;0;2;9;2;B02
2,016E+11;1;7;0;2;0;1;1;A01
2,016E+11;2;10;0;0;1;2;1;A01
2,016E+11;2;7;0;0;2;7;13;A01
2,016E+11;1;10;0;0;2;3;1;B02
2,016E+11;2;7;0;0;2;1;0;C03
2,016E+11;1;33;0;14;2;1;13;A01
2,016E+11;2;7;0;0;2;8;1;B02
2,016E+11;1;7;0;0;2;3;13;A01