Num_Acc;senc;catv;occutc;obs;obsm;choc;manv;num_veh
2,016E+11;2;15;0;0;2;3;1;B02
2,016E+11;1;15;0;0;2;2;1;A01
2,016E+11;1;10;0;0;2;3;1;B02
2,016E+11;2;7;0;1;0;1;1;A01
2,016E+11;2;14;0;0;0;4;23;B02
2,016E+11;1;38;1;0;2;3;1;A01
2,016E+11;2;7;0;0;2;5;15;B02
2,016E+11;1;33;0;0;2;1;17;A01
2,016E+11;1;14;0;0;2;6;15;B02
2,016E+11;0;1;0;0;2;1;5;B02
2,016E+11;0;38;1;0;2;3;1;A01
2,016E+11;1;7;0;0;2;1;2;A01
2,016E+11;1;17;0;0;2;4;2;B02
2,016E+11;1;15;0;0;2;1;1;B02
2,016E+11;2;7;0;0;2;7;13;A01
2,016E+11;2;14;0;0;2;1;1;A01
2,016E+11;0;7;0;0;2;8;19;B02
2,016E+11;1;14;0;0;2;8;15;A01
2,016E+11;1;33;0;0;2;1;17;B02
2,016E+11;1;21;0;0;2;6;2;A01
2,016E+11;1;17;0;0;2;2;2;B02
2,016E+11;1;7;0;0;2;3;13;A01
2,016E+11;2;17;0;0;0;3;1;B02
2,016E+11;1;7;0;0;0;6;23;C03
2,016E+11;1;20;0;0;2;2;1;B02
2,016E+11;2;7;0;0;2;6;13;A01
2,016E+11;0;14;0;0;1;7;16;A01
2,016E+11;1;15;0;0;0;3;1;B02
2,016E+11;2;7;0;0;0;1;13;A01
2,016E+11;0;1;0;0;2;1;15;B02
2,016E+11;0;14;0;0;2;2;1;A01
2,016E+11;1;7;0;0;2;1;13;A01
2,016E+11;2;17;0;0;2;2;1;B02
2,016E+11;1;7;0;0;2;5;13;A01
2,016E+11;2;15;0;0;2;1;1;B02
2,016E+11;2;10;0;0;0;8;1;C04
2,016E+11;1;17;0;0;0;5;23;A01
2,016E+11;1;15;0;14;0;5;1;B03
2,016E+11;2;38;0;0;2;1;1;B02
2,016E+11;2;7;0;0;2;7;19;A01
2,016E+11;2;38;11;6;0;1;15;A01
2,016E+11;1;7;0;0;2;3;13;A01
2,016E+11;1;7;0;0;2;1;13;A01
2,016E+11;2;15;0;0;2;1;1;B02
2,016E+11;2;14;0;0;2;3;1;A01
2,016E+11;2;38;33;0;2;2;16;B02
2,016E+11;1;7;0;0;2;2;14;A01
2,016E+11;1;7;0;0;0;6;1;C03
2,016E+11;2;10;0;0;2;1;1;B02
2,016E+11;1;14;0;0;2;2;1;A01
2,016E+11;2;15;0;0;0;2;1;A01
2,016E+11;0;17;0;0;2;3;0;B02
2,016E+11;2;7;0;0;2;3;1;A01
2,016E+11;2;7;0;0;2;3;13;A01
2,016E+11;1;15;0;0;2;3;1;B02
2,016E+11;1;38;17;0;2;1;1;A01
2,016E+11;0;7;0;0;2;8;19;B02
2,016E+11;0;7;0;0;0;3;13;B02
2,016E+11;0;37;0;0;0;3;0;A01
2,016E+11;1;7;0;0;9;3;1;B02
2,016E+11;2;33;0;0;2;0;1;A01
2,016E+11;1;7;0;0;2;1;13;A01
2,016E+11;2;38;13;0;2;3;1;B02
2,016E+11;1;7;0;11;0;1;0;A01
2,016E+11;1;7;0;0;0;4;2;A01
2,016E+11;1;10;0;0;2;1;2;B02
2,016E+11;1;7;0;0;2;1;2;A01
2,016E+11;1;7;0;0;2;4;2;B02
2,016E+11;1;7;0;0;2;3;13;A01
2,016E+11;1;7;0;0;2;2;2;B02
2,016E+11;1;10;0;0;2;2;13;C03
2,016E+11;1;7;0;0;2;1;1;D04
2,016E+11;1;10;0;0;2;4;1;E05
2,016E+11;2;33;0;0;9;1;1;A01
2,016E+11;1;15;0;0;2;7;1;B02
2,016E+11;1;10;0;3;0;2;1;A01
2,016E+11;2;17;0;0;2;1;2;B02
2,016E+11;2;15;0;0;2;4;1;A01
2,016E+11;2;7;0;0;2;1;1;B02
2,016E+11;2;7;0;0;0;4;1;A01
2,016E+11;2;33;0;0;0;0;21;A01
2,016E+11;2;7;0;0;0;4;2;B02
2,016E+11;2;7;0;0;2;1;2;A01
2,016E+11;2;7;0;0;2;1;1;A01
2,016E+11;2;7;0;0;2;4;1;C03
2,016E+11;2;7;0;0;2;4;1;B02
2,016E+11;1;7;0;0;2;1;2;A01
2,016E+11;1;7;0;0;2;4;2;B02
2,016E+11;1;7;0;4;0;3;2;A01
2,016E+11;2;7;0;3;0;2;14;A01
2,016E+11;1;7;0;3;0;1;6;A01
2,016E+11;1;7;0;0;2;1;3;A01
2,016E+11;1;30;0;0;2;4;1;B02
2,016E+11;1;7;0;3;0;1;17;A01
2,016E+11;1;7;0;0;0;7;1;A01
2,016E+11;1;33;0;0;0;1;0;A01
2,016E+11;1;7;0;14;0;1;1;B02
2,016E+11;1;7;0;0;1;1;1;A01
2,016E+11;1;33;0;0;2;1;2;B02
2,016E+11;1;7;0;0;2;8;2;C03
2,016E+11;0;7;0;0;2;8;2;B02
2,016E+11;2;7;0;0;0;2;12;A01
2,016E+11;2;7;0;0;2;6;1;A01
2,016E+11;2;33;0;0;2;3;11;B02
2,016E+11;2;7;0;0;2;4;1;C03
2,016E+11;2;7;0;4;0;5;1;B02
2,016E+11;2;7;0;0;0;1;1;D04
2,016E+11;2;7;0;0;0;3;14;A01
2,016E+11;2;7;0;0;2;1;2;A01
2,016E+11;2;7;0;0;2;6;1;B02
2,016E+11;2;33;0;0;2;1;2;A01
2,016E+11;2;7;0;4;0;1;0;A01
2,016E+11;2;33;0;14;0;1;1;A01
2,016E+11;2;7;0;0;2;3;1;D04
2,016E+11;2;33;0;14;0;1;1;B02
2,016E+11;2;33;0;14;0;1;1;C03
2,016E+11;2;7;0;0;2;5;0;B02
2,016E+11;2;33;0;0;2;3;1;A01
2,016E+11;1;17;0;0;2;0;2;A01
2,016E+11;1;7;0;0;2;1;2;B02
2,016E+11;2;33;0;0;2;1;1;A01
2,016E+11;2;33;0;0;2;4;23;C03
2,016E+11;2;33;0;0;2;4;1;B02
2,016E+11;1;15;0;4;0;2;1;A01
2,016E+11;0;33;0;3;0;0;1;A01
2,016E+11;1;33;0;0;2;8;1;A01
2,016E+11;1;10;0;0;2;7;12;B02
2,016E+11;2;7;0;0;2;4;4;A01
2,016E+11;2;33;0;0;2;1;2;B02
2,016E+11;2;33;0;0;2;7;17;A01
2,016E+11;2;7;0;0;2;8;14;B02
2,016E+11;2;7;0;0;2;1;1;A01
2,016E+11;2;7;0;0;0;4;1;B02
2,016E+11;2;33;0;0;2;1;2;A01
2,016E+11;2;33;0;0;2;4;2;B02
2,016E+11;2;7;0;0;0;8;1;A01
2,016E+11;2;7;0;0;2;0;0;B02
2,016E+11;2;33;0;0;2;2;3;A01
2,016E+11;2;7;0;0;2;3;2;B02
2,016E+11;2;7;0;0;0;4;1;C03
2,016E+11;2;7;0;0;2;6;1;D04
2,016E+11;2;33;0;3;0;2;2;A01
2,016E+11;1;7;0;0;2;4;1;B02
2,016E+11;1;7;0;0;2;1;2;A01
2,016E+11;1;10;0;0;2;1;2;A01
2,016E+11;2;7;0;3;0;2;13;A01
2,016E+11;1;33;0;3;0;3;1;A01
2,016E+11;1;15;0;0;2;6;1;B02
2,016E+11;1;7;0;5;0;1;1;C03
2,016E+11;1;7;0;0;2;2;2;A01
2,016E+11;1;10;0;0;2;1;2;A01
2,016E+11;1;14;0;0;2;4;2;B02
2,016E+11;1;7;0;13;0;1;17;A01
2,016E+11;2;7;0;0;2;1;3;A01
2,016E+11;2;7;0;0;2;5;1;E05
2,016E+11;2;7;0;0;2;7;1;C03
2,016E+11;2;7;0;0;2;4;1;D04
2,016E+11;1;7;0;0;9;1;1;C03
2,016E+11;1;7;0;0;9;1;0;D04
2,016E+11;1;14;0;0;9;1;0;E05
2,016E+11;1;15;0;1;0;7;14;A01
2,016E+11;1;15;0;0;2;8;24;B02
2,016E+11;1;7;0;3;0;3;16;A01
2,016E+11;1;7;0;13;0;2;1;A01
2,016E+11;2;7;0;0;2;2;2;A01
2,016E+11;2;33;0;0;2;4;2;B02
2,016E+11;0;30;0;0;2;1;5;A01
2,016E+11;0;7;0;0;2;1;1;B02
2,016E+11;2;14;0;3;0;3;13;A01
2,016E+11;0;10;0;0;2;8;15;B02
2,016E+11;0;30;0;0;2;1;13;A01
2,016E+11;2;7;0;0;9;1;1;B02
2,016E+11;2;7;0;3;2;3;13;C03
2,016E+11;2;7;0;0;0;0;9;A01
2,016E+11;2;7;0;14;0;1;1;D04
2,016E+11;2;7;0;13;0;1;1;A01
2,016E+11;1;7;0;3;0;1;1;A01
2,016E+11;0;30;0;0;2;0;2;A01
2,016E+11;0;7;0;0;2;3;16;B02
2,016E+11;0;7;0;0;1;1;1;A01
2,016E+11;0;7;0;0;2;2;2;B02
2,016E+11;0;7;0;0;2;5;2;A01
2,016E+11;0;7;0;0;0;1;1;B02
2,016E+11;0;7;0;0;0;1;1;A01
2,016E+11;0;7;0;12;2;2;15;A01
2,016E+11;0;7;0;0;2;1;1;B02
2,016E+11;0;7;0;0;2;2;15;A01
2,016E+11;0;7;0;0;2;3;1;B02
2,016E+11;2;7;0;2;0;1;1;A01
2,016E+11;0;7;0;2;0;8;1;A01
2,016E+11;1;3;0;0;2;7;1;A01
2,016E+11;2;7;0;0;2;1;15;B02
2,016E+11;0;7;0;0;2;1;0;A01
2,016E+11;0;7;0;0;2;1;0;B02
2,016E+11;1;30;0;0;1;1;3;A01
2,016E+11;1;7;0;0;2;1;1;B02
2,016E+11;1;31;0;0;2;1;1;A01
2,016E+11;1;7;0;3;0;4;2;B02
2,016E+11;1;10;0;3;2;2;2;A01
2,016E+11;0;7;0;0;1;1;1;A01
2,016E+11;1;7;0;0;1;2;2;A01
2,016E+11;0;7;0;0;1;5;15;B02
2,016E+11;0;7;0;0;2;3;1;A01
2,016E+11;;1;0;;2;5;2;B01
2,016E+11;0;7;0;0;2;2;12;A01
2,016E+11;2;33;0;0;0;0;1;A01
2,016E+11;2;33;0;0;2;1;1;A01
2,016E+11;1;10;0;0;2;2;0;B02
2,016E+11;1;7;0;0;0;4;19;B02
2,016E+11;1;33;0;0;2;1;1;A01
2,016E+11;0;7;0;0;2;1;1;A01
2,016E+11;0;7;0;8;2;8;1;B02
2,016E+11;1;7;0;0;2;1;13;B02
2,016E+11;2;7;0;0;2;3;1;A01
2,016E+11;2;10;0;0;2;1;2;B02
2,016E+11;2;7;0;0;2;4;23;A01
2,016E+11;2;7;0;2;0;1;1;A01
2,016E+11;2;7;0;0;1;3;1;A01
2,016E+11;0;7;0;14;0;1;1;A01
2,016E+11;2;21;0;0;9;5;17;A01
2,016E+11;0;1;0;0;2;8;1;B02
2,016E+11;0;30;0;0;2;1;13;B02
2,016E+11;0;7;0;0;2;3;1;A01
2,016E+11;0;7;0;0;1;3;1;A01
2,016E+11;1;1;0;0;2;6;1;B02
2,016E+11;1;1;0;0;2;4;1;C03
2,016E+11;1;7;0;0;2;2;1;A01
2,016E+11;2;7;0;2;0;2;1;A01
2,016E+11;1;7;0;0;2;3;5;A01
2,016E+11;2;7;0;0;2;3;1;B02
2,016E+11;1;10;0;0;2;2;19;A01
2,016E+11;2;17;0;0;2;3;1;B02
2,016E+11;2;7;0;0;2;1;17;A01
2,016E+11;2;10;0;3;0;4;1;B02
2,016E+11;2;10;0;0;2;1;17;A01
2,016E+11;2;17;0;0;0;4;1;B02
2,016E+11;1;15;0;0;0;6;1;B02
2,016E+11;1;7;0;0;2;1;17;A01
2,016E+11;1;7;0;0;2;1;2;C03
2,016E+11;2;7;0;0;2;6;24;B02
2,016E+11;2;10;0;0;2;4;24;C03
2,016E+11;2;17;0;1;1;2;1;A01
2,016E+11;1;7;0;0;2;1;1;C03
2,016E+11;1;7;0;0;2;3;13;A01
2,016E+11;2;15;0;0;2;3;1;B02
2,016E+11;1;7;0;13;0;2;1;A01
2,016E+11;1;7;0;13;0;1;1;A01
2,016E+11;2;7;0;13;0;1;1;A01
2,016E+11;1;7;0;0;2;1;1;C03
2,016E+11;1;7;0;4;2;1;1;B02
2,016E+11;1;7;0;4;0;3;13;A01
2,016E+11;1;7;0;0;2;1;0;D04
2,016E+11;1;7;0;0;2;1;14;A01
2,016E+11;1;15;0;0;2;8;1;B02
2,016E+11;2;7;0;3;2;2;14;A01
2,016E+11;2;14;0;0;2;6;1;B02
2,016E+11;1;7;0;4;2;9;11;A01
2,016E+11;1;7;0;3;1;5;1;A01
2,016E+11;2;7;0;13;0;1;1;A01
2,016E+11;2;7;0;0;0;1;2;A01
2,016E+11;2;7;0;0;0;4;2;B02
2,016E+11;2;10;0;6;0;3;1;A01
2,016E+11;2;7;0;3;0;2;1;A01
2,016E+11;0;7;0;13;0;9;12;A01
2,016E+11;1;7;0;0;2;1;1;A01
2,016E+11;1;17;0;0;0;4;1;B02
2,016E+11;2;7;0;0;0;9;1;A01
2,016E+11;2;15;0;0;2;3;1;B02
2,016E+11;1;7;0;0;2;3;13;A01
2,016E+11;2;3;0;0;2;3;13;A01
2,016E+11;1;14;0;0;2;3;1;B02
2,016E+11;2;7;0;0;2;3;1;B01
2,016E+11;1;10;0;0;2;3;13;A01
2,016E+11;2;7;0;0;2;1;1;C01
2,016E+11;1;7;0;0;1;1;1;A01
2,016E+11;1;2;0;0;2;1;1;A01
2,016E+11;1;7;0;0;2;6;15;B01
2,016E+11;1;33;0;0;2;4;1;B01
2,016E+11;1;33;0;0;2;1;2;A01
2,016E+11;1;7;0;0;1;3;1;A01
2,016E+11;2;7;0;0;2;8;2;B02
2,016E+11;2;33;0;0;2;7;17;A01
2,016E+11;0;7;0;0;2;1;1;B02
2,016E+11;0;7;0;0;2;1;11;A01
2,016E+11;0;1;0;0;2;4;1;B02
2,016E+11;0;7;0;0;2;2;1;A01
2,016E+11;0;7;0;1;0;1;21;C03
2,016E+11;0;7;0;0;2;1;1;B02
2,016E+11;0;7;0;0;2;1;5;A01
2,016E+11;0;7;0;0;2;1;16;A01
2,016E+11;0;1;0;0;2;1;19;B02
2,016E+11;1;7;0;0;2;2;2;A01
2,016E+11;1;33;0;0;2;2;2;B02
2,016E+11;1;1;0;0;0;9;2;C03
2,016E+11;1;10;0;0;2;3;13;A01
2,016E+11;2;7;0;6;2;3;1;B01
2,016E+11;1;7;0;0;1;2;1;A01
2,016E+11;1;7;0;0;2;1;1;B01
2,016E+11;2;7;0;0;2;7;13;A01
2,016E+11;2;33;0;0;2;1;1;B01
2,016E+11;1;21;0;0;9;2;15;A01
2,016E+11;1;7;0;0;1;5;0;A01
2,016E+11;2;7;0;1;1;2;1;A01
2,016E+11;2;7;0;0;2;2;13;A01
2,016E+11;1;7;0;0;2;3;1;B01
2,016E+11;1;30;0;0;0;0;0;A01
2,016E+11;1;7;0;0;1;1;15;A01
2,016E+11;1;7;0;0;1;2;1;A01
2,016E+11;2;7;0;13;0;1;1;A01
2,016E+11;1;7;0;0;2;1;1;A01
2,016E+11;2;17;0;0;2;1;1;B02
2,016E+11;1;14;0;1;1;2;14;A01
2,016E+11;2;7;0;0;2;1;2;A01
2,016E+11;2;7;0;9;0;4;23;B02
2,016E+11;2;7;0;3;0;3;1;A01
2,016E+11;2;7;0;16;0;7;1;A01
2,016E+11;1;17;0;0;2;1;1;A01
2,016E+11;2;7;0;0;9;8;15;B02
2,016E+11;1;7;0;0;2;2;1;A01
2,016E+11;1;15;0;0;2;6;1;B02
2,016E+11;1;37;0;0;0;4;2;B02
2,016E+11;1;10;0;0;2;1;2;A01
2,016E+11;1;7;0;0;2;1;2;A01
2,016E+11;1;7;0;0;2;4;2;B02
2,016E+11;2;7;0;0;2;1;2;A01
2,016E+11;2;10;0;0;2;4;2;B02
2,016E+11;2;7;0;0;2;1;2;B02
2,016E+11;2;7;0;0;2;4;2;A01
2,016E+11;1;7;0;0;2;3;1;B02
2,016E+11;1;7;0;0;2;3;1;A01
2,016E+11;2;7;0;0;2;3;3;C03
2,016E+11;2;32;0;0;0;7;16;A01
2,016E+11;2;7;0;0;0;6;11;B02
2,016E+11;2;33;0;0;2;1;1;A01
2,016E+11;2;7;0;0;2;1;2;B02
2,016E+11;2;14;0;0;0;6;1;C03
2,016E+11;2;14;0;0;0;4;1;A01
2,016E+11;1;7;0;4;2;2;17;A01
2,016E+11;1;7;0;0;0;6;12;B02
2,016E+11;2;7;0;3;0;6;2;A01
2,016E+11;2;7;0;0;2;1;15;A01
2,016E+11;2;7;0;0;2;1;1;B02
2,016E+11;1;33;0;0;2;1;1;A01
2,016E+11;2;10;0;0;2;1;1;B02
2,016E+11;1;7;0;6;0;9;0;A01
2,016E+11;0;2;0;8;0;8;0;A01
2,016E+11;1;7;0;3;0;1;9;A01
2,016E+11;2;7;0;0;2;3;1;B02
2,016E+11;1;7;0;0;2;3;16;A01
2,016E+11;1;7;0;0;2;3;17;A01
2,016E+11;2;15;0;0;2;1;1;B02
2,016E+11;2;7;0;4;0;8;13;A01
2,016E+11;1;7;0;0;2;2;17;A01
2,016E+11;1;7;0;0;0;3;1;B02
2,016E+11;2;7;0;3;0;3;1;A01
2,016E+11;1;7;0;4;0;3;1;A01
2,016E+11;1;7;0;1;2;3;21;G07
2,016E+11;1;7;0;4;0;2;21;A01
2,016E+11;1;7;0;1;2;1;21;C03
2,016E+11;1;17;0;3;2;2;21;D04
2,016E+11;1;7;0;4;2;8;23;B02
2,016E+11;1;7;0;1;2;1;21;E05
2,016E+11;1;7;0;0;0;7;1;H08
2,016E+11;1;7;0;1;2;1;21;F06
2,016E+11;1;7;0;1;0;4;2;B01
2,016E+11;1;7;0;0;0;4;23;A01
2,016E+11;1;7;0;1;2;1;2;C01
2,016E+11;2;7;0;3;0;1;1;B01
2,016E+11;2;7;0;0;0;4;11;A01
2,016E+11;2;7;0;13;0;1;1;A01
2,016E+11;0;14;0;0;2;1;1;B02
2,016E+11;0;7;0;0;2;1;1;A01
2,016E+11;1;15;0;0;2;1;2;A01
2,016E+11;1;7;0;0;0;4;0;B02
2,016E+11;2;10;0;0;0;2;19;A01
2,016E+11;1;7;0;0;0;2;1;B02
2,016E+11;2;7;0;3;0;3;14;A01
2,016E+11;1;7;0;0;0;2;1;A01
2,016E+11;2;7;0;3;0;3;14;A01
2,016E+11;1;7;0;0;0;9;1;A01
2,016E+11;1;7;0;0;1;2;14;A01
2,016E+11;2;7;0;4;0;8;0;A01
2,016E+11;1;7;0;0;0;6;1;A01
2,016E+11;1;7;0;0;2;2;2;B02
2,016E+11;1;15;0;0;0;6;23;A01
2,016E+11;1;10;0;0;2;1;3;B02
2,016E+11;2;7;0;3;0;9;12;A01
2,016E+11;1;7;0;6;0;9;1;A01
2,016E+11;2;33;0;0;0;7;9;A01
2,016E+11;1;7;0;3;0;0;14;A01
2,016E+11;1;7;0;3;0;1;14;A01
2,016E+11;2;17;0;2;0;3;1;A01
2,016E+11;2;14;0;13;0;3;14;A01
2,016E+11;1;7;0;5;0;1;13;A01
2,016E+11;1;7;0;0;2;1;2;A01
2,016E+11;1;7;0;0;0;0;0;B02
2,016E+11;1;17;0;0;0;0;14;A01
2,016E+11;1;17;0;0;0;6;20;B02
2,016E+11;1;17;0;0;2;2;21;C03
2,016E+11;1;7;0;13;0;1;1;A01
2,016E+11;1;7;0;3;0;1;1;A01
2,016E+11;1;7;0;8;2;1;1;A01
2,016E+11;1;7;0;0;2;7;1;B02
2,016E+11;1;7;0;16;0;1;1;A01
2,016E+11;2;7;0;16;0;1;14;A01
2,016E+11;1;7;0;6;0;1;2;A01
2,016E+11;1;7;0;13;0;1;1;A01
2,016E+11;1;17;0;0;0;6;2;B02
2,016E+11;1;7;0;1;2;2;2;A01
2,016E+11;2;33;0;0;2;1;1;B02
2,016E+11;2;17;0;0;0;4;11;A01
2,016E+11;0;7;0;2;0;1;1;A01
2,016E+11;2;17;0;0;2;4;2;B02
2,016E+11;2;7;0;3;2;1;2;A01
2,016E+11;2;7;0;3;0;2;14;A01
2,016E+11;2;7;0;3;0;1;14;A01
2,016E+11;2;7;0;0;9;1;1;E05
2,016E+11;1;7;0;14;0;2;1;B02
2,016E+11;1;7;0;14;0;7;1;C03
2,016E+11;1;7;0;14;0;7;1;D04
2,016E+11;1;7;0;3;0;1;13;A01
2,016E+11;2;7;0;3;0;3;1;A01
2,016E+11;1;7;0;0;2;1;1;B02
2,016E+11;2;15;0;0;2;5;1;G07
2,016E+11;1;7;0;3;2;1;1;A01
2,016E+11;2;7;0;14;0;2;1;E05
2,016E+11;2;10;0;0;2;1;1;H08
2,016E+11;2;7;0;14;0;1;1;D04
2,016E+11;2;10;0;0;9;8;1;F06
2,016E+11;1;7;0;0;2;3;1;C03
2,016E+11;2;14;0;6;0;1;15;A01
2,016E+11;2;7;0;0;2;1;5;A01
2,016E+11;1;7;0;0;2;1;1;B02
2,016E+11;2;7;0;3;0;1;1;A01
2,016E+11;2;33;0;0;2;1;2;A01
2,016E+11;2;10;0;0;0;5;2;B02
2,016E+11;2;34;0;3;0;8;17;A01
2,016E+11;1;15;0;0;2;1;2;A01
2,016E+11;1;17;0;0;0;4;2;B02
2,016E+11;1;7;0;0;0;9;1;A01
2,016E+11;2;7;0;0;2;1;2;A01
2,016E+11;2;10;0;0;0;4;2;B02
2,016E+11;2;7;0;0;0;0;24;A01
2,016E+11;2;10;0;0;0;0;24;B02
2,016E+11;2;7;0;0;1;1;0;C03
2,016E+11;2;7;0;0;0;1;0;D04
2,016E+11;2;7;0;0;0;3;0;E05
2,016E+11;2;7;0;0;0;1;0;F06
2,016E+11;2;7;0;0;0;1;0;G07
2,016E+11;2;7;0;0;0;0;0;H08
2,016E+11;2;7;0;3;2;2;2;A01
2,016E+11;2;17;0;0;2;6;2;B02
2,016E+11;2;10;0;0;0;5;24;A01
2,016E+11;2;17;0;1;0;2;1;B02
2,016E+11;2;10;0;0;0;2;1;A01
2,016E+11;2;1;0;0;2;1;13;A01
2,016E+11;1;14;0;0;0;8;1;B02
2,016E+11;1;7;0;0;2;2;13;A01
2,016E+11;2;1;0;0;2;1;1;B02
2,016E+11;2;1;0;0;0;0;1;C03
2,016E+11;2;7;0;0;2;4;1;A01
2,016E+11;2;31;0;0;2;1;1;B02
2,016E+11;1;7;0;0;2;1;2;A01
2,016E+11;1;7;0;0;2;4;2;B02
2,016E+11;1;7;0;0;2;4;2;C03
2,016E+11;1;7;0;0;2;4;2;D04
2,016E+11;1;7;0;0;2;4;2;E05
2,016E+11;1;7;0;13;0;1;1;A01
2,016E+11;1;7;0;0;2;1;2;A01
2,016E+11;1;17;0;0;2;4;2;B02
2,016E+11;1;7;0;0;2;1;1;C03
2,016E+11;2;7;0;13;0;2;21;A01
2,016E+11;1;7;0;0;2;3;13;A01
2,016E+11;2;17;0;0;2;3;1;B02
2,016E+11;1;7;0;3;2;3;13;A01
2,016E+11;2;17;0;3;2;3;1;B02
2,016E+11;1;7;0;0;2;2;1;C03
2,016E+11;1;17;0;3;0;1;13;A01
2,016E+11;1;7;0;0;2;8;15;A01
2,016E+11;2;30;0;0;2;1;1;B02
2,016E+11;0;30;0;0;2;1;1;B02
2,016E+11;0;7;0;0;2;7;15;A01
2,016E+11;1;1;0;0;2;1;13;A01
2,016E+11;2;7;0;0;9;3;1;B02
2,016E+11;0;7;0;0;0;8;1;A01
2,016E+11;0;7;0;0;0;1;1;B02
2,016E+11;1;7;0;0;2;1;1;A01
2,016E+11;2;7;0;0;0;1;17;B02
2,016E+11;2;7;0;4;0;8;1;A01
2,016E+11;0;7;0;0;2;2;1;A01
2,016E+11;0;30;0;0;0;5;1;B02
2,016E+11;1;7;0;0;1;2;1;A01
2,016E+11;2;30;0;0;0;0;1;A01
2,016E+11;2;7;0;0;2;7;17;B02
2,016E+11;2;30;0;0;2;8;1;A01
2,016E+11;2;7;0;0;2;5;15;A01
2,016E+11;1;30;0;0;2;1;1;B02
2,016E+11;2;33;0;0;2;9;0;A01
2,016E+11;0;7;0;0;2;9;0;B02
2,016E+11;1;7;0;15;0;1;21;A01
2,016E+11;2;10;0;0;2;6;0;B02
2,016E+11;2;33;0;0;2;7;0;A01
2,016E+11;2;7;0;0;2;1;1;A01
2,016E+11;1;31;0;0;2;1;13;B02
2,016E+11;0;7;0;0;2;6;10;A01
2,016E+11;2;33;0;0;2;1;1;B02
2,016E+11;2;14;0;0;1;1;1;A01
2,016E+11;2;34;0;9;0;1;1;A01
2,016E+11;1;7;0;0;2;3;15;B02
2,016E+11;2;33;0;0;2;1;1;A01
2,016E+11;1;7;0;0;2;1;23;C03
2,016E+11;2;33;0;0;2;1;1;A01
2,016E+11;0;7;0;0;2;2;15;B02
2,016E+11;2;34;0;0;2;1;17;A01
2,016E+11;2;7;0;0;0;6;1;B02
2,016E+11;2;7;0;0;2;1;2;A01
2,016E+11;2;2;0;0;2;4;2;B02
2,016E+11;1;33;0;0;2;2;17;B02
2,016E+11;2;7;0;0;2;8;15;A01
2,016E+11;2;7;0;0;2;6;1;A01
2,016E+11;1;34;0;0;2;1;1;B02
2,016E+11;0;7;0;0;2;3;19;A01
2,016E+11;1;33;0;0;2;1;1;B02
2,016E+11;1;7;0;0;2;3;11;A01
2,016E+11;1;33;0;0;2;2;3;B01
2,016E+11;1;7;0;0;2;5;1;C01
2,016E+11;1;7;0;0;1;1;1;A01
2,016E+11;1;14;0;0;0;0;0;A01
2,016E+11;1;7;0;3;2;0;1;A01
2,016E+11;2;7;0;0;0;1;0;B02
2,016E+11;0;33;0;0;2;1;3;B02
2,016E+11;0;7;0;0;2;7;23;A01
2,016E+11;1;33;0;0;2;1;1;A01
2,016E+11;2;7;0;0;2;1;15;B02
2,016E+11;2;7;0;1;1;3;1;A01
2,016E+11;0;32;0;0;2;1;2;B02
2,016E+11;0;7;0;5;2;1;2;A01
2,016E+11;1;7;0;0;2;5;15;B02
2,016E+11;1;33;0;0;2;1;1;A01
2,016E+11;0;7;0;0;0;1;1;A01
2,016E+11;0;7;0;0;0;4;23;C03
2,016E+11;0;7;0;0;0;0;23;B02
2,016E+11;1;1;0;0;2;1;15;B02
2,016E+11;1;7;0;0;2;3;9;A01
2,016E+11;2;33;0;13;0;0;1;A01
2,016E+11;0;7;0;6;0;4;1;B02
2,016E+11;0;7;0;1;2;1;1;A01
2,016E+11;1;7;0;0;2;3;15;A01
2,016E+11;2;7;0;0;2;3;1;B02
2,016E+11;1;7;0;0;1;2;1;A01
2,016E+11;1;33;0;0;2;1;1;B02
2,016E+11;2;7;0;0;2;3;15;A01
2,016E+11;1;31;0;12;0;8;1;A01
2,016E+11;1;7;0;2;0;1;16;A01
2,016E+11;2;7;0;16;0;9;14;A01
2,016E+11;2;7;0;14;0;1;1;C03
2,016E+11;2;7;0;0;0;4;1;B02
2,016E+11;2;7;0;0;2;6;2;A01
2,016E+11;2;7;0;13;0;0;21;A01
2,016E+11;2;17;0;0;0;0;24;A01
2,016E+11;2;7;0;1;0;1;19;C03
2,016E+11;2;10;0;0;2;1;2;A01
2,016E+11;2;7;0;0;0;4;2;C03
2,016E+11;1;7;0;3;0;1;14;A01
2,016E+11;1;7;0;0;2;2;2;C03
2,016E+11;1;7;0;1;0;6;1;B02
2,016E+11;1;7;0;0;0;4;24;A01
2,016E+11;1;7;0;3;0;1;14;A01
2,016E+11;2;17;0;0;0;4;24;B02
2,016E+11;2;7;0;1;0;1;14;A01
2,016E+11;1;10;0;2;0;1;0;A01
2,016E+11;1;7;0;3;2;2;2;A01
2,016E+11;1;14;0;0;0;6;2;B02
2,016E+11;2;17;0;13;0;2;2;A01
2,016E+11;1;10;0;3;0;1;2;A01
2,016E+11;2;7;0;0;2;2;2;B02
2,016E+11;2;7;0;3;2;1;13;A01