Num_Acc;senc;catv;occutc;obs;obsm;choc;manv;num_veh
2,016E+11;1;30;0;0;2;4;2;B01
2,016E+11;2;7;0;0;2;1;2;A01
2,016E+11;2;7;0;0;2;4;2;B01
2,016E+11;1;7;0;0;2;2;1;A01
2,016E+11;1;1;0;0;2;1;5;B01
2,016E+11;1;7;0;0;2;2;17;A01
2,016E+11;1;7;0;0;2;6;2;B01
2,016E+11;1;7;0;0;1;1;1;A01
2,016E+11;1;1;0;0;2;7;13;B01
2,016E+11;1;7;0;0;2;3;9;A01
2,016E+11;1;7;0;0;2;1;1;A01
2,016E+11;1;1;0;0;2;6;15;B01
2,016E+11;1;7;0;0;1;1;2;A01
2,016E+11;1;7;0;0;2;3;2;A01
2,016E+11;1;30;0;0;2;2;9;B01
2,016E+11;2;7;0;0;2;1;2;A01
2,016E+11;1;7;0;0;2;4;1;B01
2,016E+11;1;7;0;0;1;3;2;A01
2,016E+11;1;7;0;0;1;7;2;A01
2,016E+11;1;7;0;0;2;1;2;A01
2,016E+11;1;7;0;0;2;4;2;B01
2,016E+11;1;7;0;0;2;4;2;C01
2,016E+11;1;7;0;0;1;1;1;A01
2,016E+11;2;33;0;0;2;7;1;B01
2,016E+11;1;7;0;0;2;1;9;A01
2,016E+11;2;7;0;0;1;1;1;A01
2,016E+11;2;7;0;0;1;1;1;A01
2,016E+11;1;7;0;0;2;1;6;A01
2,016E+11;1;7;0;0;2;1;0;B01
2,016E+11;2;7;0;0;9;6;9;A01
2,016E+11;2;1;0;0;2;1;1;B01
2,016E+11;2;7;0;0;9;1;15;A01
2,016E+11;1;1;0;0;2;1;1;B01
2,016E+11;1;7;0;0;2;1;2;A01
2,016E+11;1;7;0;0;1;4;2;B01
2,016E+11;1;7;0;0;2;7;9;A01
2,016E+11;2;2;0;0;2;1;1;B01
2,016E+11;1;30;0;0;9;0;2;A01
2,016E+11;1;7;0;0;2;2;0;A01
2,016E+11;2;1;0;0;0;0;0;B01
2,016E+11;1;2;0;0;2;0;0;B01
2,016E+11;2;7;0;0;2;8;16;A01
2,016E+11;0;7;0;0;1;8;1;A01
2,016E+11;2;2;0;0;0;0;0;A01
2,016E+11;2;33;0;0;0;0;0;B01
2,016E+11;1;7;0;0;2;2;15;A01
2,016E+11;2;33;0;0;2;1;2;B01
2,016E+11;1;31;0;0;2;1;2;A01
2,016E+11;2;7;0;0;2;8;15;B01
2,016E+11;1;7;0;0;2;2;1;B01
2,016E+11;2;30;0;0;2;1;9;A01
2,016E+11;2;7;0;0;2;2;15;A01
2,016E+11;1;30;0;0;2;1;2;B01
2,016E+11;2;7;0;0;1;1;1;A01
2,016E+11;1;7;0;0;2;2;15;A01
2,016E+11;2;7;0;0;2;3;2;B01
2,016E+11;1;7;0;0;1;1;0;A01
2,016E+11;1;7;0;0;2;7;9;A01
2,016E+11;1;1;0;0;2;1;1;B01
2,016E+11;2;10;0;0;1;1;1;A01
2,016E+11;2;7;0;0;1;0;0;A01
2,016E+11;1;7;0;0;2;2;15;A01
2,016E+11;2;7;0;0;2;3;2;B01
2,016E+11;1;7;0;0;2;7;1;A01
2,016E+11;1;1;0;0;2;1;9;B01
2,016E+11;1;7;0;0;2;3;15;A01
2,016E+11;2;1;0;0;2;8;0;B01
2,016E+11;2;7;0;0;2;3;0;B01
2,016E+11;1;7;0;15;2;2;1;A01
2,016E+11;1;1;0;0;2;5;2;A01
2,016E+11;2;2;0;0;2;1;2;B01
2,016E+11;1;7;0;0;2;6;9;A01
2,016E+11;1;30;0;0;0;0;0;B01
2,016E+11;1;33;0;0;2;1;0;B01
2,016E+11;1;7;0;0;2;3;0;A01
2,016E+11;2;7;0;0;1;5;16;A01
2,016E+11;1;1;0;0;2;3;19;A01
2,016E+11;1;7;0;0;2;2;1;B01
2,016E+11;2;10;0;0;1;1;1;A01
2,016E+11;1;7;0;0;1;1;1;A01
2,016E+11;2;7;0;0;2;1;15;A01
2,016E+11;1;2;0;0;2;1;1;B01
2,016E+11;1;7;0;0;2;1;1;A01
2,016E+11;1;1;0;0;2;1;0;B01
2,016E+11;1;7;0;0;2;1;1;B01
2,016E+11;1;7;0;0;2;3;15;A01
2,016E+11;2;10;0;0;2;2;1;A01
2,016E+11;0;7;0;0;2;6;16;B01
2,016E+11;1;2;0;0;0;0;0;A01
2,016E+11;2;7;0;0;2;1;2;A01
2,016E+11;1;10;0;0;2;4;1;B01
2,016E+11;2;7;0;0;1;2;15;A01
2,016E+11;1;7;0;0;2;3;1;A01
2,016E+11;1;7;0;0;2;4;21;B01
2,016E+11;2;7;0;0;1;1;0;A01
2,016E+11;2;7;0;0;0;1;14;A01
2,016E+11;2;7;0;0;2;2;15;A01
2,016E+11;1;2;0;0;2;1;1;B01
2,016E+11;1;7;0;0;1;3;1;A01
2,016E+11;1;7;0;0;2;2;2;A01
2,016E+11;1;7;0;0;2;4;2;B01
2,016E+11;1;1;0;0;2;7;1;B01
2,016E+11;2;7;0;0;2;2;16;A01
2,016E+11;2;7;0;0;1;3;15;A01
2,016E+11;2;33;0;0;2;1;21;A01
2,016E+11;1;7;0;0;2;6;1;B01
2,016E+11;2;7;0;0;0;0;0;C01
2,016E+11;2;7;0;0;1;1;1;A01
2,016E+11;2;7;0;0;2;3;16;A01
2,016E+11;2;7;0;0;0;0;0;B01
2,016E+11;1;7;0;1;0;3;24;A01
2,016E+11;1;1;0;1;0;1;2;B01
2,016E+11;1;7;0;0;2;5;15;A01
2,016E+11;1;33;0;0;2;3;2;B01
2,016E+11;1;7;0;0;2;1;1;A01
2,016E+11;2;33;0;0;2;3;0;B01
2,016E+11;2;2;0;0;1;1;2;A01
2,016E+11;1;7;0;0;2;2;15;A01
2,016E+11;1;30;0;0;2;1;0;B01
2,016E+11;0;7;0;0;1;3;1;A01
2,016E+11;1;30;0;12;0;1;1;A01
2,016E+11;0;7;0;2;0;2;13;A01
2,016E+11;2;33;0;12;0;1;1;A01
2,016E+11;0;30;0;12;0;1;1;A01
2,016E+11;0;7;0;1;1;1;1;B01
2,016E+11;0;32;0;0;0;8;1;A01
2,016E+11;0;33;0;0;0;1;0;B02
2,016E+11;0;7;0;0;0;2;10;A01
2,016E+11;0;33;0;0;0;1;17;A01
2,016E+11;0;7;0;0;2;1;16;A01
2,016E+11;0;1;0;0;2;8;1;B02
2,016E+11;1;31;0;0;2;1;1;A01
2,016E+11;2;7;0;0;2;3;19;B02
2,016E+11;0;14;0;0;2;1;2;A01
2,016E+11;0;7;0;1;0;4;23;B02
2,016E+11;0;7;0;1;0;4;23;C03
2,016E+11;0;7;0;1;9;4;23;D04
2,016E+11;0;7;0;1;0;4;23;E05
2,016E+11;0;7;0;0;0;4;23;F06
2,016E+11;0;7;0;0;2;3;19;B02
2,016E+11;1;33;0;0;2;1;1;A01
2,016E+11;2;7;0;13;0;1;1;A01
2,016E+11;1;7;0;0;9;2;15;A01
2,016E+11;2;1;0;0;2;1;1;B02
2,016E+11;1;7;0;0;2;1;2;A01
2,016E+11;2;10;0;0;2;1;17;B02
2,016E+11;2;33;0;0;2;1;1;A01
2,016E+11;1;3;0;0;2;3;15;B02
2,016E+11;1;7;0;0;2;7;1;A01
2,016E+11;0;1;0;0;2;1;1;B02
2,016E+11;1;1;0;0;2;1;1;A01
2,016E+11;1;7;0;0;0;4;23;B02
2,016E+11;2;7;0;0;0;3;15;A01
2,016E+11;1;7;0;0;2;1;1;B02
2,016E+11;2;7;0;4;0;3;1;A01
2,016E+11;1;7;0;1;0;2;2;F06
2,016E+11;1;7;0;1;0;3;1;D04
2,016E+11;1;7;0;0;0;5;23;E05
2,016E+11;1;7;0;0;2;2;17;B02
2,016E+11;1;7;0;0;0;4;23;C03
2,016E+11;1;7;0;1;0;1;1;H08
2,016E+11;1;7;0;0;0;3;1;A01
2,016E+11;1;7;0;0;0;4;23;G07
2,016E+11;1;7;0;0;2;1;3;A01
2,016E+11;1;17;0;0;2;6;1;B02
2,016E+11;2;7;0;1;1;1;1;A01
2,016E+11;2;14;0;0;0;4;23;C02
2,016E+11;2;7;0;13;0;1;14;A01
2,016E+11;2;14;0;0;1;1;1;A01
2,016E+11;1;2;0;0;2;1;17;B02
2,016E+11;1;7;0;0;2;8;10;A01
2,016E+11;1;7;0;2;0;1;0;A01
2,016E+11;0;33;0;0;2;7;17;B02
2,016E+11;0;7;0;0;2;3;11;A01
2,016E+11;0;7;0;0;2;5;19;A01
2,016E+11;0;33;0;0;2;1;1;B02
2,016E+11;2;7;0;0;2;1;5;A01
2,016E+11;1;7;0;0;2;1;21;B02
2,016E+11;2;7;0;3;0;3;1;A01
2,016E+11;2;10;0;0;0;6;19;A01
2,016E+11;1;33;0;0;2;1;1;B02
2,016E+11;0;33;0;0;0;7;1;A01
2,016E+11;1;7;0;0;2;1;1;B02
2,016E+11;2;7;0;0;2;1;1;D04
2,016E+11;2;7;0;0;2;1;1;I09
2,016E+11;2;7;0;0;2;1;1;H08
2,016E+11;1;7;0;0;2;1;1;A01
2,016E+11;2;7;0;0;2;1;1;G07
2,016E+11;2;7;0;0;2;1;1;J10
2,016E+11;2;7;0;0;2;1;1;L12
2,016E+11;2;7;0;0;2;1;1;K11
2,016E+11;2;7;0;0;2;1;1;F06
2,016E+11;2;10;0;0;2;1;1;E05
2,016E+11;1;7;0;0;2;1;1;C03
2,016E+11;1;7;0;3;0;9;21;A01
2,016E+11;2;7;0;0;9;1;1;A01
2,016E+11;1;7;0;3;0;1;1;A01
2,016E+11;2;7;0;13;0;1;1;A01
2,016E+11;2;17;0;6;0;3;1;A01
2,016E+11;2;7;0;16;0;1;2;A01
2,016E+11;1;7;0;13;0;3;14;A01
2,016E+11;2;7;0;3;0;8;13;A01
2,016E+11;2;7;0;0;2;1;1;A01
2,016E+11;2;7;0;0;2;4;1;B02
2,016E+11;1;7;0;4;0;2;14;A01
2,016E+11;0;7;0;0;1;4;4;A01
2,016E+11;0;10;0;0;1;3;13;A01
2,016E+11;2;7;0;0;2;5;15;B02
2,016E+11;2;33;0;0;2;1;1;A01
2,016E+11;2;14;0;0;0;0;1;A01
2,016E+11;2;7;0;0;9;3;1;B02
2,016E+11;0;7;0;0;2;7;1;A01
2,016E+11;0;7;0;0;2;1;1;B02
2,016E+11;0;34;0;0;2;7;1;B02
2,016E+11;0;7;0;0;2;1;16;A01
2,016E+11;0;7;0;0;2;7;1;B02
2,016E+11;0;31;0;0;2;1;1;A01
2,016E+11;2;7;0;3;0;1;1;B02
2,016E+11;1;7;0;0;2;1;1;A01
2,016E+11;1;7;0;0;2;8;13;A01
2,016E+11;1;7;0;0;2;2;1;B02
2,016E+11;1;10;0;0;2;6;2;B02
2,016E+11;1;7;0;0;2;2;2;A01
2,016E+11;2;10;0;0;0;5;2;A01
2,016E+11;2;7;0;0;2;5;1;D04
2,016E+11;2;7;0;0;2;0;1;F06
2,016E+11;2;7;0;0;2;3;2;B02
2,016E+11;2;7;0;3;2;1;1;E05
2,016E+11;2;7;0;0;2;0;2;C03
2,016E+11;1;7;0;0;2;1;12;A01
2,016E+11;1;15;0;0;2;4;1;B02
2,016E+11;2;10;0;0;1;1;2;A01
2,016E+11;2;33;0;0;2;1;5;A01
2,016E+11;1;38;0;0;2;1;1;B02
2,016E+11;2;7;0;0;2;3;13;A01
2,016E+11;1;14;0;0;2;3;0;B02
2,016E+11;1;7;0;0;2;3;5;A01
2,016E+11;2;7;0;0;2;3;1;B02
2,016E+11;2;7;0;5;0;1;1;A01
2,016E+11;1;14;0;0;2;2;1;A01
2,016E+11;2;7;0;0;2;2;13;B02
2,016E+11;1;7;0;3;2;2;1;A01
2,016E+11;1;7;0;0;2;1;1;B02
2,016E+11;2;7;0;0;2;2;15;A01
2,016E+11;1;2;0;0;2;1;1;B02
2,016E+11;0;10;0;0;2;2;1;B02
2,016E+11;0;1;0;0;2;1;11;A01
2,016E+11;0;33;0;0;0;1;1;A01
2,016E+11;0;7;0;8;0;1;19;A01
2,016E+11;2;33;0;8;0;7;1;A01
2,016E+11;0;7;0;0;2;2;1;B02
2,016E+11;0;1;0;0;2;8;0;A01
2,016E+11;1;7;0;0;9;2;2;B02
2,016E+11;1;1;0;0;0;0;2;A01
2,016E+11;2;10;0;0;1;3;1;A01
2,016E+11;0;7;0;0;1;3;0;A01
2,016E+11;1;7;0;13;0;0;1;A01
2,016E+11;2;7;0;4;0;3;1;A01
2,016E+11;1;7;0;0;2;2;2;A01
2,016E+11;1;15;0;0;0;6;2;B02
2,016E+11;2;7;0;0;0;1;2;B02
2,016E+11;2;7;0;0;0;4;2;A01
2,016E+11;1;7;0;6;0;1;14;A01
2,016E+11;1;7;0;0;2;3;17;A01
2,016E+11;1;17;0;0;0;5;2;B02
2,016E+11;2;7;0;0;0;2;0;A01
2,016E+11;2;14;0;0;2;1;2;A01
2,016E+11;0;7;0;0;2;4;2;C03
2,016E+11;2;7;0;0;2;4;2;B02
2,016E+11;2;14;0;0;2;4;23;D04
2,016E+11;1;7;0;13;9;8;1;A01
2,016E+11;2;3;0;13;9;1;1;B02
2,016E+11;2;7;0;0;2;3;17;C03
2,016E+11;1;7;0;0;2;6;1;A01
2,016E+11;2;7;0;0;2;1;0;B02
2,016E+11;2;7;0;0;1;1;1;A01
2,016E+11;1;10;0;0;0;0;0;B01
2,016E+11;2;7;0;0;2;2;13;A01
2,016E+11;2;7;0;0;2;1;1;B01
2,016E+11;1;7;0;0;2;7;17;A01
2,016E+11;1;7;0;0;1;5;1;A01
2,016E+11;1;7;0;0;0;4;2;B01
2,016E+11;1;31;0;0;2;1;2;A01
2,016E+11;1;7;0;16;0;1;19;A01
2,016E+11;1;7;0;0;2;1;2;A01
2,016E+11;1;7;0;0;0;4;2;C01
2,016E+11;1;7;0;0;2;4;2;B01
2,016E+11;1;7;0;0;1;4;4;A01
2,016E+11;2;7;0;0;2;2;16;B01
2,016E+11;2;7;0;0;2;1;1;A01
2,016E+11;1;10;0;0;1;2;1;A01
2,016E+11;1;7;0;0;1;7;1;A01
2,016E+11;1;7;0;0;2;8;0;B01
2,016E+11;1;7;0;1;0;3;1;A01
2,016E+11;1;10;0;0;2;1;1;B01
2,016E+11;2;7;0;0;2;1;5;A01
2,016E+11;1;7;0;13;9;1;1;C01
2,016E+11;1;7;0;0;2;4;2;C01
2,016E+11;1;7;0;0;2;1;2;B01
2,016E+11;1;10;0;0;2;1;2;A01
2,016E+11;1;7;0;0;2;1;2;A01
2,016E+11;1;1;0;0;2;4;0;B01
2,016E+11;2;7;0;0;1;2;1;A01
2,016E+11;1;7;0;0;2;1;13;A01
2,016E+11;1;7;0;0;2;0;1;B01
2,016E+11;2;7;0;0;2;3;1;B01
2,016E+11;1;7;0;0;2;2;1;A01
2,016E+11;1;2;0;0;2;8;1;B01
2,016E+11;2;10;0;0;2;1;15;A01
2,016E+11;2;7;0;0;1;2;1;A01
2,016E+11;2;33;0;0;2;1;1;B01
2,016E+11;1;7;0;0;2;6;19;A01
2,016E+11;1;7;0;0;1;1;15;A01
2,016E+11;1;7;0;0;1;2;2;A01
2,016E+11;2;7;0;0;2;3;0;B01
2,016E+11;1;7;0;0;2;3;1;A01
2,016E+11;1;7;0;0;0;1;1;A01
2,016E+11;1;7;0;0;2;8;0;A01
2,016E+11;1;2;0;0;2;1;5;B01
2,016E+11;0;7;0;0;2;8;0;C01
2,016E+11;1;7;0;0;2;8;11;A01
2,016E+11;1;33;0;0;2;1;1;B01
2,016E+11;1;34;0;0;2;8;1;B01
2,016E+11;1;7;0;0;2;6;15;A01
2,016E+11;1;7;0;0;2;2;15;A01
2,016E+11;1;33;0;0;2;1;1;B01
2,016E+11;1;7;0;0;2;1;1;A01
2,016E+11;1;7;0;1;2;2;1;A01
2,016E+11;1;7;0;0;2;1;0;B01
2,016E+11;1;7;0;0;2;2;1;B01
2,016E+11;1;30;0;0;2;6;11;A01
2,016E+11;2;7;0;0;2;1;9;B01
2,016E+11;2;7;0;0;2;6;9;A01
2,016E+11;1;7;0;0;2;8;0;A01
2,016E+11;1;7;0;0;2;5;0;B01
2,016E+11;1;7;0;0;2;1;1;A01
2,016E+11;1;7;0;0;2;4;0;B01
2,016E+11;1;7;0;0;2;3;12;B01
2,016E+11;1;7;0;0;2;9;14;A01
2,016E+11;1;7;0;0;2;0;2;A01
2,016E+11;1;2;0;0;2;9;1;B01
2,016E+11;2;7;0;0;2;1;1;A01
2,016E+11;2;2;0;0;2;4;1;B01
2,016E+11;2;7;0;0;2;1;15;A01
2,016E+11;1;33;0;0;2;1;1;B01
2,016E+11;2;7;0;0;2;1;5;A01
2,016E+11;1;33;0;0;2;1;1;B01
2,016E+11;1;33;0;0;2;2;13;A01
2,016E+11;1;10;0;0;2;6;15;B01
2,016E+11;2;7;0;2;0;3;13;A01
2,016E+11;0;7;0;0;2;4;0;C01
2,016E+11;1;7;0;0;2;1;2;A01
2,016E+11;1;7;0;0;2;4;2;B01
2,016E+11;2;7;0;0;2;4;0;A01
2,016E+11;2;7;0;0;2;1;0;B01
2,016E+11;1;2;0;0;2;1;0;B01
2,016E+11;1;7;0;0;2;8;20;A01
2,016E+11;1;33;0;0;2;2;17;A01
2,016E+11;1;7;0;0;2;3;2;B01
2,016E+11;1;7;0;0;1;1;1;A01
2,016E+11;1;7;0;0;2;1;11;A01
2,016E+11;2;7;0;0;0;0;0;B01
2,016E+11;1;7;0;0;0;1;1;A01
2,016E+11;1;7;0;0;2;1;19;A01
2,016E+11;1;32;0;0;2;0;0;B01
2,016E+11;1;7;0;0;2;1;0;A01
2,016E+11;1;30;0;0;2;8;0;B01
2,016E+11;1;7;0;0;2;1;13;A01
2,016E+11;1;7;0;0;2;1;1;B01
2,016E+11;2;1;0;0;2;1;15;A01
2,016E+11;1;7;0;0;2;2;1;B01
2,016E+11;1;7;0;0;2;2;15;A01
2,016E+11;2;7;0;0;2;3;1;B01
2,016E+11;0;7;0;0;2;1;0;B01
2,016E+11;1;7;0;0;2;1;1;A01
2,016E+11;2;7;0;0;2;3;1;B01
2,016E+11;1;7;0;0;2;2;10;A01
2,016E+11;1;7;0;0;1;2;1;A01
2,016E+11;1;7;0;0;2;3;1;A01
2,016E+11;1;33;0;0;0;0;0;B01
2,016E+11;0;2;0;12;0;1;1;A01
2,016E+11;1;7;0;0;2;5;15;A01
2,016E+11;2;31;0;0;2;1;1;B01
2,016E+11;1;10;0;2;0;1;0;A01
2,016E+11;1;31;0;0;0;7;1;A01
2,016E+11;1;7;0;0;2;3;0;B01
2,016E+11;1;7;0;0;2;1;1;A01
2,016E+11;1;7;0;0;1;8;1;A01
2,016E+11;1;7;0;0;2;3;13;A01
2,016E+11;2;7;0;0;2;3;1;C01
2,016E+11;1;10;0;0;2;1;1;D01
2,016E+11;2;7;0;0;2;3;1;B01
2,016E+11;1;7;0;0;2;3;1;E01
2,016E+11;2;7;0;12;0;9;1;A01
2,016E+11;2;7;0;0;2;3;5;C01
2,016E+11;1;7;0;0;2;4;2;B01
2,016E+11;1;31;0;14;0;1;2;A01
2,016E+11;0;10;0;0;1;4;4;A01
2,016E+11;1;1;0;0;2;1;1;B01
2,016E+11;1;7;0;0;2;3;1;A01
2,016E+11;1;7;0;0;2;4;15;B01
2,016E+11;1;7;0;0;2;2;2;A01
2,016E+11;1;7;0;13;0;8;1;A01
2,016E+11;0;14;0;0;2;1;1;B02
2,016E+11;0;7;0;0;2;8;19;A01
2,016E+11;2;7;0;0;2;3;1;C03
2,016E+11;2;7;0;0;2;1;13;A01
2,016E+11;1;37;1;0;2;1;1;B02
2,016E+11;1;15;0;0;2;2;2;A01
2,016E+11;1;17;0;0;2;3;2;B02
2,016E+11;1;7;0;0;2;6;23;C03
2,016E+11;1;7;0;0;2;4;23;B02
2,016E+11;1;33;0;0;2;1;3;A01
2,016E+11;1;15;0;0;2;8;1;A01
2,016E+11;2;7;0;0;2;3;13;B02
2,016E+11;1;7;0;0;2;3;13;A01
2,016E+11;2;17;0;0;2;3;1;B02
2,016E+11;0;38;1;0;2;3;1;B02
2,016E+11;0;7;0;0;2;3;13;A01
2,016E+11;1;10;0;0;2;1;2;A01
2,016E+11;1;7;0;0;2;4;2;B02
2,016E+11;1;7;0;0;2;4;2;C03
2,016E+11;1;7;0;0;2;1;2;D04
2,016E+11;1;7;0;0;0;4;2;E05
2,016E+11;1;7;0;0;2;4;0;F06
2,016E+11;2;7;0;0;2;0;2;B02
2,016E+11;2;10;0;0;0;6;2;E05
2,016E+11;2;7;0;0;2;1;2;C03
2,016E+11;2;7;0;0;9;2;2;D04
2,016E+11;2;7;0;0;2;1;2;A01
2,016E+11;2;7;0;0;2;1;1;C03
2,016E+11;2;10;0;0;0;4;1;A01
2,016E+11;1;7;0;14;0;1;2;A01
2,016E+11;1;7;0;0;0;4;23;C03
2,016E+11;1;7;0;14;0;4;2;B02
2,016E+11;0;7;0;8;2;9;13;A01
2,016E+11;0;15;0;0;2;7;21;B02
2,016E+11;2;7;0;0;2;3;17;D04
2,016E+11;2;7;0;0;2;8;17;F06
2,016E+11;2;7;0;0;2;8;17;B02
2,016E+11;2;7;0;0;2;8;17;E05
2,016E+11;2;7;0;0;2;1;17;C03
2,016E+11;2;7;0;0;0;4;23;A01
2,016E+11;2;7;0;3;2;1;2;A01
2,016E+11;2;7;0;0;0;4;2;C01
2,016E+11;2;7;0;0;0;4;2;D01
2,016E+11;2;7;0;0;2;4;2;B01
2,016E+11;2;7;0;3;0;9;17;A01
2,016E+11;2;10;0;0;0;7;1;B02
2,016E+11;2;10;0;0;2;1;2;C03
2,016E+11;2;7;0;0;0;9;1;A01
2,016E+11;2;7;0;3;0;2;14;A01
2,016E+11;1;7;0;0;1;0;0;A01
2,016E+11;0;33;0;0;2;1;1;A01
2,016E+11;0;7;0;0;2;3;1;B01
2,016E+11;0;7;0;0;2;1;2;A01
2,016E+11;0;7;0;0;0;4;2;B01
2,016E+11;0;7;0;0;2;3;0;A01
2,016E+11;0;1;0;0;0;7;1;B01
2,016E+11;1;30;0;0;2;2;2;B01
2,016E+11;1;7;0;0;2;3;13;A01
2,016E+11;1;7;0;0;2;1;2;A01
2,016E+11;1;7;0;0;0;4;2;B01
2,016E+11;1;30;0;0;2;1;2;B01
2,016E+11;1;7;0;0;2;1;9;A01
2,016E+11;1;7;0;0;2;4;2;B01
2,016E+11;1;7;0;0;2;1;2;A01
2,016E+11;1;7;0;0;2;8;1;B01
2,016E+11;1;10;0;0;2;1;1;A01
2,016E+11;1;1;0;0;2;1;0;B01
2,016E+11;1;7;0;0;2;2;9;A01
2,016E+11;2;7;0;0;2;1;0;B01
2,016E+11;1;7;0;0;2;2;15;A01
2,016E+11;2;7;0;0;2;1;21;A01
2,016E+11;2;7;0;0;2;4;21;B01
2,016E+11;2;33;0;0;1;1;1;A01
2,016E+11;1;1;0;0;2;1;5;B01
2,016E+11;1;7;0;0;9;1;15;A01
2,016E+11;2;7;0;0;2;2;1;B01
2,016E+11;1;7;0;0;2;5;13;A01
2,016E+11;0;7;0;0;1;4;4;A01
2,016E+11;1;7;0;0;2;2;1;A01
2,016E+11;1;1;0;0;0;3;2;B01
2,016E+11;1;7;0;0;2;3;1;B01
2,016E+11;1;7;0;0;2;2;19;A01
2,016E+11;1;30;0;0;2;1;2;B01
2,016E+11;2;7;0;0;2;2;15;A01
2,016E+11;0;7;0;0;1;1;21;A01
2,016E+11;0;7;0;0;1;4;4;A01
2,016E+11;1;7;0;0;2;4;1;B01
2,016E+11;1;7;0;0;2;1;1;A01
2,016E+11;0;7;0;0;2;1;1;A01
2,016E+11;0;1;0;0;2;7;19;B01
2,016E+11;1;7;0;0;1;1;1;A01
2,016E+11;1;7;0;0;2;1;1;A01
2,016E+11;1;7;0;0;2;4;1;B01
2,016E+11;0;7;0;0;1;0;0;A01
2,016E+11;1;7;0;0;0;4;1;B01
2,016E+11;1;2;0;0;2;1;1;A01
2,016E+11;1;7;0;0;2;1;16;A01
2,016E+11;2;7;0;0;2;8;0;B01
2,016E+11;1;7;0;0;2;1;16;A01
2,016E+11;;1;0;0;2;4;16;B01
2,016E+11;1;7;0;0;1;0;0;A01
2,016E+11;1;7;0;0;2;1;9;A01
2,016E+11;1;30;0;0;2;6;9;B01
2,016E+11;2;7;0;0;2;3;1;B01
2,016E+11;2;2;0;0;2;2;12;A01
2,016E+11;2;7;0;0;2;1;0;B01
2,016E+11;0;2;0;0;2;1;1;A01
2,016E+11;2;7;0;0;2;2;9;A01
2,016E+11;2;30;0;0;2;1;1;B01
2,016E+11;1;14;0;0;2;0;0;A01
2,016E+11;2;7;0;0;2;8;0;B01
2,016E+11;2;7;0;0;1;2;1;A01
2,016E+11;1;7;0;0;2;1;2;B01
2,016E+11;1;7;0;0;9;4;2;C01
2,016E+11;1;10;0;0;2;1;2;A01
2,016E+11;1;7;0;0;2;1;13;A01
2,016E+11;1;7;0;0;0;0;0;B01
2,016E+11;1;2;0;0;2;1;17;A01
2,016E+11;1;7;0;0;2;4;4;B01
2,016E+11;1;7;0;0;2;4;0;B01
2,016E+11;1;33;0;0;2;2;2;A01
2,016E+11;2;33;0;0;2;1;2;B01
2,016E+11;1;7;0;0;2;3;15;A01
2,016E+11;1;7;0;0;1;6;4;A01
2,016E+11;1;7;0;0;2;1;2;A01
2,016E+11;1;7;0;0;2;4;2;B01
2,016E+11;1;7;0;0;2;1;1;A01
2,016E+11;1;7;0;0;2;4;1;B01
2,016E+11;2;2;0;0;2;1;1;B01
2,016E+11;0;7;0;0;2;6;15;A01
2,016E+11;2;7;0;0;2;1;1;A01
2,016E+11;2;7;0;0;2;4;23;B01
2,016E+11;0;7;0;0;2;1;1;A01
2,016E+11;0;7;0;0;2;8;1;B01
2,016E+11;2;21;0;0;1;1;1;A01
2,016E+11;2;1;0;12;0;1;0;A01
2,016E+11;1;7;0;6;0;1;14;A01
2,016E+11;1;7;0;0;2;1;9;A01
2,016E+11;1;30;0;0;2;1;19;B01
2,016E+11;2;7;0;0;2;3;1;B01
2,016E+11;1;10;0;0;2;2;0;A01
2,016E+11;1;7;0;0;2;4;0;B01
2,016E+11;1;7;0;0;2;1;15;A01
2,016E+11;0;10;0;0;1;7;1;A01
2,016E+11;1;7;0;0;2;3;16;B01
2,016E+11;1;7;0;0;2;5;16;A01
2,016E+11;1;7;0;0;6;1;1;A01
2,016E+11;1;7;0;0;2;4;1;B01
2,016E+11;1;7;0;0;2;1;1;A01
2,016E+11;2;14;0;0;2;2;2;A01
2,016E+11;2;7;0;0;2;4;9;B01
2,016E+11;1;7;0;0;1;1;1;A01
2,016E+11;2;3;0;0;1;1;16;A01
2,016E+11;0;1;0;0;2;4;14;B01
2,016E+11;0;7;0;0;2;1;2;A01
2,016E+11;1;7;0;0;2;4;9;B01
2,016E+11;1;7;0;0;2;2;2;A01
2,016E+11;1;30;0;0;2;1;0;B01
2,016E+11;1;7;0;0;2;7;1;A01
2,016E+11;1;10;0;0;2;1;1;A01
2,016E+11;1;30;0;0;2;4;1;B01
2,016E+11;1;30;0;0;0;0;21;A01
2,016E+11;0;7;0;0;2;6;9;A01
2,016E+11;0;31;0;0;2;5;1;B01
2,016E+11;2;7;0;0;2;4;2;B01
2,016E+11;2;7;0;0;2;1;2;A01
2,016E+11;1;2;0;0;2;1;2;B01
2,016E+11;2;7;0;0;2;3;14;A01
2,016E+11;2;10;0;0;2;1;9;A01
2,016E+11;2;1;0;0;2;7;1;B01
2,016E+11;2;7;0;0;1;1;1;A01
2,016E+11;1;1;0;0;2;1;1;A01
2,016E+11;1;7;0;0;2;2;16;B01
2,016E+11;1;7;0;0;2;2;0;A01
2,016E+11;2;10;0;0;2;2;0;B01
2,016E+11;2;2;0;0;2;3;9;A01
2,016E+11;1;7;0;0;2;2;1;B01
2,016E+11;2;7;0;0;0;0;0;A01