Num_Acc;senc;catv;occutc;obs;obsm;choc;manv;num_veh
2,016E+11;1;7;0;10;0;0;0;A01
2,016E+11;0;7;0;0;0;2;9;A01
2,016E+11;0;1;0;0;0;4;1;B01
2,016E+11;0;32;0;0;2;1;1;B01
2,016E+11;0;7;0;0;2;4;4;A01
2,016E+11;2;7;0;0;2;1;15;A01
2,016E+11;1;7;0;13;2;3;1;B01
2,016E+11;0;7;0;0;0;4;1;A01
2,016E+11;1;7;0;0;0;1;0;B01
2,016E+11;0;7;0;0;0;8;15;B01
2,016E+11;0;30;0;0;2;3;17;A01
2,016E+11;0;7;0;0;2;1;0;A01
2,016E+11;0;7;0;0;2;2;0;B01
2,016E+11;1;7;0;0;0;0;0;A01
2,016E+11;1;7;0;0;0;0;0;B01
2,016E+11;1;7;0;0;0;0;0;C01
2,016E+11;1;7;0;0;0;0;0;D01
2,016E+11;0;7;0;0;2;3;1;B01
2,016E+11;0;30;0;0;2;1;1;A01
2,016E+11;1;7;0;0;2;3;1;A01
2,016E+11;2;7;0;0;0;3;1;B01
2,016E+11;0;7;0;0;2;4;0;B01
2,016E+11;0;7;0;0;2;1;1;A01
2,016E+11;0;33;0;0;0;7;1;A01
2,016E+11;0;1;0;0;2;4;9;B01
2,016E+11;0;7;0;0;2;1;1;A01
2,016E+11;1;7;0;4;2;1;5;A01
2,016E+11;2;7;0;0;2;1;1;B01
2,016E+11;0;7;0;0;2;1;2;A01
2,016E+11;0;7;0;0;0;4;0;B01
2,016E+11;1;7;0;0;2;1;1;B01
2,016E+11;1;7;0;0;2;3;19;A01
2,016E+11;0;7;0;0;0;2;0;A01
2,016E+11;1;7;0;0;2;4;2;C01
2,016E+11;1;7;0;0;2;4;2;B01
2,016E+11;1;7;0;0;2;1;2;D01
2,016E+11;1;7;0;0;2;1;2;A01
2,016E+11;1;30;0;0;0;2;1;A01
2,016E+11;1;33;0;0;2;8;1;B01
2,016E+11;1;7;0;0;2;3;19;A01
2,016E+11;0;10;0;0;1;7;16;A01
2,016E+11;0;7;0;0;2;4;0;B01
2,016E+11;0;7;0;2;2;2;0;A01
2,016E+11;2;34;0;0;2;7;1;B01
2,016E+11;1;7;0;0;2;3;19;A01
2,016E+11;1;7;0;0;2;4;1;B01
2,016E+11;1;34;0;0;2;1;1;A01
2,016E+11;1;7;0;0;2;1;18;A01
2,016E+11;2;7;0;0;2;1;1;B01
2,016E+11;0;34;0;0;2;8;0;B01
2,016E+11;0;7;0;0;2;2;0;A01
2,016E+11;1;34;0;0;2;7;1;B01
2,016E+11;2;10;0;0;2;3;15;A01
2,016E+11;2;7;0;0;2;1;1;B01
2,016E+11;1;7;0;0;2;1;1;A01
2,016E+11;1;7;0;0;2;2;15;A01
2,016E+11;1;7;0;0;2;1;2;B01
2,016E+11;0;7;0;0;2;1;2;A01
2,016E+11;0;7;0;0;0;4;2;B01
2,016E+11;0;32;0;0;0;0;0;A01
2,016E+11;0;7;0;0;2;1;1;A01
2,016E+11;0;1;0;0;2;7;1;B01
2,016E+11;0;30;0;0;2;1;0;A01
2,016E+11;0;7;0;0;2;1;0;B01
2,016E+11;1;7;0;0;2;4;2;B01
2,016E+11;1;7;0;0;2;2;2;A01
2,016E+11;0;34;0;0;2;3;1;B01
2,016E+11;0;7;0;0;2;1;1;A01
2,016E+11;0;7;0;0;2;3;1;B01
2,016E+11;0;32;0;0;2;1;19;A01
2,016E+11;1;7;0;0;2;2;1;A01
2,016E+11;1;10;0;0;2;4;16;B01
2,016E+11;1;10;0;0;2;1;2;A01
2,016E+11;1;10;0;0;2;4;2;B01
2,016E+11;0;7;0;0;2;3;0;A01
2,016E+11;0;7;0;0;2;4;0;B01
2,016E+11;0;7;0;0;0;7;0;A01
2,016E+11;1;3;0;0;2;4;2;B01
2,016E+11;0;7;0;0;2;2;2;A01
2,016E+11;2;7;0;0;2;1;2;B01
2,016E+11;1;7;0;0;2;1;5;A01
2,016E+11;1;34;0;0;0;2;0;A01
2,016E+11;1;7;0;0;2;4;2;B01
2,016E+11;1;7;0;0;2;1;2;A01
2,016E+11;1;7;0;0;2;4;2;C01
2,016E+11;1;7;0;0;2;4;2;B01
2,016E+11;1;7;0;0;2;1;2;A01
2,016E+11;1;7;0;6;0;1;0;A01
2,016E+11;0;7;0;0;2;1;2;B01
2,016E+11;0;7;0;0;2;7;15;A01
2,016E+11;1;7;0;0;1;2;0;A01
2,016E+11;0;7;0;0;2;1;1;B01
2,016E+11;0;7;0;0;2;7;13;A01
2,016E+11;0;7;0;16;0;9;1;A01
2,016E+11;1;7;0;0;2;7;16;A01
2,016E+11;1;7;0;0;2;8;2;B01
2,016E+11;0;7;0;0;2;8;1;B01
2,016E+11;0;7;0;7;2;1;0;C01
2,016E+11;0;7;0;0;2;8;1;A01
2,016E+11;0;7;0;0;2;2;15;A01
2,016E+11;0;33;0;0;2;1;1;B01
2,016E+11;1;33;0;0;0;0;0;A01
2,016E+11;1;7;0;0;0;0;0;B01
2,016E+11;1;33;0;0;0;7;12;A01
2,016E+11;1;7;0;0;2;6;10;A01
2,016E+11;1;7;0;0;2;2;2;B01
2,016E+11;1;7;0;14;0;2;14;A01
2,016E+11;1;33;0;0;2;1;2;B01
2,016E+11;0;10;0;0;2;5;15;A01
2,016E+11;0;7;0;0;2;3;1;B01
2,016E+11;0;7;0;5;2;3;13;A01
2,016E+11;0;7;0;0;2;3;1;C01
2,016E+11;0;30;0;4;0;0;0;A01
2,016E+11;1;2;0;0;2;4;2;B01
2,016E+11;1;7;0;0;2;1;2;Z01
2,016E+11;0;7;0;0;0;5;1;B01
2,016E+11;0;10;0;0;2;3;1;A01
2,016E+11;1;7;0;7;0;3;1;A01
2,016E+11;1;7;0;0;2;3;1;C01
2,016E+11;1;13;0;0;2;6;1;B01
2,016E+11;1;7;0;0;2;2;1;A01
2,016E+11;0;7;0;0;1;3;1;A01
2,016E+11;0;7;0;0;2;8;15;A01
2,016E+11;0;7;0;0;2;3;1;B01
2,016E+11;0;7;0;13;0;1;1;A01
2,016E+11;0;7;0;0;2;1;1;B01
2,016E+11;0;7;0;0;2;3;10;A01
2,016E+11;2;7;0;0;2;1;2;A01
2,016E+11;1;7;0;0;2;4;2;B01
2,016E+11;1;7;0;0;2;4;0;C01
2,016E+11;1;7;0;0;2;1;2;B01
2,016E+11;1;10;0;0;2;1;2;A01
2,016E+11;1;7;0;0;2;4;2;C01
2,016E+11;0;7;0;0;2;3;1;B01
2,016E+11;0;7;0;0;2;3;13;A01
2,016E+11;1;7;0;0;9;7;15;B01
2,016E+11;1;30;0;0;2;1;7;A01
2,016E+11;1;33;0;0;2;2;1;B01
2,016E+11;1;7;0;0;2;6;11;A01
2,016E+11;1;7;0;0;2;1;19;A01
2,016E+11;1;33;0;0;2;1;1;C01
2,016E+11;1;7;0;0;2;5;1;B01
2,016E+11;1;7;0;0;2;1;19;A01
2,016E+11;1;7;0;0;2;8;1;B01
2,016E+11;0;7;0;0;1;5;4;A01
2,016E+11;2;10;0;0;2;6;15;B01
2,016E+11;2;34;0;0;2;1;2;A01
2,016E+11;1;15;0;0;2;7;2;A01
2,016E+11;1;7;0;0;2;8;2;B01
2,016E+11;1;7;0;0;2;2;2;B01
2,016E+11;1;7;0;0;2;8;2;C01
2,016E+11;1;31;0;0;2;3;0;A01
2,016E+11;1;1;0;0;2;1;1;B01
2,016E+11;0;7;0;0;2;1;15;A01
2,016E+11;0;7;0;0;2;4;23;C01
2,016E+11;0;10;0;0;2;1;2;A01
2,016E+11;0;7;0;0;2;4;2;X01
2,016E+11;0;30;0;0;1;1;1;A01
2,016E+11;1;2;0;0;2;1;17;A01
2,016E+11;1;7;0;0;2;3;15;B01
2,016E+11;0;7;0;0;0;0;0;A01
2,016E+11;1;33;0;0;2;1;17;B01
2,016E+11;0;7;0;0;0;3;0;B01
2,016E+11;0;7;0;0;2;3;1;A01
2,016E+11;0;1;0;0;2;4;1;A01
2,016E+11;0;7;0;0;2;3;1;B01
2,016E+11;0;33;0;11;0;0;0;A01
2,016E+11;1;33;0;0;2;8;13;A01
2,016E+11;1;7;0;0;9;5;1;B01
2,016E+11;0;7;0;0;0;4;1;B01
2,016E+11;0;7;0;0;2;1;1;A01
2,016E+11;1;7;0;0;2;1;2;E01
2,016E+11;1;7;0;0;2;1;2;M01
2,016E+11;1;10;0;0;2;4;2;B01
2,016E+11;1;7;0;0;2;1;2;C01
2,016E+11;1;7;0;0;2;0;0;Z01
2,016E+11;0;7;0;0;2;3;1;A01
2,016E+11;0;17;0;0;2;8;1;L01
2,016E+11;0;7;0;0;2;1;2;A01
2,016E+11;0;7;0;0;2;6;2;B01
2,016E+11;0;7;0;0;1;2;0;A01
2,016E+11;1;7;0;0;2;1;2;A01
2,016E+11;1;7;0;2;0;4;2;B01
2,016E+11;0;7;0;0;2;1;2;A01
2,016E+11;0;7;0;0;0;4;1;B01
2,016E+11;0;7;0;0;2;6;2;B01
2,016E+11;0;7;0;0;2;2;2;A01
2,016E+11;0;7;0;0;0;6;0;C01
2,016E+11;0;7;0;6;0;1;13;A01
2,016E+11;1;7;0;0;9;3;9;A01
2,016E+11;1;32;0;0;2;2;2;B01
2,016E+11;0;7;0;0;2;7;19;A01
2,016E+11;0;7;0;0;2;1;2;B01
2,016E+11;0;7;0;0;2;2;9;A01
2,016E+11;0;7;0;0;2;4;0;C01
2,016E+11;0;7;0;0;0;8;0;B01
2,016E+11;1;33;0;0;2;1;1;B01
2,016E+11;1;7;0;0;2;1;15;A01
2,016E+11;1;1;0;0;2;3;0;B01
2,016E+11;0;7;0;0;2;0;0;Z01
2,016E+11;0;7;0;0;0;4;1;B01
2,016E+11;0;33;0;0;2;0;0;A01
2,016E+11;2;1;0;0;0;0;0;B01
2,016E+11;2;7;0;0;2;0;2;A01
2,016E+11;1;7;0;0;2;7;1;B01
2,016E+11;2;7;0;0;2;1;19;A01
2,016E+11;0;7;0;0;2;6;2;B01
2,016E+11;0;32;0;0;2;5;17;A01
2,016E+11;0;7;0;0;1;6;4;A01
2,016E+11;1;7;0;0;9;9;1;A01
2,016E+11;1;7;0;0;2;9;1;D01
2,016E+11;1;7;0;0;2;6;23;B01
2,016E+11;1;7;0;0;2;5;23;C01
2,016E+11;1;7;0;0;2;2;17;A01
2,016E+11;1;7;0;0;2;4;1;B01
2,016E+11;0;7;0;0;2;1;1;B01
2,016E+11;0;7;0;0;2;7;9;A01
2,016E+11;0;7;0;0;2;8;1;A01
2,016E+11;0;15;0;0;2;3;0;B01
2,016E+11;1;7;0;0;2;3;10;A01
2,016E+11;1;33;0;0;2;1;17;B01
2,016E+11;1;7;0;0;2;4;2;B01
2,016E+11;1;7;0;0;2;3;2;A01
2,016E+11;0;7;0;0;2;9;0;C01
2,016E+11;0;7;0;0;2;3;13;A01
2,016E+11;0;7;0;0;0;6;0;D01
2,016E+11;0;7;0;0;2;9;0;B01
2,016E+11;0;10;0;0;2;3;1;A01
2,016E+11;0;7;0;0;2;1;1;C01
2,016E+11;0;7;0;0;2;5;15;B01
2,016E+11;1;7;0;0;2;1;2;A01
2,016E+11;1;7;0;0;2;4;2;C01
2,016E+11;1;7;0;0;2;4;2;B01
2,016E+11;0;7;0;0;0;6;0;B01
2,016E+11;0;7;0;0;0;4;0;C01
2,016E+11;0;7;0;0;2;1;11;A01
2,016E+11;1;7;0;0;0;1;0;A01
2,016E+11;0;7;0;0;2;3;1;B01
2,016E+11;0;7;0;0;2;2;16;A01
2,016E+11;0;7;0;0;2;2;1;B01
2,016E+11;1;7;0;0;2;1;1;A01
2,016E+11;1;7;0;0;2;1;9;A01
2,016E+11;1;7;0;0;2;7;1;B01
2,016E+11;2;7;0;0;2;4;0;B01
2,016E+11;0;7;0;0;2;2;2;A01
2,016E+11;1;2;0;0;0;1;0;A01
2,016E+11;1;10;0;0;2;4;2;B01
2,016E+11;1;7;0;0;2;1;2;A01
2,016E+11;0;7;0;9;0;1;1;A01
2,016E+11;0;7;0;0;2;1;0;A01
2,016E+11;0;7;0;0;2;4;0;B01
2,016E+11;0;7;0;0;2;1;11;A01
2,016E+11;0;7;0;0;2;9;1;B01
2,016E+11;0;7;0;0;0;4;2;C01
2,016E+11;0;33;0;1;2;1;1;B01
2,016E+11;0;7;0;0;0;8;11;A01
2,016E+11;0;33;0;2;0;1;1;A01
2,016E+11;0;14;0;1;0;4;4;A01
2,016E+11;0;7;0;0;0;4;24;B01
2,016E+11;0;7;0;0;2;1;1;A01
2,016E+11;0;7;0;0;0;4;1;C01
2,016E+11;0;7;0;0;2;4;1;B01
2,016E+11;0;7;0;0;0;2;2;A01
2,016E+11;0;2;0;0;0;6;2;B01
2,016E+11;1;33;0;0;1;1;1;A01
2,016E+11;1;7;0;0;2;1;2;A01
2,016E+11;1;7;0;0;2;4;2;C01
2,016E+11;1;7;0;0;2;4;2;B01
2,016E+11;1;7;0;0;2;6;1;B01
2,016E+11;1;7;0;0;2;3;17;A01
2,016E+11;0;7;0;0;0;4;2;B01
2,016E+11;0;7;0;0;0;1;2;A01
2,016E+11;1;7;0;0;2;0;0;B01
2,016E+11;1;7;0;0;2;3;1;B01
2,016E+11;2;7;0;0;2;2;15;A01
2,016E+11;1;7;0;0;2;7;1;B01
2,016E+11;1;7;0;0;2;3;10;A01
2,016E+11;0;7;0;0;2;7;1;A01
2,016E+11;0;7;0;0;2;1;1;B01
2,016E+11;1;7;0;0;2;7;19;A01
2,016E+11;1;7;0;0;2;1;2;B01
2,016E+11;0;7;0;0;2;6;1;C01
2,016E+11;0;7;0;1;2;5;16;A01
2,016E+11;1;7;0;0;2;1;2;A01
2,016E+11;1;7;0;0;0;4;1;B02
2,016E+11;2;7;0;0;2;2;2;A01
2,016E+11;2;7;0;0;2;4;2;B02
2,016E+11;2;7;0;0;0;6;2;C03
2,016E+11;1;7;0;7;0;2;14;A01
2,016E+11;1;7;0;4;0;3;3;A01
2,016E+11;2;7;0;0;9;3;1;B02
2,016E+11;2;7;0;14;0;2;1;C03
2,016E+11;2;7;0;0;2;3;2;A01
2,016E+11;2;7;0;0;0;5;2;B02
2,016E+11;2;7;0;0;2;1;1;A01
2,016E+11;2;17;0;0;2;4;1;B02
2,016E+11;2;7;0;0;1;2;21;A01
2,016E+11;2;7;0;0;1;1;1;B02
2,016E+11;2;7;0;0;1;2;1;C03
2,016E+11;1;7;0;0;2;1;2;A01
2,016E+11;1;10;0;0;0;5;1;B02
2,016E+11;2;7;0;4;0;3;1;A01
2,016E+11;1;7;0;0;2;7;11;A01
2,016E+11;1;15;0;0;0;6;1;B02
2,016E+11;2;7;0;0;2;1;2;A01
2,016E+11;2;7;0;0;2;4;2;B02
2,016E+11;2;7;0;0;2;4;1;D02
2,016E+11;2;10;0;0;2;4;1;C02
2,016E+11;2;7;0;0;0;1;1;B02
2,016E+11;2;15;0;0;2;0;1;A01
2,016E+11;2;10;0;4;0;8;1;A01
2,016E+11;2;7;0;0;2;6;1;B02
2,016E+11;1;17;0;0;0;6;9;A01
2,016E+11;1;10;0;0;2;2;2;B02
2,016E+11;1;7;0;3;0;3;1;A01
2,016E+11;2;7;0;0;2;1;2;A01
2,016E+11;2;7;0;0;2;4;2;B02
2,016E+11;2;15;0;0;2;3;14;C03
2,016E+11;2;10;0;0;0;5;1;D04
2,016E+11;2;7;0;0;0;4;2;E05
2,016E+11;2;7;0;0;2;2;17;A01
2,016E+11;2;17;0;0;0;6;1;B02
2,016E+11;2;7;0;0;2;4;2;A01
2,016E+11;2;7;0;3;0;4;2;B02
2,016E+11;2;7;0;0;2;1;11;C03
2,016E+11;2;7;0;0;2;1;2;D04
2,016E+11;2;7;0;0;2;3;2;E05
2,016E+11;2;7;0;0;0;5;2;F06
2,016E+11;2;7;0;2;0;1;1;A01
2,016E+11;2;7;0;0;2;3;9;A01
2,016E+11;2;38;20;0;2;2;1;B02
2,016E+11;1;7;0;0;2;1;2;A01
2,016E+11;1;7;0;0;0;4;2;B02
2,016E+11;2;7;0;0;2;1;2;A01
2,016E+11;2;7;0;0;2;4;2;B02
2,016E+11;2;7;0;0;0;4;2;C03
2,016E+11;2;7;0;0;2;1;2;D04
2,016E+11;2;7;0;0;0;4;23;E05
2,016E+11;2;7;0;0;1;1;15;A01
2,016E+11;1;33;0;2;0;1;17;A01
2,016E+11;2;31;0;0;2;1;11;A01
2,016E+11;1;7;0;0;2;3;1;B02
2,016E+11;1;33;0;5;0;2;1;A01
2,016E+11;1;1;0;0;2;8;1;B01
2,016E+11;2;7;0;0;2;3;17;A01
2,016E+11;1;33;0;0;2;3;5;A01
2,016E+11;2;20;0;0;2;3;1;B02
2,016E+11;2;7;0;0;0;3;13;A01
2,016E+11;1;33;0;0;0;0;1;A01
2,016E+11;1;7;0;0;0;0;1;A01
2,016E+11;1;7;0;3;0;1;1;A01
2,016E+11;2;7;0;0;2;2;2;A01
2,016E+11;2;7;0;0;0;6;2;B02
2,016E+11;2;7;0;0;0;7;1;C03
2,016E+11;1;7;0;3;0;3;13;A01
2,016E+11;2;7;0;4;0;0;0;A01
2,016E+11;1;7;0;0;2;4;2;B02
2,016E+11;1;7;0;0;2;1;2;A01
2,016E+11;1;7;0;0;2;6;9;B02
2,016E+11;1;7;0;0;2;2;14;A01
2,016E+11;0;7;0;0;1;2;1;A01
2,016E+11;2;7;0;0;2;2;15;B02
2,016E+11;1;31;0;0;2;2;1;A01
2,016E+11;1;7;0;0;2;1;13;C03
2,016E+11;2;7;0;0;2;1;1;D04
2,016E+11;1;7;0;0;5;1;1;B02
2,016E+11;1;7;0;0;5;2;1;A01
2,016E+11;1;7;0;8;0;2;1;A01
2,016E+11;0;1;0;0;0;4;1;B02
2,016E+11;1;7;0;0;2;2;1;A01
2,016E+11;0;33;0;11;0;1;14;A01
2,016E+11;1;7;0;0;0;0;2;A01
2,016E+11;2;21;0;0;0;0;1;A01
2,016E+11;1;7;0;2;0;2;1;A01
2,016E+11;2;7;0;0;2;3;13;B02
2,016E+11;1;7;0;0;2;8;1;A01
2,016E+11;1;33;0;0;2;1;1;A01
2,016E+11;2;10;0;0;2;6;15;B02
2,016E+11;2;7;0;13;0;9;21;A01
2,016E+11;1;2;0;0;2;1;17;A01
2,016E+11;1;7;0;0;2;1;1;B02
2,016E+11;2;3;0;0;1;2;1;A01
2,016E+11;2;7;0;0;2;6;15;A01
2,016E+11;2;31;0;0;2;2;1;B02
2,016E+11;0;33;0;0;1;3;1;A01
2,016E+11;2;7;0;0;2;3;15;A01
2,016E+11;2;31;0;0;2;1;17;B02
2,016E+11;1;7;0;0;1;1;1;A01
2,016E+11;1;7;0;0;2;2;15;A01
2,016E+11;2;33;0;0;2;1;1;B02
2,016E+11;1;7;0;0;2;7;15;B02
2,016E+11;2;1;0;0;2;1;1;A01
2,016E+11;1;7;0;4;0;1;14;A01
2,016E+11;0;7;0;13;0;2;1;A01
2,016E+11;0;7;0;3;0;1;1;A01
2,016E+11;1;7;0;0;2;1;13;A01
2,016E+11;2;16;0;0;2;3;1;B02
2,016E+11;2;7;0;13;0;1;1;A01
2,016E+11;1;15;0;13;0;2;14;A01
2,016E+11;2;7;0;0;2;3;9;A01
2,016E+11;2;7;0;0;2;1;1;B02
2,016E+11;1;38;0;0;2;3;1;A01
2,016E+11;2;7;0;0;2;9;13;B02
2,016E+11;2;7;0;0;2;1;1;A01
2,016E+11;1;14;0;0;2;1;0;B02
2,016E+11;1;10;0;0;2;2;1;B02
2,016E+11;1;7;0;0;2;3;13;A01
2,016E+11;2;7;0;13;0;8;2;A01
2,016E+11;2;7;0;14;0;1;2;B02
2,016E+11;2;10;0;16;2;6;1;A01
2,016E+11;2;7;0;0;2;2;1;B02
2,016E+11;2;7;0;13;0;2;1;A01
2,016E+11;2;7;0;0;0;9;1;A01
2,016E+11;2;7;0;0;0;9;1;A01
2,016E+11;2;7;0;3;0;2;1;A01
2,016E+11;1;7;0;3;0;7;1;A01
2,016E+11;2;7;0;3;0;3;1;A01
2,016E+11;1;7;0;0;0;0;11;B02
2,016E+11;2;7;0;0;2;7;15;A01
2,016E+11;1;33;0;0;2;1;1;B02
2,016E+11;0;7;0;0;2;3;1;B02
2,016E+11;0;33;0;0;2;1;1;A01
2,016E+11;1;7;0;0;2;8;19;B02
2,016E+11;1;10;0;0;2;1;1;A01
2,016E+11;1;7;0;0;0;1;1;B02
2,016E+11;2;7;0;0;0;1;15;C03
2,016E+11;1;7;0;0;0;4;23;A01
2,016E+11;2;7;0;0;2;3;13;A01
2,016E+11;1;7;0;0;2;3;21;B02
2,016E+11;2;10;0;0;0;0;1;A01
2,016E+11;1;10;0;0;0;2;17;A01
2,016E+11;2;7;0;0;2;2;1;B02
2,016E+11;1;7;0;0;0;7;15;A01
2,016E+11;2;30;0;0;2;7;16;A01
2,016E+11;1;7;0;0;2;3;9;B02
2,016E+11;2;7;0;0;2;3;1;A01
2,016E+11;1;7;0;0;2;3;13;B02
2,016E+11;2;7;0;0;2;1;13;A01
2,016E+11;1;7;0;0;2;1;1;B02
2,016E+11;2;7;0;0;1;3;15;A01
2,016E+11;0;14;0;0;2;3;15;A01
2,016E+11;0;31;0;0;2;1;1;B02
2,016E+11;0;1;0;0;2;1;19;A01
2,016E+11;2;17;0;0;2;7;1;B02
2,016E+11;2;7;0;3;0;1;1;A01
2,016E+11;2;7;0;0;2;1;1;B02
2,016E+11;1;7;0;0;2;5;13;A01
2,016E+11;0;2;0;0;6;0;1;A01
2,016E+11;0;10;0;0;1;2;1;A01
2,016E+11;0;7;0;0;1;1;15;A01
2,016E+11;0;33;0;0;0;7;1;A01
2,016E+11;0;31;0;0;0;2;1;A01
2,016E+11;1;33;0;0;0;7;0;A01
2,016E+11;0;2;0;0;2;1;15;B02
2,016E+11;0;7;0;0;2;8;1;A01
2,016E+11;1;7;0;0;0;1;0;A01
2,016E+11;2;7;0;0;0;3;0;B02
2,016E+11;2;7;0;0;0;3;0;C03
2,016E+11;1;30;0;2;0;1;1;A01
2,016E+11;1;7;0;13;0;9;1;A01
2,016E+11;1;7;0;13;0;1;14;A01
2,016E+11;1;1;0;0;2;1;1;B01
2,016E+11;1;7;0;0;2;2;16;A01
2,016E+11;2;33;0;0;0;9;21;B01
2,016E+11;0;40;0;0;1;2;1;A01
2,016E+11;2;10;0;0;2;1;21;A01
2,016E+11;2;17;0;0;2;4;1;B01
2,016E+11;0;7;0;0;1;1;15;A01
2,016E+11;0;7;0;0;1;1;1;A01
2,016E+11;0;7;0;0;1;1;15;A01
2,016E+11;0;7;0;0;1;2;1;A01
2,016E+11;1;7;0;0;1;1;1;A01
2,016E+11;1;2;0;1;0;1;1;A01
2,016E+11;1;7;0;14;0;1;1;A01
2,016E+11;0;7;0;0;1;1;1;A01
2,016E+11;2;7;0;0;2;1;1;A01
2,016E+11;2;1;0;0;2;4;1;B01
2,016E+11;1;7;0;12;0;1;13;A01
2,016E+11;2;7;0;0;2;2;1;C01
2,016E+11;2;7;0;0;2;2;10;A01
2,016E+11;1;33;0;0;2;5;21;B01
2,016E+11;1;33;0;0;2;1;1;A01
2,016E+11;1;7;0;0;2;8;1;B01
2,016E+11;2;33;0;0;2;8;1;B01
2,016E+11;0;7;0;0;2;1;1;A01
2,016E+11;0;7;0;0;1;3;1;A01
2,016E+11;0;32;0;1;0;1;1;A01
2,016E+11;0;17;0;0;1;2;17;A01
2,016E+11;1;33;0;0;0;8;1;A01
2,016E+11;2;7;0;0;2;3;15;B01
2,016E+11;2;7;0;0;1;1;1;A01
2,016E+11;2;17;0;0;1;1;1;A01
2,016E+11;1;1;0;0;1;1;1;A01
2,016E+11;0;10;0;0;1;2;9;A01
2,016E+11;0;7;0;0;2;2;15;A01
2,016E+11;0;30;0;0;2;1;1;B01
2,016E+11;1;30;0;15;0;1;0;A01
2,016E+11;1;7;0;0;2;4;2;A01
2,016E+11;1;7;0;1;0;1;2;B01
2,016E+11;0;3;0;0;2;3;13;A01
2,016E+11;0;7;0;0;2;3;1;B01
2,016E+11;0;17;0;0;2;8;9;A01
2,016E+11;0;30;0;0;2;1;1;B01
2,016E+11;2;7;0;0;1;5;16;A01
2,016E+11;2;7;0;0;2;1;13;A01
2,016E+11;1;7;0;0;2;3;1;C01
2,016E+11;2;7;0;0;2;6;1;B01
2,016E+11;0;7;0;0;2;7;19;A01
2,016E+11;0;33;0;0;2;1;1;B01
2,016E+11;1;33;0;0;2;2;1;B01
2,016E+11;1;7;0;0;2;3;9;A01
2,016E+11;0;7;0;0;2;5;15;A01
2,016E+11;0;32;0;0;2;1;1;B01
2,016E+11;1;10;0;0;2;6;23;A01
2,016E+11;1;1;0;0;2;1;1;B01
2,016E+11;1;1;0;0;2;1;19;A01
2,016E+11;1;7;0;9;0;1;6;A01
2,016E+11;1;7;0;0;2;0;19;A01
2,016E+11;1;33;0;0;2;1;1;B01
2,016E+11;1;7;0;0;2;8;1;B01
2,016E+11;1;30;0;0;2;1;1;A01
2,016E+11;1;7;0;2;0;1;2;A01
2,016E+11;2;33;0;0;2;1;1;B01
2,016E+11;1;7;0;0;2;2;19;A01
2,016E+11;1;7;0;0;0;0;0;B01
2,016E+11;1;7;0;0;0;0;11;A01
2,016E+11;2;2;0;14;0;1;13;A01
2,016E+11;1;7;0;0;2;1;15;A01
2,016E+11;1;33;0;0;2;1;1;B01
2,016E+11;1;7;0;0;9;1;0;A01
2,016E+11;1;1;0;0;2;4;0;B01
2,016E+11;0;33;0;0;2;1;1;B01
2,016E+11;0;7;0;0;2;2;15;A01
2,016E+11;1;33;0;0;2;1;5;A01
2,016E+11;1;7;0;0;2;8;9;B01
2,016E+11;1;7;0;0;1;1;1;A01
2,016E+11;2;10;0;0;2;1;2;A01
2,016E+11;2;21;0;0;2;4;2;B01
2,016E+11;1;7;0;3;0;9;1;A01
2,016E+11;1;7;0;0;1;0;0;A01
2,016E+11;1;37;5;0;1;4;1;B01
2,016E+11;1;7;0;0;1;2;1;B01
2,016E+11;1;7;0;0;2;3;9;A01
2,016E+11;1;32;0;0;2;2;1;B01
2,016E+11;1;7;0;0;2;3;9;A01
2,016E+11;1;31;0;0;2;1;1;B01
2,016E+11;2;7;0;0;1;0;0;A01
2,016E+11;2;7;0;0;2;1;1;A01
2,016E+11;2;7;0;0;2;8;1;B02
2,016E+11;2;7;0;0;2;7;13;A01
2,016E+11;1;10;0;0;2;1;1;B02
2,016E+11;2;7;0;0;2;1;15;A01
2,016E+11;1;33;0;0;2;1;1;B02
2,016E+11;1;7;0;0;2;1;19;A01
2,016E+11;2;33;0;0;2;8;1;B02
2,016E+11;2;7;0;0;1;1;1;A01
2,016E+11;0;7;0;0;2;1;1;C01
2,016E+11;0;1;0;0;2;8;1;B01
2,016E+11;2;7;0;0;2;1;1;A01
2,016E+11;0;7;0;8;2;7;1;B01
2,016E+11;1;7;0;0;2;2;15;B01
2,016E+11;2;30;0;0;2;1;1;A01
2,016E+11;2;7;0;2;0;1;13;A01
2,016E+11;1;10;0;0;2;2;9;A01
2,016E+11;2;33;0;0;2;5;1;B01
2,016E+11;0;33;0;0;0;0;0;B01
2,016E+11;0;7;0;0;0;4;2;A01
2,016E+11;2;7;0;1;2;6;0;C01
2,016E+11;1;7;0;0;2;8;0;B01
2,016E+11;2;7;0;1;2;1;13;A01
2,016E+11;1;1;0;0;2;4;1;C01
2,016E+11;1;1;0;0;2;4;1;B01
2,016E+11;1;7;0;0;2;1;1;A01
2,016E+11;2;7;0;0;2;3;15;A01
2,016E+11;1;31;0;0;2;8;1;B01
2,016E+11;0;7;0;0;2;2;2;B01
2,016E+11;0;7;0;0;0;0;0;A01
2,016E+11;2;1;0;0;1;1;1;A01
2,016E+11;1;33;0;0;2;1;17;A01
2,016E+11;1;10;0;0;2;8;15;B01
2,016E+11;1;7;0;0;2;3;0;B01