Num_Acc;senc;catv;occutc;obs;obsm;choc;manv;num_veh
2,016E+11;2;7;0;0;2;1;1;A01
2,016E+11;2;7;0;0;2;4;15;B02
2,016E+11;1;15;0;0;2;1;1;C03
2,016E+11;2;7;0;13;0;9;1;A01
2,016E+11;1;7;0;13;0;3;14;A01
2,016E+11;2;7;0;0;2;3;1;A01
2,016E+11;1;2;0;0;2;1;13;B02
2,016E+11;2;7;0;6;0;1;1;A01
2,016E+11;1;7;0;2;0;1;1;A01
2,016E+11;2;10;0;0;0;6;23;A01
2,016E+11;2;2;0;0;2;1;2;B02
2,016E+11;2;32;0;0;2;1;1;B02
2,016E+11;1;7;0;0;2;2;1;A01
2,016E+11;1;7;0;0;2;1;1;A01
2,016E+11;2;3;0;0;2;2;15;B02
2,016E+11;2;7;0;8;0;3;14;A01
2,016E+11;1;7;0;13;0;1;1;A01
2,016E+11;2;33;0;0;2;3;1;A01
2,016E+11;1;7;0;0;2;3;1;B02
2,016E+11;1;7;0;0;0;6;15;A01
2,016E+11;2;7;0;0;2;3;21;B01
2,016E+11;1;7;0;0;2;3;1;A01
2,016E+11;2;10;0;0;2;3;13;B02
2,016E+11;2;7;0;13;2;6;1;B01
2,016E+11;2;7;0;0;2;2;1;A01
2,016E+11;1;7;0;13;0;9;1;A01
2,016E+11;1;7;0;0;2;2;15;A01
2,016E+11;2;7;0;0;2;1;1;B02
2,016E+11;2;33;0;3;0;8;1;A01
2,016E+11;2;7;0;0;9;1;16;A01
2,016E+11;1;1;0;0;2;1;1;B02
2,016E+11;1;7;0;0;0;2;1;A01
2,016E+11;2;33;0;0;0;7;1;A01
2,016E+11;2;2;0;0;0;1;1;A01
2,016E+11;1;7;0;2;0;9;1;A01
2,016E+11;1;33;0;0;2;8;1;A01
2,016E+11;1;7;0;0;1;3;1;A01
2,016E+11;1;15;0;12;0;7;14;A01
2,016E+11;1;7;0;1;0;2;1;A01
2,016E+11;1;14;0;0;2;6;24;B01
2,016E+11;1;2;0;0;2;2;1;A01
2,016E+11;1;7;0;0;2;6;9;B01
2,016E+11;2;7;0;0;1;0;0;A01
2,016E+11;1;7;0;0;1;2;1;A01
2,016E+11;1;7;0;0;1;3;1;A01
2,016E+11;1;30;0;0;2;1;1;B01
2,016E+11;2;7;0;0;2;3;10;A01
2,016E+11;1;33;0;11;0;3;16;A01
2,016E+11;2;7;0;0;1;1;1;A01
2,016E+11;2;33;0;0;2;1;1;B01
2,016E+11;1;7;0;0;2;7;15;A01
2,016E+11;2;7;0;0;2;8;2;C01
2,016E+11;1;7;0;2;;7;13;A01
2,016E+11;2;7;0;0;1;3;1;A01
2,016E+11;0;7;0;0;1;2;1;A01
2,016E+11;2;33;0;12;0;2;1;A01
2,016E+11;2;7;0;0;2;3;1;B01
2,016E+11;1;33;0;0;2;1;17;A01
2,016E+11;1;3;0;0;1;6;20;A01
2,016E+11;1;33;0;0;0;0;17;A01
2,016E+11;2;7;0;0;2;1;1;B01
2,016E+11;;7;0;0;1;3;1;A01
2,016E+11;2;30;0;0;2;7;1;A01
2,016E+11;2;7;0;0;2;2;23;B01
2,016E+11;2;7;0;0;2;1;2;A01
2,016E+11;2;7;0;16;2;4;15;B01
2,016E+11;1;7;0;8;0;1;13;A01
2,016E+11;0;7;0;0;1;0;0;A01
2,016E+11;;7;0;0;2;7;19;B01
2,016E+11;0;33;0;0;2;2;0;A01
2,016E+11;1;37;2;0;1;1;1;A01
2,016E+11;;7;0;0;1;2;19;A01
2,016E+11;1;33;0;7;0;0;0;A01
2,016E+11;;7;0;0;0;0;0;B01
2,016E+11;;7;0;0;0;0;0;A01
2,016E+11;2;7;0;0;2;3;5;B01
2,016E+11;1;17;0;0;2;3;1;A01
2,016E+11;1;7;0;12;0;2;15;A01
2,016E+11;1;10;0;0;2;3;15;A01
2,016E+11;1;33;0;0;2;1;17;B01
2,016E+11;1;10;0;0;2;8;16;A01
2,016E+11;2;7;0;0;2;7;2;B01
2,016E+11;2;7;0;0;2;5;23;B01
2,016E+11;2;30;0;0;2;3;0;A01
2,016E+11;2;2;0;0;2;6;2;A01
2,016E+11;2;7;0;0;2;6;1;B01
2,016E+11;2;7;0;0;0;0;1;A01
2,016E+11;0;7;0;0;2;2;0;B01
2,016E+11;2;30;0;0;2;1;0;A01
2,016E+11;2;7;0;0;0;7;13;A01
2,016E+11;0;7;0;0;2;5;2;B01
2,016E+11;0;2;0;0;1;1;1;A01
2,016E+11;;37;1;0;1;7;2;A01
2,016E+11;;7;0;0;2;7;15;A01
2,016E+11;2;2;0;0;2;1;1;B01
2,016E+11;;7;0;0;1;8;1;A01
2,016E+11;0;33;0;0;0;0;9;A01
2,016E+11;;7;0;0;2;1;1;B01
2,016E+11;;7;0;0;2;2;15;A01
2,016E+11;2;7;0;0;1;2;15;A01
2,016E+11;0;7;0;13;0;1;1;A01
2,016E+11;;7;0;1;0;1;21;A01
2,016E+11;2;7;0;0;2;3;5;A01
2,016E+11;1;7;0;0;2;3;1;B01
2,016E+11;0;2;0;0;2;1;1;B01
2,016E+11;0;7;0;0;2;2;0;A01
2,016E+11;1;7;0;0;2;1;1;B01
2,016E+11;2;1;0;0;2;1;19;A01
2,016E+11;2;7;0;0;2;1;1;B01
2,016E+11;0;7;0;0;2;3;15;A01
2,016E+11;0;7;0;0;2;7;15;A01
2,016E+11;1;33;0;0;2;1;1;B01
2,016E+11;2;30;0;0;0;1;1;A01
2,016E+11;0;7;0;0;0;0;0;B01
2,016E+11;0;7;0;0;9;2;0;Z01
2,016E+11;0;1;0;0;2;6;0;B01
2,016E+11;1;1;0;0;2;4;2;A01
2,016E+11;1;7;0;0;2;3;2;B01
2,016E+11;1;7;0;0;2;1;15;A01
2,016E+11;2;7;0;0;2;3;13;A01
2,016E+11;1;7;0;0;2;3;21;B01
2,016E+11;0;7;0;0;2;1;15;B02
2,016E+11;0;33;0;0;2;1;1;A01
2,016E+11;1;7;0;0;2;1;1;B02
2,016E+11;1;7;0;0;2;1;13;A01
2,016E+11;2;7;0;2;0;1;1;A01
2,016E+11;1;2;0;0;2;2;15;A01
2,016E+11;2;10;0;0;2;1;1;B02
2,016E+11;1;7;0;0;2;1;15;A01
2,016E+11;2;7;0;0;2;1;1;B02
2,016E+11;2;7;0;13;0;1;1;A01
2,016E+11;1;99;0;0;2;0;0;A01
2,016E+11;1;1;0;0;2;8;1;B02
2,016E+11;1;10;0;0;2;3;13;A01
2,016E+11;2;7;0;0;2;3;1;B02
2,016E+11;1;7;0;13;0;1;19;A01
2,016E+11;1;15;0;14;0;3;1;B02
2,016E+11;0;10;0;0;2;1;1;A01
2,016E+11;0;14;0;0;2;1;1;B02
2,016E+11;1;14;0;0;2;3;1;B02
2,016E+11;2;7;0;0;2;8;13;A01
2,016E+11;1;7;0;2;0;7;1;A01
2,016E+11;1;10;0;3;0;1;17;A01
2,016E+11;1;17;0;4;0;7;1;A01
2,016E+11;2;7;0;7;0;3;14;A01
2,016E+11;2;7;0;13;0;1;0;A01
2,016E+11;2;15;0;13;0;7;14;A01
2,016E+11;1;37;56;1;0;3;1;A01
2,016E+11;2;17;0;0;2;8;1;A01
2,016E+11;1;17;0;0;2;3;1;B02
2,016E+11;1;7;0;0;0;1;1;C03
2,016E+11;1;7;0;0;2;1;17;D04
2,016E+11;1;7;0;0;2;1;17;A01
2,016E+11;1;7;0;3;2;1;13;B02
2,016E+11;2;17;0;1;1;5;1;A01
2,016E+11;1;10;0;3;0;1;1;A01
2,016E+11;2;7;0;0;1;3;1;A01
2,016E+11;1;7;0;8;0;7;1;A01
2,016E+11;1;17;0;7;0;8;1;A01
2,016E+11;2;7;0;14;0;1;2;B02
2,016E+11;2;7;0;3;0;1;1;A01
2,016E+11;1;7;0;3;1;1;0;A01
2,016E+11;1;33;0;0;9;1;2;A01
2,016E+11;2;7;0;0;0;0;2;B02
2,016E+11;1;7;0;13;0;1;1;A01
2,016E+11;2;7;0;0;2;4;2;C02
2,016E+11;2;7;0;0;0;4;23;D01
2,016E+11;2;7;0;0;2;1;1;A04
2,016E+11;2;7;0;0;2;4;2;B03
2,016E+11;2;7;0;0;2;4;1;A01
2,016E+11;2;7;0;0;2;1;2;B02
2,016E+11;2;13;0;0;2;2;2;B02
2,016E+11;2;7;0;4;0;9;2;A01
2,016E+11;2;7;0;0;9;6;0;A01
2,016E+11;1;7;0;3;0;2;17;A01
2,016E+11;1;14;0;0;2;6;1;B02
2,016E+11;1;7;0;0;2;1;17;A01
2,016E+11;1;7;0;0;0;4;23;B02
2,016E+11;1;7;0;14;0;1;2;A01
2,016E+11;1;7;0;0;0;4;23;F06
2,016E+11;1;7;0;0;2;1;1;C03
2,016E+11;1;7;0;0;2;2;1;E05
2,016E+11;1;7;0;0;2;1;1;K11
2,016E+11;1;7;0;0;0;6;23;A01
2,016E+11;1;7;0;0;0;4;23;Q17
2,016E+11;1;7;0;0;2;1;1;R18
2,016E+11;1;7;0;0;2;4;23;N14
2,016E+11;1;7;0;0;0;5;23;O15
2,016E+11;1;7;0;14;0;3;23;G07
2,016E+11;1;7;0;0;0;4;23;I09
2,016E+11;1;7;0;0;0;6;23;J10
2,016E+11;1;10;0;0;2;1;1;P16
2,016E+11;1;7;0;0;0;2;23;M13
2,016E+11;1;7;0;0;0;4;23;B02
2,016E+11;1;7;0;3;0;1;1;D04
2,016E+11;1;7;0;0;2;1;1;H08
2,016E+11;1;7;0;0;2;4;23;L12
2,016E+11;2;7;0;3;2;1;1;D04
2,016E+11;2;7;0;3;1;3;1;C03
2,016E+11;1;17;0;0;0;0;24;B01
2,016E+11;1;7;0;1;0;1;2;C02
2,016E+11;2;17;0;0;0;0;14;A01
2,016E+11;2;7;0;0;0;5;1;C03
2,016E+11;2;7;0;3;0;4;2;B02
2,016E+11;2;7;0;3;2;1;1;A01
2,016E+11;1;7;0;0;2;1;2;A01
2,016E+11;1;7;0;0;2;4;1;B02
2,016E+11;2;7;0;0;2;2;17;A01
2,016E+11;2;7;0;0;0;6;1;B02
2,016E+11;2;7;0;3;0;1;1;A01
2,016E+11;1;15;0;6;0;8;11;A01
2,016E+11;2;7;0;3;0;2;0;A01
2,016E+11;1;7;0;0;0;0;0;A01
2,016E+11;1;7;0;0;2;4;2;B02
2,016E+11;1;7;0;0;2;1;2;A01
2,016E+11;1;7;0;4;0;3;1;A01
2,016E+11;2;7;0;13;0;2;14;A01
2,016E+11;2;7;0;4;0;2;0;A01
2,016E+11;1;7;0;0;2;1;14;A01
2,016E+11;1;7;0;0;2;4;1;B02
2,016E+11;2;7;0;0;0;6;2;B02
2,016E+11;2;7;0;0;2;1;2;A01
2,016E+11;1;7;0;4;0;1;0;A01
2,016E+11;2;7;0;0;2;3;5;A01
2,016E+11;1;7;0;0;2;3;1;B02
2,016E+11;2;7;0;5;0;1;1;A01
2,016E+11;2;33;0;0;2;7;14;A01
2,016E+11;2;7;0;0;2;8;1;B02
2,016E+11;2;33;0;0;9;8;1;B02
2,016E+11;2;7;0;0;0;0;1;A01
2,016E+11;2;7;0;0;2;4;2;A01
2,016E+11;2;7;0;0;0;4;2;C03
2,016E+11;2;7;0;0;2;4;2;B02
2,016E+11;1;7;0;9;0;8;1;A01
2,016E+11;0;31;0;0;0;0;0;A01
2,016E+11;1;7;0;0;2;4;1;B02
2,016E+11;1;7;0;0;2;4;1;C03
2,016E+11;1;7;0;0;2;1;1;A01
2,016E+11;2;7;0;3;0;3;2;A01
2,016E+11;2;7;0;0;2;1;2;B02
2,016E+11;1;7;0;3;1;2;1;A01
2,016E+11;1;7;0;6;0;1;1;A01
2,016E+11;1;10;0;0;2;6;1;B02
2,016E+11;1;7;0;0;2;2;17;A01
2,016E+11;2;7;0;3;0;3;1;A01
2,016E+11;1;7;0;3;0;3;1;A01
2,016E+11;2;7;0;4;0;5;1;A01
2,016E+11;1;33;0;0;2;1;2;A01
2,016E+11;1;14;0;0;0;6;2;B02
2,016E+11;1;7;0;0;2;1;2;A01
2,016E+11;1;7;0;3;2;1;2;B02
2,016E+11;2;33;0;3;0;7;0;A01
2,016E+11;1;7;0;3;0;4;24;A01
2,016E+11;1;7;0;1;0;1;2;B02
2,016E+11;2;15;0;0;2;1;1;B02
2,016E+11;2;7;0;3;2;6;14;A01
2,016E+11;2;7;0;3;2;5;1;D04
2,016E+11;2;7;0;3;2;4;1;C03
2,016E+11;2;7;0;0;2;2;13;A01
2,016E+11;2;7;0;0;2;6;1;B02
2,016E+11;2;7;0;15;0;1;1;A01
2,016E+11;2;7;0;0;2;1;2;A01
2,016E+11;1;7;0;0;2;4;2;B02
2,016E+11;2;17;0;0;2;6;1;B02
2,016E+11;2;7;0;0;2;2;17;A01
2,016E+11;1;7;0;0;2;1;2;A01
2,016E+11;1;7;0;0;0;4;1;B02
2,016E+11;2;7;0;2;0;1;0;A01
2,016E+11;2;7;0;0;2;8;15;A01
2,016E+11;1;14;0;0;2;1;1;B02
2,016E+11;2;7;0;3;0;3;13;A01
2,016E+11;1;10;0;13;0;1;1;A01
2,016E+11;1;7;0;0;1;3;1;A01
2,016E+11;1;7;0;0;1;7;1;A01
2,016E+11;1;7;0;0;1;2;1;A01
2,016E+11;2;7;0;0;1;3;1;A01
2,016E+11;2;7;0;0;1;1;1;A01
2,016E+11;1;33;0;0;2;1;2;B02
2,016E+11;1;7;0;0;0;4;2;A01
2,016E+11;2;7;0;3;0;3;0;A01
2,016E+11;2;17;0;0;1;2;14;A01
2,016E+11;1;7;0;3;0;9;1;A01
2,016E+11;1;7;0;1;0;1;1;A01
2,016E+11;1;7;0;0;0;6;23;B01
2,016E+11;1;10;0;0;0;5;2;A01
2,016E+11;1;33;0;0;2;1;2;B01
2,016E+11;2;7;0;0;1;3;1;A01
2,016E+11;1;7;0;13;0;2;1;A01
2,016E+11;1;7;0;7;0;7;1;A01
2,016E+11;1;7;0;3;2;1;12;A01
2,016E+11;1;7;0;0;2;4;1;B01
2,016E+11;1;7;0;15;0;0;1;A01
2,016E+11;1;7;0;3;0;1;1;A01
2,016E+11;1;17;0;0;2;4;1;B01
2,016E+11;1;7;0;1;0;1;1;C01
2,016E+11;1;10;0;0;0;6;2;E01
2,016E+11;1;7;0;0;2;1;2;A01
2,016E+11;1;7;0;1;0;1;2;D01
2,016E+11;1;15;0;0;2;8;1;C01
2,016E+11;1;7;0;0;2;1;1;B01
2,016E+11;2;7;0;0;2;1;5;A01
2,016E+11;1;15;0;0;2;8;1;A01
2,016E+11;2;7;0;0;2;3;13;B01
2,016E+11;2;7;0;0;2;2;2;A01
2,016E+11;2;17;0;0;2;5;1;B01
2,016E+11;2;7;0;0;0;1;1;A01
2,016E+11;2;7;0;13;0;1;14;A01
2,016E+11;2;10;0;14;0;1;1;D01
2,016E+11;2;7;0;3;2;9;0;A01
2,016E+11;2;7;0;0;2;1;1;B01
2,016E+11;1;7;0;14;0;1;1;F01
2,016E+11;2;7;0;0;2;1;1;C01
2,016E+11;1;7;0;14;0;2;1;E01
2,016E+11;0;38;0;0;2;1;2;A01
2,016E+11;0;7;0;0;2;4;15;B01
2,016E+11;0;7;0;0;2;1;2;C01
2,016E+11;2;7;0;0;2;4;1;B01
2,016E+11;2;7;0;0;2;1;1;C01
2,016E+11;2;7;0;14;0;1;1;D01
2,016E+11;2;7;0;0;0;4;1;A01
2,016E+11;1;7;0;13;0;1;14;A01
2,016E+11;1;10;0;0;2;1;2;B01
2,016E+11;1;3;0;0;0;4;1;A01
2,016E+11;1;3;0;0;2;6;1;B01
2,016E+11;1;10;0;0;2;2;21;A01
2,016E+11;2;17;0;0;2;3;1;A01
2,016E+11;1;7;0;0;2;7;19;B01
2,016E+11;2;7;0;13;0;1;14;A01
2,016E+11;1;14;0;0;2;1;1;B01
2,016E+11;2;7;0;0;2;8;13;A01
2,016E+11;1;14;0;0;2;3;1;A01
2,016E+11;2;7;0;0;2;3;1;B01
2,016E+11;1;7;0;0;1;2;1;A01
2,016E+11;2;7;0;0;2;2;9;A01
2,016E+11;2;7;0;0;2;3;1;B01
2,016E+11;1;7;0;0;1;2;1;A01
2,016E+11;2;7;0;16;0;3;1;A01
2,016E+11;1;38;31;0;1;8;15;A01
2,016E+11;2;7;0;0;1;1;1;A01
2,016E+11;1;7;0;0;2;3;15;A01
2,016E+11;2;1;0;0;2;0;2;B01
2,016E+11;0;33;0;0;2;1;13;A01
2,016E+11;0;7;0;0;2;1;23;B01
2,016E+11;2;33;0;0;1;0;0;A01
2,016E+11;2;7;0;0;2;1;0;A01
2,016E+11;0;7;0;0;2;3;1;C01
2,016E+11;1;7;0;0;2;1;1;B01
2,016E+11;2;2;0;0;2;1;1;B01
2,016E+11;2;7;0;0;0;4;1;A01
2,016E+11;2;7;0;0;0;1;13;A01
2,016E+11;1;7;0;0;0;1;0;B01
2,016E+11;2;7;0;0;2;1;1;A01
2,016E+11;1;7;0;0;2;1;15;B01
2,016E+11;1;7;0;0;2;2;1;B01
2,016E+11;1;7;0;0;2;4;16;A01
2,016E+11;2;7;0;0;1;4;4;A01
2,016E+11;1;33;0;0;2;1;1;B01
2,016E+11;1;7;0;0;2;3;15;A01
2,016E+11;1;10;0;0;2;3;1;B02
2,016E+11;2;7;0;0;2;3;1;A01
2,016E+11;1;2;0;16;2;2;1;A01
2,016E+11;0;10;0;0;2;2;19;B01
2,016E+11;1;7;0;2;0;1;1;A01
2,016E+11;2;1;0;0;2;6;1;B02
2,016E+11;1;7;0;0;2;2;1;A01
2,016E+11;1;15;0;0;0;4;23;B02
2,016E+11;1;15;0;0;0;0;23;A01
2,016E+11;1;7;0;1;0;1;1;C03
2,016E+11;2;7;0;0;0;2;1;A01
2,016E+11;0;7;0;0;0;3;13;A01
2,016E+11;0;7;0;0;0;3;0;B02
2,016E+11;1;31;0;0;2;1;1;A01
2,016E+11;2;7;0;0;2;3;15;B02
2,016E+11;1;7;0;0;0;1;0;B02
2,016E+11;2;7;0;0;0;1;13;A01
2,016E+11;1;33;0;0;2;3;17;A01
2,016E+11;2;7;0;0;2;2;1;B02
2,016E+11;2;7;0;0;0;3;0;B02
2,016E+11;1;7;0;0;0;3;13;A01
2,016E+11;0;7;0;0;2;2;2;A01
2,016E+11;0;7;0;0;2;2;4;B02
2,016E+11;1;7;0;0;2;2;1;A01
2,016E+11;1;1;0;0;0;4;1;B02
2,016E+11;1;7;0;13;0;2;1;A01
2,016E+11;1;33;0;0;2;1;1;B02
2,016E+11;2;7;0;0;2;3;15;A01
2,016E+11;1;7;0;8;0;3;0;A01
2,016E+11;1;7;0;0;2;2;15;A01
2,016E+11;1;33;0;0;2;1;1;B02
2,016E+11;0;1;0;0;2;1;1;B02
2,016E+11;0;37;53;0;9;7;1;A01
2,016E+11;1;33;0;0;2;1;1;B02
2,016E+11;2;7;0;0;2;2;15;A01
2,016E+11;1;7;0;0;2;8;19;B02
2,016E+11;1;33;0;0;2;1;17;A01
2,016E+11;0;34;0;2;0;1;0;A01
2,016E+11;0;7;0;0;2;1;19;A01
2,016E+11;0;1;0;0;2;8;1;B02
2,016E+11;1;3;0;0;2;8;17;A01
2,016E+11;2;33;0;0;2;1;15;B02
2,016E+11;1;7;0;0;2;1;0;B02
2,016E+11;1;7;0;0;0;6;1;A01
2,016E+11;1;7;0;0;0;1;0;A01
2,016E+11;2;33;0;0;0;1;0;B02
2,016E+11;1;7;0;0;2;1;17;A01
2,016E+11;2;7;0;0;2;1;11;B02
2,016E+11;1;10;0;0;0;2;0;A01
2,016E+11;2;33;0;0;0;2;0;B02
2,016E+11;0;30;0;1;0;2;0;A01
2,016E+11;0;7;0;0;0;3;15;A01
2,016E+11;0;31;0;0;0;2;1;B02
2,016E+11;1;10;0;0;0;1;13;A01
2,016E+11;2;7;0;0;2;1;13;B02
2,016E+11;0;1;0;0;9;0;13;A01
2,016E+11;0;1;0;0;9;0;1;B02
2,016E+11;0;1;0;14;2;0;1;B02
2,016E+11;0;7;0;14;0;0;16;A01
2,016E+11;1;7;0;0;0;3;15;B02
2,016E+11;1;7;0;0;2;1;0;A01
2,016E+11;0;34;0;0;2;1;1;A01
2,016E+11;0;7;0;0;2;5;15;B02
2,016E+11;1;10;0;0;2;8;23;C03
2,016E+11;2;34;0;0;2;1;1;A01
2,016E+11;1;7;0;0;0;5;15;B02
2,016E+11;1;31;0;0;0;0;1;A01
2,016E+11;1;7;0;0;2;3;15;A01
2,016E+11;2;33;0;0;2;0;1;B02
2,016E+11;2;30;0;0;2;2;6;A01
2,016E+11;1;7;0;0;2;3;1;B02
2,016E+11;1;7;0;0;2;1;17;A01
2,016E+11;1;7;0;0;0;3;0;B02
2,016E+11;1;7;0;0;1;1;1;A01
2,016E+11;2;7;0;0;2;2;1;B02
2,016E+11;1;7;0;0;2;1;13;A01
2,016E+11;0;2;0;0;0;0;0;A01
2,016E+11;0;7;0;0;0;0;0;A01
2,016E+11;0;7;0;0;0;0;0;B02
2,016E+11;0;1;0;0;0;0;0;B02
2,016E+11;0;33;0;0;0;0;0;A01
2,016E+11;0;33;0;0;0;0;1;A01
2,016E+11;0;7;0;2;0;2;1;A01
2,016E+11;2;7;0;13;0;3;2;A01
2,016E+11;0;10;0;0;2;5;12;B02
2,016E+11;0;15;0;0;2;3;1;A01
2,016E+11;2;38;39;0;2;3;1;B02
2,016E+11;1;7;0;0;2;1;13;A01
2,016E+11;2;7;0;0;2;1;1;B01
2,016E+11;2;7;0;0;2;5;15;A01
2,016E+11;1;7;0;0;1;4;4;A01
2,016E+11;1;7;0;0;1;1;1;A01
2,016E+11;1;2;0;0;2;1;1;B01
2,016E+11;1;7;0;0;2;1;9;A01
2,016E+11;1;7;0;0;2;1;1;A01
2,016E+11;2;10;0;0;2;1;1;B01
2,016E+11;1;7;0;0;1;3;15;A01
2,016E+11;1;7;0;0;1;1;1;A01
2,016E+11;1;7;0;0;2;1;16;Z01
2,016E+11;1;1;0;0;2;4;16;B01
2,016E+11;1;7;0;0;2;1;15;B01
2,016E+11;2;7;0;0;2;1;16;Z01
2,016E+11;1;10;0;0;1;0;0;A01
2,016E+11;1;2;0;0;2;1;1;B01
2,016E+11;1;7;0;0;2;3;15;A01
2,016E+11;1;7;0;0;1;1;1;A01
2,016E+11;1;7;0;0;2;1;15;A01
2,016E+11;2;7;0;0;2;1;1;B01
2,016E+11;2;2;0;0;2;1;1;B01
2,016E+11;2;7;0;0;2;3;9;A01
2,016E+11;0;7;0;0;2;1;1;B01
2,016E+11;0;7;0;0;2;1;15;A01
2,016E+11;0;7;0;0;2;1;15;A01
2,016E+11;0;31;0;0;2;1;1;B01
2,016E+11;0;7;0;8;0;3;1;A01
2,016E+11;1;2;0;0;2;1;1;B01
2,016E+11;1;7;0;0;2;7;16;A01
2,016E+11;1;10;0;0;2;1;2;A01
2,016E+11;1;7;0;0;2;4;2;B01
2,016E+11;2;7;0;0;2;2;15;B01
2,016E+11;2;7;0;0;2;1;1;Z01
2,016E+11;0;7;0;0;2;2;1;B01
2,016E+11;0;7;0;0;2;3;19;A01
2,016E+11;1;1;0;0;2;0;1;B01
2,016E+11;1;10;0;0;2;7;17;A01
2,016E+11;2;2;0;0;2;1;17;A01
2,016E+11;2;10;0;0;2;8;15;B01
2,016E+11;2;7;0;0;2;7;16;A01
2,016E+11;2;1;0;0;2;1;1;B01
2,016E+11;1;7;0;0;2;8;1;B01
2,016E+11;2;7;0;0;2;1;15;A01
2,016E+11;1;7;0;0;1;3;1;A01
2,016E+11;1;7;0;0;2;1;1;A01
2,016E+11;1;10;0;0;2;1;1;B01
2,016E+11;1;7;0;0;2;1;1;B01
2,016E+11;1;7;0;0;2;7;12;A01
2,016E+11;0;7;0;6;0;1;14;A01
2,016E+11;0;31;0;0;0;0;16;A01
2,016E+11;0;7;0;0;1;1;1;A01
2,016E+11;1;7;0;0;2;6;10;A01
2,016E+11;2;31;0;0;2;1;1;B01
2,016E+11;0;7;0;0;1;1;1;A01
2,016E+11;1;7;0;0;2;1;2;A01
2,016E+11;1;7;0;0;2;4;23;B01
2,016E+11;1;33;0;0;2;1;0;C01
2,016E+11;1;33;0;0;2;8;1;B01
2,016E+11;1;7;0;0;2;8;11;A01
2,016E+11;2;7;0;0;2;1;9;A01
2,016E+11;2;7;0;0;2;7;0;B01
2,016E+11;1;7;0;0;2;4;23;C01
2,016E+11;1;7;0;0;2;1;1;A01
2,016E+11;1;7;0;0;2;4;23;B01
2,016E+11;2;7;0;0;2;1;1;C01
2,016E+11;2;2;0;0;2;4;2;B01
2,016E+11;2;1;0;0;2;1;1;A01
2,016E+11;1;7;0;0;2;4;2;C01
2,016E+11;1;7;0;0;2;1;1;A01
2,016E+11;1;7;0;0;2;4;2;D01
2,016E+11;1;7;0;0;2;4;2;B01
2,016E+11;1;7;0;0;2;1;1;B01
2,016E+11;2;7;0;0;2;2;15;A01
2,016E+11;2;2;0;0;2;1;1;A01
2,016E+11;2;7;0;0;2;4;2;B01
2,016E+11;1;7;0;0;2;1;1;A01
2,016E+11;1;7;0;0;2;4;23;B01
2,016E+11;1;34;0;0;2;7;17;A01
2,016E+11;1;7;0;0;2;3;15;B01
2,016E+11;1;7;0;0;2;1;2;A01
2,016E+11;1;7;0;0;2;4;23;B01
2,016E+11;1;7;0;0;2;4;23;C01
2,016E+11;1;7;0;0;2;1;2;A01
2,016E+11;1;7;0;0;2;4;2;B01
2,016E+11;1;7;0;0;2;5;2;B01
2,016E+11;1;2;0;0;2;1;2;A01
2,016E+11;1;7;0;14;0;9;1;A01
2,016E+11;2;7;0;0;2;1;13;A01
2,016E+11;1;7;0;0;2;1;1;B01
2,016E+11;0;7;0;0;2;0;15;B01
2,016E+11;0;1;0;0;2;0;13;A01
2,016E+11;2;7;0;0;2;1;9;A01
2,016E+11;1;7;0;0;2;9;1;B01
2,016E+11;2;7;0;0;2;1;9;A01
2,016E+11;1;32;0;0;2;1;1;B01
2,016E+11;1;33;0;0;2;1;13;A01
2,016E+11;2;7;0;0;2;1;1;B01
2,016E+11;1;7;0;2;0;2;14;A01
2,016E+11;2;7;0;13;0;9;0;A01
2,016E+11;2;2;0;0;1;1;17;A01
2,016E+11;2;7;0;0;2;3;9;A01
2,016E+11;2;33;0;0;2;1;1;B01
2,016E+11;1;7;0;0;1;1;0;Z01
2,016E+11;1;7;0;0;2;1;2;A01
2,016E+11;0;7;0;0;2;4;2;B01
2,016E+11;1;33;0;7;0;1;1;A01
2,016E+11;1;30;0;1;0;1;1;A01
2,016E+11;1;7;0;1;0;1;1;A01
2,016E+11;1;7;0;0;1;3;15;A01
2,016E+11;1;10;0;0;2;1;1;A01
2,016E+11;1;7;0;0;2;4;23;C01
2,016E+11;1;7;0;0;2;4;23;B01
2,016E+11;1;1;0;0;2;4;1;B01
2,016E+11;1;7;0;0;2;2;1;A01
2,016E+11;1;7;0;0;1;3;1;A01
2,016E+11;2;7;0;0;1;3;15;A01
2,016E+11;1;7;0;0;2;1;1;B01
2,016E+11;1;7;0;0;2;9;9;A01
2,016E+11;1;7;0;0;2;2;1;B01
2,016E+11;1;7;0;0;0;0;0;Z01
2,016E+11;1;99;0;0;2;3;23;C01
2,016E+11;1;7;0;0;0;0;19;A01
2,016E+11;1;33;0;0;0;0;1;B01
2,016E+11;1;7;0;0;2;7;15;A01
2,016E+11;1;33;0;0;2;1;1;B01
2,016E+11;1;7;0;0;1;2;1;A01
2,016E+11;1;7;0;0;2;1;2;A01
2,016E+11;1;7;0;0;2;4;1;B01
2,016E+11;1;31;0;0;2;1;2;A01
2,016E+11;1;7;0;0;2;4;23;B01
2,016E+11;1;2;0;0;2;1;1;B01
2,016E+11;2;10;0;0;2;3;9;A01
2,016E+11;1;10;0;0;2;1;1;B01
2,016E+11;1;7;0;0;2;8;9;A01