Num_Acc;senc;catv;occutc;obs;obsm;choc;manv;num_veh
2,016E+11;2;30;0;0;2;1;1;B01
2,016E+11;2;7;0;0;1;1;1;A01
2,016E+11;1;7;0;0;1;3;1;A01
2,016E+11;2;7;0;0;1;1;1;Z01
2,016E+11;1;7;0;0;2;1;2;A01
2,016E+11;1;10;0;0;2;4;2;B01
2,016E+11;1;7;0;0;0;4;23;C01
2,016E+11;2;7;0;0;1;5;16;A01
2,016E+11;2;10;0;14;2;1;1;A01
2,016E+11;2;7;0;0;2;1;1;B01
2,016E+11;2;7;0;0;2;1;10;A01
2,016E+11;1;33;0;0;0;1;1;B01
2,016E+11;1;7;0;1;0;1;0;A01
2,016E+11;2;37;1;0;1;2;9;A01
2,016E+11;2;7;0;0;1;1;1;A01
2,016E+11;1;7;0;0;2;1;2;A01
2,016E+11;0;30;0;0;2;7;16;B01
2,016E+11;1;7;0;0;0;8;10;A01
2,016E+11;1;33;0;0;2;7;17;B01
2,016E+11;1;2;0;0;0;8;1;A01
2,016E+11;1;40;100;0;1;1;1;A01
2,016E+11;1;7;0;0;1;2;15;A01
2,016E+11;2;7;0;0;0;7;15;A01
2,016E+11;1;2;0;0;2;1;1;B01
2,016E+11;1;2;0;0;1;1;16;Z01
2,016E+11;1;7;0;0;0;8;1;A01
2,016E+11;2;7;0;0;2;2;1;B01
2,016E+11;1;7;0;2;0;0;1;A01
2,016E+11;2;33;0;0;0;2;1;B01
2,016E+11;1;7;0;0;0;2;1;A01
2,016E+11;1;7;0;0;0;0;0;A01
2,016E+11;1;30;0;0;2;1;1;B01
2,016E+11;1;7;0;2;0;1;1;A01
2,016E+11;1;7;0;0;0;4;23;B01
2,016E+11;1;7;0;0;2;1;2;A01
2,016E+11;2;7;0;0;0;6;1;A01
2,016E+11;1;7;0;0;0;0;1;Z01
2,016E+11;1;10;0;0;2;0;1;Z01
2,016E+11;1;10;0;0;2;3;1;A01
2,016E+11;0;1;0;0;2;1;5;A01
2,016E+11;1;10;0;0;0;2;1;B01
2,016E+11;1;31;0;0;2;1;18;B01
2,016E+11;1;7;0;0;0;7;22;A01
2,016E+11;1;37;0;0;0;3;1;B01
2,016E+11;1;33;0;0;2;3;1;A01
2,016E+11;1;33;0;1;0;1;21;B01
2,016E+11;2;7;0;0;2;1;15;A01
2,016E+11;1;2;0;0;2;5;1;B01
2,016E+11;1;7;0;0;2;1;15;A01
2,016E+11;1;7;0;0;2;2;1;A01
2,016E+11;1;7;0;0;0;3;1;B01
2,016E+11;2;7;0;0;2;3;2;A01
2,016E+11;1;7;0;0;0;3;1;C01
2,016E+11;2;31;0;0;2;4;23;B01
2,016E+11;2;7;0;0;2;2;2;A01
2,016E+11;2;7;0;0;2;4;2;B01
2,016E+11;2;10;0;0;0;4;23;C01
2,016E+11;1;7;0;0;0;0;15;A01
2,016E+11;1;2;0;0;2;1;7;B01
2,016E+11;1;7;0;0;2;8;1;B01
2,016E+11;1;7;0;0;2;1;1;A01
2,016E+11;1;7;0;0;1;2;1;A01
2,016E+11;1;14;0;0;2;0;16;A01
2,016E+11;1;1;0;0;0;0;1;B01
2,016E+11;1;7;0;0;2;1;1;B01
2,016E+11;1;7;0;0;2;3;13;A01
2,016E+11;1;34;0;0;0;4;5;A01
2,016E+11;1;99;0;0;1;1;1;A01
2,016E+11;1;7;0;0;2;1;16;A01
2,016E+11;1;1;0;0;0;4;1;B01
2,016E+11;1;31;0;0;0;0;14;A01
2,016E+11;1;10;0;0;0;4;23;B01
2,016E+11;1;7;0;0;2;1;1;A01
2,016E+11;1;7;0;0;2;3;1;C01
2,016E+11;2;7;0;0;2;1;13;A01
2,016E+11;1;7;0;0;2;8;1;B01
2,016E+11;1;31;0;0;2;7;3;A01
2,016E+11;1;10;0;0;0;3;11;B01
2,016E+11;1;7;0;0;0;5;1;C01
2,016E+11;1;14;0;0;2;1;16;A01
2,016E+11;2;1;0;0;0;8;1;B01
2,016E+11;2;7;0;0;1;1;1;A01
2,016E+11;1;7;0;0;0;1;1;A01
2,016E+11;2;7;0;0;1;2;1;B01
2,016E+11;1;7;0;0;0;4;15;B01
2,016E+11;1;33;0;0;2;1;1;A01
2,016E+11;2;2;0;0;2;1;1;B01
2,016E+11;1;7;0;0;2;5;15;A01
2,016E+11;1;7;0;1;0;2;1;A01
2,016E+11;1;7;0;1;1;3;1;A01
2,016E+11;2;2;0;0;0;1;15;A01
2,016E+11;1;7;0;0;2;1;1;B01
2,016E+11;1;7;0;1;0;9;1;A01
2,016E+11;2;7;0;0;1;3;15;A01
2,016E+11;0;7;0;0;2;2;19;A01
2,016E+11;2;1;0;0;0;1;1;B01
2,016E+11;1;37;0;0;1;7;1;A01
2,016E+11;1;7;0;0;0;0;17;Z01
2,016E+11;1;2;0;0;0;7;1;B01
2,016E+11;1;33;0;0;2;1;17;B01
2,016E+11;1;7;0;0;2;8;15;A01
2,016E+11;1;10;0;0;1;0;4;A01
2,016E+11;1;33;0;0;2;1;1;B01
2,016E+11;2;10;0;0;0;1;15;A01
2,016E+11;1;7;0;0;0;1;15;A01
2,016E+11;1;31;0;0;2;1;1;B01
2,016E+11;1;33;0;0;1;1;1;A01
2,016E+11;1;2;0;0;2;1;17;B01
2,016E+11;1;7;0;0;0;3;15;A01
2,016E+11;1;7;0;0;2;2;1;A01
2,016E+11;1;2;0;0;2;1;1;B01
2,016E+11;2;7;0;0;0;2;1;A01
2,016E+11;0;1;0;0;0;8;19;B01
2,016E+11;1;7;0;0;1;2;1;A01
2,016E+11;1;7;0;0;4;8;10;A01
2,016E+11;1;40;150;0;2;2;1;B01
2,016E+11;2;31;0;0;2;1;1;B01
2,016E+11;1;7;0;0;0;5;15;A01
2,016E+11;1;99;0;0;2;3;1;B01
2,016E+11;1;7;0;0;0;7;1;A01
2,016E+11;1;7;0;0;0;7;10;A01
2,016E+11;2;2;0;0;2;1;1;B01
2,016E+11;1;10;0;0;1;6;4;A01
2,016E+11;2;33;0;3;0;1;21;A01
2,016E+11;1;1;0;0;1;1;1;A01
2,016E+11;1;7;0;0;1;1;1;A01
2,016E+11;1;7;0;0;0;2;1;A01
2,016E+11;2;30;0;0;2;1;21;B01
2,016E+11;2;7;0;0;2;3;13;A01
2,016E+11;1;7;0;0;0;3;1;B01
2,016E+11;1;7;0;0;2;1;1;B01
2,016E+11;2;1;0;0;0;8;15;A01
2,016E+11;1;33;0;0;2;7;1;A01
2,016E+11;1;7;0;0;0;3;0;B01
2,016E+11;2;1;0;0;2;1;1;B01
2,016E+11;2;7;0;0;0;0;16;A01
2,016E+11;2;1;0;0;0;0;1;A01
2,016E+11;1;37;0;0;1;2;1;A01
2,016E+11;1;7;0;0;1;2;20;A01
2,016E+11;1;7;0;1;0;1;15;A01
2,016E+11;2;31;0;0;1;5;3;A01
2,016E+11;2;1;0;0;1;0;1;A01
2,016E+11;1;33;0;0;2;2;18;A01
2,016E+11;1;7;0;0;0;4;23;C01
2,016E+11;1;7;0;0;0;7;23;B01
2,016E+11;1;40;150;0;1;1;1;A01
2,016E+11;1;7;0;0;9;1;1;A01
2,016E+11;1;1;0;0;0;1;19;B01
2,016E+11;1;7;0;0;0;0;23;A01
2,016E+11;1;1;0;0;0;0;0;B01
2,016E+11;2;1;0;0;2;1;7;A01
2,016E+11;1;7;0;0;0;7;1;B01
2,016E+11;2;7;0;0;2;1;1;A01
2,016E+11;2;7;0;0;0;4;23;C01
2,016E+11;2;7;0;0;2;4;23;B01
2,016E+11;1;7;0;0;0;4;23;B01
2,016E+11;1;7;0;0;2;1;1;A01
2,016E+11;1;31;0;12;0;1;18;A01
2,016E+11;2;7;0;0;2;2;16;A01
2,016E+11;1;7;0;0;2;3;1;B01
2,016E+11;1;33;0;0;1;0;17;A01
2,016E+11;1;7;0;0;2;1;10;A01
2,016E+11;2;7;0;0;2;8;1;B01
2,016E+11;1;1;0;0;2;8;1;B01
2,016E+11;2;10;0;0;2;1;15;A01
2,016E+11;1;7;0;0;0;7;9;A01
2,016E+11;1;2;0;0;2;1;1;B01
2,016E+11;1;7;0;0;2;1;1;A01
2,016E+11;1;7;0;0;0;4;1;B01
2,016E+11;1;7;0;0;0;7;1;B01
2,016E+11;1;7;0;0;2;1;1;A01
2,016E+11;2;3;0;0;2;1;13;A01
2,016E+11;1;7;0;0;2;2;21;B01
2,016E+11;1;7;0;0;1;1;15;A01
2,016E+11;2;7;0;0;0;4;1;B01
2,016E+11;2;10;0;0;0;0;1;Z01
2,016E+11;0;7;0;0;0;7;4;B01
2,016E+11;1;2;0;0;2;1;5;A01
2,016E+11;1;7;0;0;1;7;1;A01
2,016E+11;1;7;0;0;0;0;0;A01
2,016E+11;0;30;0;0;0;0;0;B01
2,016E+11;0;7;0;0;0;3;10;B01
2,016E+11;1;30;0;0;2;4;1;A01
2,016E+11;1;7;0;0;1;1;1;A01
2,016E+11;2;1;0;0;2;1;18;A01
2,016E+11;2;33;0;0;0;1;16;B01
2,016E+11;2;7;0;0;0;0;0;B01
2,016E+11;2;34;0;0;2;1;1;A01
2,016E+11;2;7;0;0;2;1;1;A01
2,016E+11;1;30;0;0;0;7;1;B01
2,016E+11;1;31;0;8;2;2;17;B01
2,016E+11;1;7;0;0;0;3;15;A01
2,016E+11;1;7;0;4;2;3;1;A01
2,016E+11;1;7;0;4;0;5;1;B01
2,016E+11;1;2;0;15;4;8;19;B01
2,016E+11;1;40;120;0;2;1;1;A01
2,016E+11;1;7;0;0;0;2;1;A01
2,016E+11;2;7;0;0;2;3;1;B01
2,016E+11;2;7;0;0;2;7;22;A01
2,016E+11;1;1;0;0;0;0;1;B01
2,016E+11;2;1;0;0;2;1;1;B01
2,016E+11;1;7;0;0;2;5;15;A01
2,016E+11;2;7;0;0;0;4;23;B01
2,016E+11;2;7;0;0;2;1;1;A01
2,016E+11;2;1;0;9;0;1;19;A01
2,016E+11;1;7;0;0;1;5;4;A01
2,016E+11;1;7;0;6;0;1;1;A01
2,016E+11;1;7;0;0;0;4;23;C01
2,016E+11;1;7;0;0;0;2;16;A01
2,016E+11;1;7;0;0;2;4;23;B01
2,016E+11;0;10;0;0;0;4;0;B01
2,016E+11;1;7;0;0;2;1;1;A01
2,016E+11;1;30;0;0;2;1;1;A01
2,016E+11;2;7;0;0;0;2;15;B01
2,016E+11;2;1;0;0;2;1;1;B01
2,016E+11;2;7;0;0;0;1;16;A01
2,016E+11;1;33;0;0;2;1;18;A01
2,016E+11;2;7;0;0;0;5;15;B01
2,016E+11;1;7;0;0;0;0;0;B01
2,016E+11;0;10;0;0;0;0;0;Z01
2,016E+11;1;7;0;0;1;2;1;A01
2,016E+11;1;7;0;10;0;1;1;A01
2,016E+11;1;7;0;0;2;3;1;A01
2,016E+11;1;1;0;0;0;2;1;B01
2,016E+11;1;10;0;1;2;1;1;B01
2,016E+11;1;7;0;0;0;7;1;A01
2,016E+11;2;7;0;0;0;7;23;C01
2,016E+11;1;2;0;0;2;2;1;A01
2,016E+11;1;7;0;0;2;3;15;B01
2,016E+11;2;1;0;0;0;8;1;A01
2,016E+11;1;10;0;0;2;1;1;B01
2,016E+11;1;7;0;0;0;8;1;B01
2,016E+11;2;10;0;0;2;1;15;A01
2,016E+11;2;7;0;0;2;1;2;A01
2,016E+11;2;10;0;0;0;4;1;B01
2,016E+11;2;7;0;14;0;1;1;A01
2,016E+11;1;7;0;0;0;5;15;A01
2,016E+11;2;33;0;0;2;2;1;B01
2,016E+11;2;7;0;0;2;1;15;A01
2,016E+11;1;2;0;0;2;1;1;B01
2,016E+11;1;7;0;15;0;0;1;B01
2,016E+11;1;7;0;0;2;1;15;A01
2,016E+11;1;7;0;0;0;4;23;B01
2,016E+11;1;7;0;0;2;1;1;A01
2,016E+11;2;7;0;0;1;1;1;A01
2,016E+11;1;7;0;0;1;2;1;A01
2,016E+11;1;14;0;14;0;0;1;A01
2,016E+11;2;1;0;0;0;8;1;A01
2,016E+11;1;7;0;0;2;1;1;B01
2,016E+11;0;7;0;0;2;3;1;B01
2,016E+11;2;2;0;0;2;2;1;A01
2,016E+11;1;10;0;0;2;1;1;B01
2,016E+11;2;31;0;0;2;8;15;A01
2,016E+11;1;33;0;0;2;1;1;A01
2,016E+11;2;7;0;0;2;7;15;B01
2,016E+11;0;38;1;0;0;0;23;B01
2,016E+11;2;2;0;0;0;0;3;A01
2,016E+11;1;1;0;0;2;8;1;B01
2,016E+11;1;10;0;0;2;7;14;A01
2,016E+11;2;7;0;1;0;7;1;B01
2,016E+11;2;7;0;1;2;1;1;A01
2,016E+11;1;7;0;1;1;3;1;A01
2,016E+11;1;7;0;0;0;0;0;Z01
2,016E+11;0;1;0;0;2;1;1;A01
2,016E+11;1;40;100;0;1;2;1;A01
2,016E+11;1;7;0;0;2;8;15;A01
2,016E+11;1;33;0;0;2;7;1;B01
2,016E+11;2;7;0;0;2;1;1;B01
2,016E+11;2;7;0;0;0;7;1;A01
2,016E+11;0;33;0;0;2;1;1;B01
2,016E+11;1;7;0;7;2;5;1;A01
2,016E+11;1;1;0;0;2;1;1;B01
2,016E+11;2;7;0;0;2;2;15;A01
2,016E+11;1;33;0;0;1;1;1;A01
2,016E+11;2;7;0;0;2;1;16;A01
2,016E+11;2;7;0;0;2;5;16;B01
2,016E+11;2;30;0;0;2;1;18;A01
2,016E+11;1;7;0;0;2;7;15;B01
2,016E+11;1;7;0;0;2;1;1;B01
2,016E+11;2;34;0;0;2;1;17;A01
2,016E+11;2;7;0;13;0;1;1;A01
2,016E+11;2;7;0;0;2;3;13;A01
2,016E+11;1;7;0;0;0;3;1;B01
2,016E+11;2;7;0;0;1;2;11;A01
2,016E+11;2;33;0;0;2;1;1;B01
2,016E+11;1;7;0;0;2;0;15;A01
2,016E+11;2;7;0;0;2;2;15;A01
2,016E+11;1;33;0;0;2;1;1;B01
2,016E+11;2;13;0;0;2;1;1;A01
2,016E+11;2;7;0;0;2;4;1;B01
2,016E+11;2;1;0;0;0;8;5;A01
2,016E+11;1;30;0;0;2;1;1;B01
2,016E+11;2;7;0;0;0;0;0;Z01
2,016E+11;2;30;0;0;2;8;15;B01
2,016E+11;2;7;0;0;1;1;15;A01
2,016E+11;2;30;0;0;0;3;1;A01
2,016E+11;2;1;0;0;2;4;1;B01
2,016E+11;2;7;0;0;2;3;1;A01
2,016E+11;2;2;0;0;2;7;3;A01
2,016E+11;2;7;0;0;2;8;15;B01
2,016E+11;2;30;0;0;2;1;1;B01
2,016E+11;1;7;0;0;2;8;15;A01
2,016E+11;2;7;0;0;2;8;15;A01
2,016E+11;2;2;0;0;2;1;3;B01
2,016E+11;1;7;0;0;2;4;1;B01
2,016E+11;1;7;0;0;2;1;1;A01
2,016E+11;1;7;0;0;0;4;1;C01
2,016E+11;1;40;200;0;2;3;1;A01
2,016E+11;0;1;0;0;4;0;19;B01
2,016E+11;2;7;0;0;2;4;1;B01
2,016E+11;2;7;0;0;2;1;1;A01
2,016E+11;1;14;0;0;0;7;1;A01
2,016E+11;1;30;0;0;2;1;1;B01
2,016E+11;0;1;0;0;0;8;1;B01
2,016E+11;1;7;0;0;2;1;16;A01
2,016E+11;1;2;0;0;2;1;3;A01
2,016E+11;2;10;0;0;0;2;15;B01
2,016E+11;2;7;0;0;1;1;1;A01
2,016E+11;2;7;0;0;1;3;15;A01
2,016E+11;2;37;1;0;1;2;1;A01
2,016E+11;2;33;0;0;2;1;1;B01
2,016E+11;2;7;0;0;2;4;11;Z01
2,016E+11;1;2;0;0;0;0;1;A01
2,016E+11;2;7;0;0;2;4;4;A01
2,016E+11;2;1;0;0;2;7;1;B01
2,016E+11;2;7;0;0;1;6;4;A01
2,016E+11;1;7;0;0;1;0;1;A01
2,016E+11;1;7;0;0;2;1;1;A01
2,016E+11;1;7;0;0;2;8;15;B01
2,016E+11;2;7;0;0;0;7;16;A01
2,016E+11;2;10;0;0;0;3;1;B01
2,016E+11;1;33;0;0;2;1;3;B01
2,016E+11;0;7;0;0;0;3;15;A01
2,016E+11;2;7;0;0;1;2;1;A01
2,016E+11;2;31;0;1;0;1;5;A01
2,016E+11;2;7;0;0;2;4;1;C01
2,016E+11;2;7;0;0;2;1;1;A01
2,016E+11;2;7;0;0;2;4;1;B01
2,016E+11;1;32;0;16;;1;15;A01
2,016E+11;2;30;0;0;4;8;15;A01
2,016E+11;2;40;210;0;2;2;1;B01
2,016E+11;2;10;0;1;1;1;20;A01
2,016E+11;2;1;0;0;2;8;1;B01
2,016E+11;2;13;0;0;2;1;16;A01
2,016E+11;1;33;0;9;2;7;1;A01
2,016E+11;1;37;3;0;0;5;23;B01
2,016E+11;2;7;0;0;2;2;16;A01
2,016E+11;2;30;0;0;0;8;1;B01
2,016E+11;2;7;0;0;1;7;15;A01
2,016E+11;1;7;0;0;2;1;11;A01
2,016E+11;1;7;0;0;0;5;1;B01
2,016E+11;2;7;0;0;2;1;1;A01
2,016E+11;1;99;0;0;2;0;9;Z01
2,016E+11;2;30;0;0;2;1;1;B01
2,016E+11;2;7;0;0;2;5;15;A01
2,016E+11;1;7;0;0;0;0;1;Z01
2,016E+11;1;7;0;0;2;1;15;B01
2,016E+11;1;33;0;0;0;8;1;A01
2,016E+11;0;7;0;0;2;3;1;B01
2,016E+11;2;30;0;0;1;1;1;A01
2,016E+11;2;2;0;1;0;0;1;A01
2,016E+11;1;7;0;0;0;6;10;A01
2,016E+11;2;30;0;0;0;0;1;B01
2,016E+11;0;7;0;0;2;4;23;B01
2,016E+11;0;7;0;0;0;4;23;C01
2,016E+11;1;7;0;0;2;1;1;A01
2,016E+11;1;38;1;0;1;3;1;A01
2,016E+11;2;7;0;0;2;1;1;A01
2,016E+11;2;10;0;0;2;4;23;C01
2,016E+11;2;7;0;0;2;4;23;D01
2,016E+11;2;7;0;0;2;4;23;B01
2,016E+11;2;7;0;0;2;1;9;A01
2,016E+11;2;33;0;0;2;1;3;B01
2,016E+11;1;33;0;0;2;1;1;B01
2,016E+11;2;7;0;0;0;8;15;A01
2,016E+11;2;33;0;14;0;0;17;A01
2,016E+11;1;7;0;0;2;1;13;B01
2,016E+11;1;7;0;0;2;1;1;A01
2,016E+11;1;1;0;0;0;0;19;A01
2,016E+11;1;7;0;0;2;0;1;B01
2,016E+11;2;7;0;0;1;1;15;A01
2,016E+11;1;7;0;0;2;1;2;A01
2,016E+11;1;7;0;0;0;4;23;B01
2,016E+11;2;14;0;0;2;0;1;A01
2,016E+11;2;1;0;0;0;0;1;B01
2,016E+11;2;7;0;8;0;0;1;A01
2,016E+11;2;7;0;4;0;9;1;A01
2,016E+11;1;10;0;0;2;4;1;B01
2,016E+11;1;34;0;0;2;1;1;A01
2,016E+11;2;1;0;0;2;1;1;B01
2,016E+11;2;10;0;0;2;7;16;A01
2,016E+11;1;33;0;0;2;1;1;A01
2,016E+11;1;7;0;0;2;6;1;B01
2,016E+11;2;30;0;0;2;1;1;B01
2,016E+11;2;7;0;0;2;8;15;A01
2,016E+11;1;7;0;0;2;1;1;B01
2,016E+11;2;33;0;0;2;1;1;A01
2,016E+11;2;7;0;0;0;5;15;A01
2,016E+11;1;31;0;0;2;1;1;B01
2,016E+11;1;30;0;0;2;1;17;A01
2,016E+11;1;7;0;0;2;3;15;B01
2,016E+11;2;34;0;5;0;0;1;A01
2,016E+11;1;7;0;0;0;1;1;B01
2,016E+11;2;7;0;0;2;1;15;A01
2,016E+11;1;7;0;0;0;7;15;A01
2,016E+11;2;7;0;0;2;2;1;B01
2,016E+11;1;7;0;0;0;4;1;B01
2,016E+11;1;7;0;0;2;1;2;A01
2,016E+11;0;40;18;0;2;1;1;B01
2,016E+11;2;13;0;0;4;1;1;A01
2,016E+11;1;7;0;0;0;3;1;B01
2,016E+11;2;7;0;0;2;2;1;A01
2,016E+11;1;7;0;0;1;1;1;A01
2,016E+11;1;7;0;0;1;1;1;A01
2,016E+11;2;1;0;0;2;1;2;A01
2,016E+11;2;7;0;0;0;4;1;B01
2,016E+11;2;1;0;0;2;1;1;A01
2,016E+11;2;7;0;0;2;3;1;B01
2,016E+11;1;7;0;6;0;8;1;B01
2,016E+11;2;7;0;0;2;1;1;A01
2,016E+11;1;7;0;0;2;1;1;A01
2,016E+11;2;7;0;0;0;1;1;B01
2,016E+11;1;7;0;10;2;9;1;A01
2,016E+11;1;7;0;0;0;4;1;B01
2,016E+11;1;10;0;0;2;3;1;A01
2,016E+11;1;1;0;0;0;2;19;B01
2,016E+11;2;7;0;0;2;1;2;A01
2,016E+11;2;1;0;0;0;4;23;B01
2,016E+11;2;7;0;1;1;1;1;A01
2,016E+11;2;2;0;0;0;3;18;A01
2,016E+11;2;10;0;0;2;7;16;B01
2,016E+11;2;7;0;0;1;1;1;A01
2,016E+11;1;2;0;0;2;1;17;B01
2,016E+11;2;7;0;0;2;3;1;A01
2,016E+11;2;7;0;0;2;3;1;B01
2,016E+11;1;7;0;0;2;1;1;A01
2,016E+11;1;2;0;0;2;1;1;A01
2,016E+11;1;7;0;0;0;3;15;B01
2,016E+11;1;7;0;0;2;1;2;C01
2,016E+11;1;10;0;0;2;1;2;A01
2,016E+11;1;7;0;0;0;4;1;B01
2,016E+11;1;7;0;0;2;4;1;B01
2,016E+11;1;7;0;0;2;1;2;A01
2,016E+11;2;7;0;0;2;3;19;B01
2,016E+11;1;31;0;0;2;2;3;A01
2,016E+11;1;14;0;0;2;1;2;A01
2,016E+11;2;14;0;0;0;4;1;B01
2,016E+11;1;30;0;0;2;9;3;B01
2,016E+11;1;7;0;0;2;1;15;A01
2,016E+11;1;2;0;0;2;1;2;B01
2,016E+11;1;7;0;0;0;6;16;A01
2,016E+11;1;2;0;0;1;2;1;A01
2,016E+11;2;7;0;0;2;1;2;A01
2,016E+11;2;7;0;0;2;4;2;B01
2,016E+11;2;7;0;0;0;4;1;C01
2,016E+11;1;7;0;0;1;1;1;A01
2,016E+11;2;2;0;0;2;1;1;A01
2,016E+11;2;7;0;0;2;3;19;B01
2,016E+11;1;7;0;0;2;8;15;A01
2,016E+11;1;33;0;0;2;9;17;B01
2,016E+11;1;32;0;0;2;8;1;B01
2,016E+11;1;7;0;0;0;6;15;A01
2,016E+11;1;2;0;0;2;1;13;A01
2,016E+11;2;7;0;0;2;3;1;B01
2,016E+11;1;7;0;0;1;0;1;A01
2,016E+11;1;7;0;0;0;6;23;B01
2,016E+11;1;2;0;0;2;1;2;A01
2,016E+11;1;10;0;0;0;5;11;B01
2,016E+11;1;2;0;0;2;0;1;A01
2,016E+11;1;7;0;0;1;1;1;A01
2,016E+11;1;7;0;0;0;4;1;B01
2,016E+11;1;33;0;12;2;5;2;A01
2,016E+11;1;31;0;0;0;0;0;A01
2,016E+11;2;10;0;0;0;1;1;A01
2,016E+11;2;7;0;15;2;2;14;B01
2,016E+11;1;7;0;0;0;6;15;B01
2,016E+11;1;33;0;0;2;1;3;A01
2,016E+11;2;33;0;16;0;1;1;A01
2,016E+11;1;7;0;0;0;4;1;B01
2,016E+11;1;33;0;0;2;1;11;A01
2,016E+11;1;40;0;0;2;1;1;B01
2,016E+11;1;7;0;0;4;3;1;A01
2,016E+11;2;33;0;0;2;8;1;B01
2,016E+11;1;7;0;0;2;1;15;A01
2,016E+11;2;33;0;0;2;3;1;A01
2,016E+11;2;1;0;0;0;1;1;B01
2,016E+11;2;7;0;0;0;8;15;A01
2,016E+11;2;2;0;0;2;5;17;B01
2,016E+11;2;7;0;0;1;3;15;A01
2,016E+11;1;10;0;0;2;1;16;A01
2,016E+11;1;1;0;0;0;1;19;B01
2,016E+11;2;7;0;0;2;1;1;A01
2,016E+11;0;1;0;0;0;8;19;B01
2,016E+11;2;7;0;0;2;4;23;B01
2,016E+11;2;7;0;0;2;4;23;D01
2,016E+11;2;7;0;0;2;1;1;A01
2,016E+11;2;10;0;0;2;4;23;C01
2,016E+11;2;7;0;0;1;1;1;A01
2,016E+11;1;15;0;14;0;0;1;A01
2,016E+11;2;34;0;0;1;1;1;A01
2,016E+11;1;7;0;0;2;3;15;A01
2,016E+11;2;31;0;0;2;1;3;B01
2,016E+11;1;10;0;0;0;5;1;A01
2,016E+11;2;7;0;0;2;3;15;B01
2,016E+11;0;10;0;0;2;2;16;B01
2,016E+11;1;33;0;0;2;1;7;A01
2,016E+11;2;7;0;1;0;1;14;A01
2,016E+11;2;33;0;0;2;1;17;B01
2,016E+11;2;7;0;0;2;3;10;A01
2,016E+11;1;10;0;0;2;2;1;C01
2,016E+11;1;7;0;1;1;3;21;A01
2,016E+11;2;10;0;0;2;3;15;A01
2,016E+11;1;7;0;0;2;8;23;B01
2,016E+11;1;7;0;0;2;2;23;C01
2,016E+11;1;2;0;0;0;1;18;A01
2,016E+11;1;10;0;0;2;7;16;B01
2,016E+11;1;2;0;0;2;1;1;A01
2,016E+11;1;7;0;0;2;7;1;B01
2,016E+11;2;7;0;0;2;1;1;A01
2,016E+11;2;33;0;0;2;4;1;B01
2,016E+11;1;30;0;0;1;8;1;A01
2,016E+11;2;7;0;0;2;1;15;A01
2,016E+11;2;34;0;0;2;1;1;B01
2,016E+11;1;7;0;0;2;1;15;A01
2,016E+11;2;33;0;0;0;8;1;B01
2,016E+11;1;1;0;0;2;1;13;A01
2,016E+11;0;7;0;0;0;7;1;B01
2,016E+11;1;32;0;0;2;1;1;A01
2,016E+11;1;7;0;0;0;4;23;B01
2,016E+11;1;30;0;0;2;1;17;A01
2,016E+11;2;7;0;0;0;0;1;B01
2,016E+11;2;10;0;0;1;4;4;A01
2,016E+11;2;32;0;0;0;7;17;B01
2,016E+11;0;7;0;0;2;1;15;A01
2,016E+11;2;7;0;0;0;2;16;B01
2,016E+11;2;33;0;0;2;3;7;A01
2,016E+11;0;7;0;0;2;1;1;A01
2,016E+11;0;7;0;0;0;4;23;B01
2,016E+11;0;1;0;15;2;0;13;A01
2,016E+11;0;10;0;0;0;0;1;B01
2,016E+11;0;7;0;0;1;1;15;A01
2,016E+11;2;7;0;0;2;8;15;A01
2,016E+11;2;33;0;0;2;1;18;B01
2,016E+11;1;7;0;0;2;1;1;A01
2,016E+11;1;7;0;0;0;4;1;B01
2,016E+11;2;7;0;0;0;3;15;A01
2,016E+11;1;2;0;0;2;1;1;B01
2,016E+11;1;7;0;0;2;5;16;B01
2,016E+11;2;2;0;0;2;3;18;A01
2,016E+11;0;99;0;0;2;1;19;B01
2,016E+11;2;7;0;0;2;1;1;A01
2,016E+11;1;31;0;0;2;1;18;B01
2,016E+11;1;7;0;0;0;7;22;A01
2,016E+11;1;30;0;0;2;1;1;A01
2,016E+11;2;7;0;0;0;7;1;B01
2,016E+11;1;30;0;0;0;4;2;A01
2,016E+11;1;7;0;0;0;0;2;Z01
2,016E+11;2;34;0;12;0;9;1;A01
2,016E+11;1;7;0;0;0;4;1;A01
2,016E+11;1;31;0;0;2;1;2;B01
2,016E+11;2;7;0;0;0;2;16;A01
2,016E+11;2;1;0;0;2;3;7;B01
2,016E+11;1;33;0;0;2;2;1;A01
2,016E+11;1;7;0;0;0;6;15;B01
2,016E+11;2;7;0;0;0;8;1;B01
2,016E+11;1;7;0;0;2;3;13;A01
2,016E+11;1;7;0;0;2;1;16;A01
2,016E+11;0;1;0;0;0;0;19;B01
2,016E+11;2;7;0;0;1;2;20;A01
2,016E+11;1;7;0;0;0;3;15;A01
2,016E+11;2;10;0;0;2;1;1;B01
2,016E+11;1;7;0;0;0;7;23;C01
2,016E+11;1;33;0;0;0;5;1;B01
2,016E+11;1;7;0;0;2;1;0;Z01
2,016E+11;1;7;0;0;2;1;13;A01
2,016E+11;2;7;0;0;0;3;1;B01
2,016E+11;0;7;0;7;2;2;1;B01