Num_Acc;senc;catv;occutc;obs;obsm;choc;manv;num_veh
2,016E+11;0;7;0;0;2;3;15;A01
2,016E+11;1;1;0;0;0;8;2;B01
2,016E+11;1;7;0;0;2;2;17;A01
2,016E+11;2;33;0;0;2;1;1;A01
2,016E+11;2;7;0;0;2;5;19;B01
2,016E+11;1;7;0;0;1;5;1;A01
2,016E+11;1;7;0;0;2;4;23;B01
2,016E+11;1;7;0;0;2;4;23;D01
2,016E+11;1;7;0;0;2;4;23;C01
2,016E+11;1;7;0;0;2;3;7;A01
2,016E+11;1;7;0;0;0;4;23;E01
2,016E+11;1;1;0;0;2;1;1;A01
2,016E+11;1;7;0;0;0;4;23;B01
2,016E+11;1;7;0;0;0;8;1;B01
2,016E+11;1;31;0;0;2;1;1;A01
2,016E+11;2;7;0;0;0;8;15;A01
2,016E+11;2;34;0;0;2;1;17;B01
2,016E+11;1;7;0;0;0;7;15;A01
2,016E+11;1;1;0;0;2;1;18;B01
2,016E+11;0;2;0;0;2;2;1;B01
2,016E+11;1;7;0;0;0;7;5;A01
2,016E+11;2;99;0;0;1;0;1;A01
2,016E+11;1;31;0;0;1;2;1;A01
2,016E+11;1;32;0;0;0;8;1;B01
2,016E+11;2;10;0;0;2;1;15;A01
2,016E+11;1;34;0;0;2;1;1;A01
2,016E+11;1;7;0;0;2;1;1;B01
2,016E+11;1;2;0;14;0;1;13;A01
2,016E+11;2;7;0;0;2;4;1;A01
2,016E+11;2;7;0;0;2;1;1;B01
2,016E+11;2;7;0;0;2;8;15;A01
2,016E+11;2;31;0;0;2;7;17;B01
2,016E+11;1;7;0;1;0;2;1;A01
2,016E+11;2;7;0;0;2;1;1;A01
2,016E+11;2;7;0;0;0;4;23;B01
2,016E+11;2;7;0;0;0;7;0;C01
2,016E+11;1;7;0;7;2;8;1;A01
2,016E+11;1;7;0;0;0;8;1;D01
2,016E+11;0;10;0;9;2;1;1;B01
2,016E+11;2;7;0;0;0;3;1;B01
2,016E+11;2;7;0;0;2;2;1;A01
2,016E+11;1;7;0;0;0;7;15;A01
2,016E+11;2;33;0;0;2;1;1;B01
2,016E+11;2;2;0;0;1;1;9;B01
2,016E+11;0;7;0;0;0;8;1;B01
2,016E+11;1;10;0;0;2;1;1;A01
2,016E+11;2;7;0;0;2;4;1;B01
2,016E+11;2;7;0;0;0;5;1;C01
2,016E+11;2;7;0;0;2;1;1;A01
2,016E+11;2;7;0;0;2;1;1;A01
2,016E+11;1;7;0;0;2;1;1;B01
2,016E+11;1;10;0;0;0;4;1;A01
2,016E+11;1;33;0;0;2;3;1;B01
2,016E+11;0;7;0;0;2;3;1;B01
2,016E+11;0;7;0;0;2;2;1;A01
2,016E+11;1;31;0;0;2;1;5;A01
2,016E+11;2;7;0;0;2;1;9;B01
2,016E+11;2;7;0;0;2;8;0;A01
2,016E+11;0;7;0;0;2;1;0;B01
2,016E+11;2;33;0;14;0;1;21;A01
2,016E+11;2;7;0;0;0;0;16;Z01
2,016E+11;0;1;0;0;4;6;19;A01
2,016E+11;2;40;120;0;2;1;1;B01
2,016E+11;2;7;0;0;1;1;15;A01
2,016E+11;2;7;0;6;0;1;1;A01
2,016E+11;0;7;0;6;0;3;5;A01
2,016E+11;2;33;0;0;2;1;17;B01
2,016E+11;2;7;0;0;0;8;15;A01
2,016E+11;2;2;0;0;0;7;12;A01
2,016E+11;2;7;0;0;2;3;1;B01
2,016E+11;1;2;0;0;2;1;18;A01
2,016E+11;0;7;0;0;0;7;16;B01
2,016E+11;1;10;0;0;2;1;2;A01
2,016E+11;1;7;0;0;0;4;1;B01
2,016E+11;1;10;0;0;2;1;13;A01
2,016E+11;2;7;0;0;0;1;1;B01
2,016E+11;1;7;0;0;2;1;15;A01
2,016E+11;1;2;0;0;2;1;1;B01
2,016E+11;2;7;0;0;2;2;15;A01
2,016E+11;1;1;0;0;2;1;7;B01
2,016E+11;2;2;0;12;0;1;1;A01
2,016E+11;1;7;0;0;2;1;9;A01
2,016E+11;1;1;0;0;0;4;1;B01
2,016E+11;1;7;0;0;0;4;23;B01
2,016E+11;1;1;0;0;2;1;13;A01
2,016E+11;1;1;0;0;1;1;1;A01
2,016E+11;1;7;0;0;1;1;16;A01
2,016E+11;0;7;0;0;0;4;23;B01
2,016E+11;1;7;0;0;2;1;1;A01
2,016E+11;1;7;0;0;0;7;16;A01
2,016E+11;1;1;0;0;2;1;1;B01
2,016E+11;1;7;0;2;0;1;1;A01
2,016E+11;2;7;0;0;0;3;1;A01
2,016E+11;2;32;0;0;2;2;1;B01
2,016E+11;1;7;0;0;2;1;2;A01
2,016E+11;1;10;0;0;0;4;23;B01
2,016E+11;2;7;0;0;2;1;1;B01
2,016E+11;1;7;0;0;1;3;1;A01
2,016E+11;1;34;0;0;2;1;1;B01
2,016E+11;2;7;0;0;2;1;15;A01
2,016E+11;1;33;0;0;0;7;1;B01
2,016E+11;1;7;0;0;2;1;1;A01
2,016E+11;1;2;0;14;0;7;1;A01
2,016E+11;1;7;0;0;0;4;21;C01
2,016E+11;1;7;0;0;2;4;2;B01
2,016E+11;1;7;0;0;2;1;2;A01
2,016E+11;1;33;0;0;0;1;1;A01
2,016E+11;2;7;0;0;1;1;1;A01
2,016E+11;1;7;0;11;0;1;16;A01
2,016E+11;1;31;0;0;2;1;16;A01
2,016E+11;1;7;0;0;2;2;15;B01
2,016E+11;1;7;0;0;0;4;23;C01
2,016E+11;1;33;0;0;2;1;2;A01
2,016E+11;1;7;0;0;2;4;23;B01
2,016E+11;1;7;0;0;2;1;2;B01
2,016E+11;1;7;0;0;0;4;23;A01
2,016E+11;0;1;0;0;0;8;19;C01
2,016E+11;1;7;0;0;2;4;23;B01
2,016E+11;1;10;0;0;2;1;1;A01
2,016E+11;1;3;0;0;0;8;10;A01
2,016E+11;0;33;0;0;2;1;1;B01
2,016E+11;2;40;0;0;1;3;1;A01
2,016E+11;1;7;0;0;0;4;23;A01
2,016E+11;0;7;0;0;2;1;1;B01
2,016E+11;2;31;0;0;2;1;1;B01
2,016E+11;1;7;0;0;0;7;1;A01
2,016E+11;2;7;0;0;0;5;15;A01
2,016E+11;1;33;0;0;2;1;1;B01
2,016E+11;1;7;0;0;2;1;2;A01
2,016E+11;1;7;0;0;0;4;23;B01
2,016E+11;1;7;0;0;0;4;23;B01
2,016E+11;0;7;0;0;0;0;0;Z01
2,016E+11;1;37;1;0;1;2;1;A01
2,016E+11;1;7;0;0;0;3;1;A01
2,016E+11;1;1;0;0;2;1;1;B01
2,016E+11;2;33;0;1;2;1;21;A01
2,016E+11;2;7;0;0;0;5;1;B01
2,016E+11;1;7;0;0;0;6;9;B01
2,016E+11;1;31;0;0;2;1;2;A01
2,016E+11;2;33;0;0;0;0;23;B01
2,016E+11;2;32;0;0;2;1;21;A01
2,016E+11;1;7;0;0;0;2;15;A01
2,016E+11;2;33;0;0;2;7;1;B01
2,016E+11;2;7;0;1;1;2;1;A01
2,016E+11;2;7;0;0;0;8;24;B01
2,016E+11;1;7;0;0;2;1;1;B01
2,016E+11;1;1;0;0;0;1;19;A01
2,016E+11;1;7;0;0;0;8;1;B01
2,016E+11;1;7;0;0;2;1;1;A01
2,016E+11;2;2;0;0;2;1;18;A01
2,016E+11;2;7;0;0;0;2;16;B01
2,016E+11;2;33;0;0;2;1;17;A01
2,016E+11;2;7;0;0;0;8;15;B01
2,016E+11;1;7;0;0;2;1;2;A01
2,016E+11;1;7;0;0;2;4;23;C01
2,016E+11;1;7;0;0;2;4;23;B01
2,016E+11;1;7;0;0;0;0;23;D01
2,016E+11;1;2;0;0;2;0;1;B01
2,016E+11;0;7;0;0;2;0;1;Z01
2,016E+11;1;1;0;0;0;0;15;B01
2,016E+11;2;7;0;0;2;0;1;Z01
2,016E+11;1;7;0;0;2;1;1;A01
2,016E+11;1;7;0;0;0;8;1;B01
2,016E+11;2;7;0;0;0;6;1;B01
2,016E+11;1;31;0;0;2;1;5;A01
2,016E+11;2;7;0;0;1;2;1;A01
2,016E+11;0;10;0;0;2;1;19;B01
2,016E+11;2;7;0;0;0;8;1;A01
2,016E+11;1;7;0;0;2;4;1;B01
2,016E+11;1;7;0;0;0;4;1;C01
2,016E+11;1;7;0;0;2;1;1;A01
2,016E+11;2;31;0;0;2;1;1;B01
2,016E+11;1;7;0;0;2;3;15;A01
2,016E+11;1;1;0;0;0;4;1;B01
2,016E+11;0;7;0;0;2;1;1;Z01
2,016E+11;2;7;0;0;0;7;16;B01
2,016E+11;2;33;0;0;2;3;7;A01
2,016E+11;1;7;0;0;2;2;1;A01
2,016E+11;2;7;0;0;2;1;15;B01
2,016E+11;1;7;0;0;0;5;16;B01
2,016E+11;1;32;0;0;2;1;7;A01
2,016E+11;1;7;0;0;2;1;1;A01
2,016E+11;1;7;0;0;2;2;15;C01
2,016E+11;1;7;0;0;0;8;15;B01
2,016E+11;2;1;0;0;2;1;1;A01
2,016E+11;1;7;0;0;0;8;1;B01
2,016E+11;1;7;0;0;2;1;1;A01
2,016E+11;2;7;0;0;0;3;1;B01
2,016E+11;1;7;0;0;2;8;17;A01
2,016E+11;0;7;0;0;2;1;1;C01
2,016E+11;1;1;0;0;0;8;1;B01
2,016E+11;2;10;0;0;2;1;15;A01
2,016E+11;2;7;0;0;0;8;1;B01
2,016E+11;2;7;0;6;0;0;1;A01
2,016E+11;0;1;0;0;0;0;0;Z01
2,016E+11;2;31;0;0;2;0;1;A01
2,016E+11;1;7;0;0;0;4;2;C01
2,016E+11;1;7;0;0;2;4;2;B01
2,016E+11;1;7;0;0;2;1;2;A01
2,016E+11;2;7;0;0;2;1;1;A01
2,016E+11;2;7;0;0;2;4;1;B01
2,016E+11;1;7;0;0;1;2;15;A01
2,016E+11;1;7;0;0;0;7;1;B01
2,016E+11;1;33;0;0;2;1;1;A01
2,016E+11;1;10;0;0;2;3;11;A01
2,016E+11;1;34;0;0;2;2;1;B01
2,016E+11;1;10;0;0;0;7;1;B01
2,016E+11;1;7;0;0;2;1;1;A01
2,016E+11;1;7;0;0;2;4;2;B01
2,016E+11;1;7;0;0;2;1;2;A01
2,016E+11;1;7;0;0;0;4;23;D01
2,016E+11;1;7;0;0;2;4;2;C01
2,016E+11;2;7;0;0;1;3;1;A01
2,016E+11;1;2;0;0;2;3;1;B01
2,016E+11;1;7;0;0;2;2;16;A01
2,016E+11;2;31;0;0;2;1;2;A01
2,016E+11;2;7;0;0;0;4;1;B01
2,016E+11;2;3;0;0;1;1;1;A01
2,016E+11;1;7;0;0;2;1;1;A01
2,016E+11;2;10;0;0;0;5;1;B01
2,016E+11;2;33;0;0;2;1;7;A01
2,016E+11;2;10;0;0;0;7;16;B01
2,016E+11;1;7;0;0;2;2;15;A01
2,016E+11;2;1;0;0;2;1;1;B01
2,016E+11;2;30;0;0;0;9;1;A01
2,016E+11;0;7;0;0;2;0;1;Z01
2,016E+11;1;7;0;0;0;9;1;B01
2,016E+11;2;7;0;0;2;3;19;A01
2,016E+11;1;7;0;0;2;7;15;A01
2,016E+11;2;33;0;0;2;1;1;B01
2,016E+11;1;7;0;1;0;1;1;A01
2,016E+11;2;7;0;0;0;8;22;A01
2,016E+11;2;1;0;1;0;2;1;B01
2,016E+11;1;1;0;0;2;3;5;A01
2,016E+11;1;7;0;0;2;2;1;B01
2,016E+11;1;7;0;0;2;2;2;A01
2,016E+11;1;7;0;0;0;6;2;B01
2,016E+11;0;7;0;0;2;3;20;B01
2,016E+11;0;7;0;0;0;1;24;A01
2,016E+11;1;7;0;0;0;5;2;B01
2,016E+11;1;33;0;0;2;1;21;A01
2,016E+11;2;7;0;0;2;7;1;A01
2,016E+11;2;33;0;0;2;1;1;B01
2,016E+11;2;2;0;0;2;2;1;A01
2,016E+11;1;7;0;0;1;1;1;A01
2,016E+11;2;7;0;0;2;1;10;A01
2,016E+11;1;7;0;1;2;1;1;B01
2,016E+11;2;34;0;0;2;1;3;A01
2,016E+11;2;10;0;0;2;8;15;B01
2,016E+11;1;7;0;0;2;1;1;A01
2,016E+11;1;34;0;0;0;7;1;B01
2,016E+11;1;33;0;0;2;7;1;A01
2,016E+11;0;7;0;0;0;6;23;B01
2,016E+11;0;7;0;0;1;1;1;A01
2,016E+11;1;7;0;0;1;0;15;A01
2,016E+11;1;7;0;0;2;2;1;A01
2,016E+11;0;7;0;0;0;8;15;C01
2,016E+11;1;7;0;0;2;4;15;B01
2,016E+11;2;10;0;0;2;2;15;A01
2,016E+11;1;7;0;0;2;1;1;B01
2,016E+11;1;1;0;0;2;1;1;B01
2,016E+11;1;7;0;0;0;1;1;A01
2,016E+11;1;7;0;0;2;3;9;A01
2,016E+11;1;7;0;0;0;7;1;B01
2,016E+11;1;40;30;0;2;1;1;B01
2,016E+11;0;1;0;0;4;7;19;A01
2,016E+11;1;2;0;0;2;1;2;B01
2,016E+11;1;10;0;0;2;2;15;A01
2,016E+11;1;7;0;0;1;3;1;A01
2,016E+11;2;7;0;0;2;4;1;D01
2,016E+11;2;7;0;0;2;4;1;A01
2,016E+11;2;7;0;0;2;1;1;B01
2,016E+11;2;7;0;0;0;1;1;C01
2,016E+11;1;7;0;0;2;4;2;B01
2,016E+11;1;7;0;0;2;4;2;C01
2,016E+11;1;7;0;0;2;1;2;A01
2,016E+11;1;7;0;0;0;4;2;D01
2,016E+11;1;7;0;0;0;4;16;A01
2,016E+11;1;33;0;4;2;1;1;B01
2,016E+11;2;7;0;0;2;7;15;A01
2,016E+11;1;7;0;0;2;1;1;B01
2,016E+11;1;7;0;1;0;1;1;A01
2,016E+11;2;7;0;0;2;4;1;C01
2,016E+11;2;7;0;0;2;4;1;D01
2,016E+11;2;7;0;0;2;1;1;A01
2,016E+11;2;7;0;0;2;4;1;B01
2,016E+11;2;7;0;6;0;1;18;A01
2,016E+11;2;7;0;0;2;2;16;B01
2,016E+11;2;7;0;0;0;3;1;B01
2,016E+11;2;2;0;0;2;1;1;A01
2,016E+11;0;40;0;0;0;7;1;B01
2,016E+11;1;33;0;0;4;1;1;A01
2,016E+11;2;7;0;0;4;3;15;A01
2,016E+11;0;40;100;0;2;7;1;B01
2,016E+11;2;7;0;0;0;3;15;B01
2,016E+11;2;34;0;0;2;2;17;A01
2,016E+11;1;7;0;0;0;1;9;A01
2,016E+11;2;2;0;0;2;1;1;B01
2,016E+11;1;14;0;0;2;1;1;A01
2,016E+11;0;7;0;0;0;4;1;B01
2,016E+11;2;7;0;0;2;3;15;A01
2,016E+11;2;7;0;0;0;1;1;C01
2,016E+11;1;31;0;0;2;8;1;B01
2,016E+11;1;33;0;0;2;7;1;B01
2,016E+11;2;7;0;0;0;1;15;Z01
2,016E+11;1;33;0;0;2;1;1;A01
2,016E+11;2;7;0;0;0;7;1;B01
2,016E+11;2;7;0;0;0;7;15;A01
2,016E+11;1;2;0;0;2;1;1;B01
2,016E+11;2;7;0;0;2;1;1;B01
2,016E+11;1;7;0;0;2;1;15;A01
2,016E+11;1;1;0;0;2;0;5;A01
2,016E+11;0;7;0;0;0;2;1;B01
2,016E+11;2;7;0;0;2;1;1;B01
2,016E+11;1;7;0;0;0;8;1;A01
2,016E+11;2;7;0;0;2;1;1;A01
2,016E+11;2;33;0;0;0;4;23;B01
2,016E+11;2;7;0;0;2;3;1;A01
2,016E+11;2;2;0;0;0;4;15;B01
2,016E+11;2;7;0;0;1;1;1;A01
2,016E+11;2;7;0;0;1;1;1;A01
2,016E+11;1;33;0;0;2;7;5;A01
2,016E+11;0;7;0;0;2;1;1;B01
2,016E+11;2;7;0;0;2;1;1;B01
2,016E+11;2;7;0;0;2;3;0;Z01
2,016E+11;2;33;0;0;2;7;3;A01
2,016E+11;2;10;0;0;0;8;15;B01
2,016E+11;2;10;0;0;2;0;15;B01
2,016E+11;2;33;0;0;0;8;1;A01
2,016E+11;2;1;0;0;2;8;1;B01
2,016E+11;2;14;0;0;2;7;16;A01
2,016E+11;1;7;0;0;0;8;19;A01
2,016E+11;2;33;0;0;2;1;1;B01
2,016E+11;0;7;0;0;0;7;1;B01
2,016E+11;1;7;0;0;2;2;1;Z01
2,016E+11;2;7;0;0;0;7;1;A01
2,016E+11;2;37;1;0;1;2;1;A01
2,016E+11;1;2;0;0;2;3;1;A01
2,016E+11;1;7;0;0;0;6;23;B01
2,016E+11;2;1;0;0;2;1;1;A01
2,016E+11;2;7;0;0;0;4;1;B01
2,016E+11;2;14;0;0;2;4;1;B01
2,016E+11;2;7;0;0;2;1;1;A01
2,016E+11;1;7;0;1;2;2;7;A01
2,016E+11;1;7;0;0;0;7;12;B01
2,016E+11;2;7;0;8;0;0;1;A01
2,016E+11;2;40;120;0;2;1;1;B01
2,016E+11;2;1;0;0;4;1;13;A01
2,016E+11;2;10;0;0;2;1;15;A01
2,016E+11;2;7;0;0;2;7;1;B01
2,016E+11;2;7;0;0;2;4;1;C01
2,016E+11;2;7;0;0;2;1;1;A01
2,016E+11;2;7;0;0;2;4;1;B01
2,016E+11;2;7;0;0;1;1;1;A01
2,016E+11;1;33;0;0;0;8;15;A01
2,016E+11;2;14;0;0;2;2;15;B01
2,016E+11;2;10;0;0;2;3;1;A01
2,016E+11;1;31;0;0;0;8;21;B01
2,016E+11;0;1;0;0;2;7;14;Z01
2,016E+11;0;1;0;0;2;8;1;B01
2,016E+11;1;10;0;0;0;2;15;A01
2,016E+11;2;2;0;0;2;3;1;B01
2,016E+11;1;32;0;0;2;1;1;B01
2,016E+11;2;7;0;0;0;0;10;Z01
2,016E+11;0;7;0;0;0;8;9;A01
2,016E+11;2;2;0;0;2;1;1;B01
2,016E+11;2;40;50;0;1;1;1;A01
2,016E+11;1;1;0;0;0;3;1;B01
2,016E+11;1;7;0;0;2;7;17;A01
2,016E+11;1;33;0;0;2;1;3;B01
2,016E+11;0;7;0;0;0;7;15;A01
2,016E+11;1;2;0;0;2;2;1;A01
2,016E+11;1;33;0;0;0;2;16;B01
2,016E+11;2;7;0;0;2;1;1;A01
2,016E+11;2;33;0;0;2;4;23;B01
2,016E+11;1;30;0;0;0;4;2;B01
2,016E+11;1;2;0;0;2;8;2;A01
2,016E+11;2;7;0;0;2;3;10;A01
2,016E+11;2;2;0;0;2;1;3;B01
2,016E+11;1;7;0;0;2;3;15;A01
2,016E+11;1;31;0;0;2;2;18;B01
2,016E+11;1;7;0;0;0;5;23;B01
2,016E+11;1;7;0;0;2;1;1;A01
2,016E+11;1;7;0;0;1;1;1;A01
2,016E+11;1;1;0;0;2;1;19;A01
2,016E+11;2;7;0;0;2;2;1;B01
2,016E+11;1;7;0;0;2;1;13;A01
2,016E+11;1;7;0;0;0;4;1;B01
2,016E+11;2;1;0;0;2;1;5;A01
2,016E+11;0;7;0;0;0;2;16;B01
2,016E+11;2;2;0;0;2;1;18;A01
2,016E+11;2;7;0;0;0;2;16;B01
2,016E+11;1;7;0;0;2;1;1;A01
2,016E+11;2;1;0;0;0;4;1;B01
2,016E+11;1;31;0;0;1;1;19;C01
2,016E+11;0;7;0;0;0;4;23;C01
2,016E+11;0;7;0;0;2;1;1;A01
2,016E+11;0;7;0;0;2;4;23;B01
2,016E+11;1;33;0;0;2;3;1;A01
2,016E+11;1;7;0;0;0;4;1;B01
2,016E+11;2;7;0;0;0;7;15;B01
2,016E+11;1;32;0;0;2;1;1;A01
2,016E+11;2;33;0;0;0;7;3;A01
2,016E+11;2;7;0;0;2;1;15;B01
2,016E+11;0;33;0;0;2;1;1;A01
2,016E+11;0;7;0;0;0;8;1;B01
2,016E+11;0;7;0;0;2;6;10;A01
2,016E+11;1;33;0;0;2;1;1;B01
2,016E+11;1;33;0;0;2;1;1;A01
2,016E+11;0;7;0;0;0;7;14;B01
2,016E+11;1;31;0;0;2;2;2;A01
2,016E+11;2;7;0;0;0;6;15;B01
2,016E+11;1;7;0;0;2;2;15;A01
2,016E+11;1;7;0;0;2;1;1;B01
2,016E+11;1;32;0;0;2;5;11;A01
2,016E+11;1;1;0;0;2;8;1;B01
2,016E+11;2;1;0;0;2;1;15;A01
2,016E+11;1;7;0;0;2;3;1;B01
2,016E+11;1;7;0;0;0;4;2;B01
2,016E+11;1;7;0;0;2;1;2;A01
2,016E+11;2;7;0;0;2;1;2;A01
2,016E+11;2;2;0;0;0;4;23;B01
2,016E+11;1;30;0;0;2;1;2;A01
2,016E+11;1;7;0;0;0;6;11;B01
2,016E+11;1;7;0;0;2;1;1;A01
2,016E+11;1;2;0;0;0;9;1;B01
2,016E+11;1;7;0;0;1;1;1;A01
2,016E+11;2;10;0;0;2;6;4;A01
2,016E+11;2;7;0;0;0;7;1;B01
2,016E+11;1;7;0;0;0;8;1;C01
2,016E+11;1;30;0;0;0;0;21;A01
2,016E+11;2;2;0;0;2;3;21;B01
2,016E+11;2;7;0;0;0;7;16;A01
2,016E+11;1;7;0;0;0;1;15;A01
2,016E+11;2;34;0;0;2;1;1;B01
2,016E+11;1;2;0;0;1;0;0;A01
2,016E+11;1;7;0;0;1;0;2;A01
2,016E+11;2;7;0;0;2;1;9;A01
2,016E+11;0;30;0;0;0;7;1;B01
2,016E+11;2;2;0;0;1;2;1;A01
2,016E+11;0;33;0;0;2;1;1;B01
2,016E+11;1;7;0;0;0;8;10;A01
2,016E+11;2;7;0;0;1;0;1;A01
2,016E+11;1;7;0;0;1;6;4;A01
2,016E+11;1;33;0;0;0;2;3;B01
2,016E+11;1;7;0;0;2;3;15;A01
2,016E+11;1;7;0;0;0;4;1;C01
2,016E+11;1;7;0;0;2;4;1;B01
2,016E+11;1;7;0;0;2;1;1;A01
2,016E+11;2;30;0;0;2;1;8;A01
2,016E+11;1;7;0;0;0;2;15;B01
2,016E+11;2;7;0;0;0;7;15;A01
2,016E+11;1;1;0;0;2;1;7;B01
2,016E+11;1;10;0;0;2;2;1;A01
2,016E+11;0;32;0;0;2;1;1;B01
2,016E+11;1;7;0;0;0;7;15;A01
2,016E+11;2;2;0;0;2;1;1;B01
2,016E+11;1;7;0;0;0;8;15;A01
2,016E+11;2;32;0;0;2;1;3;B01
2,016E+11;1;1;0;0;1;1;21;A01
2,016E+11;2;7;0;0;0;7;19;A01
2,016E+11;2;2;0;0;2;1;3;B01
2,016E+11;1;10;0;0;2;1;1;A01
2,016E+11;1;7;0;0;2;2;1;B01
2,016E+11;1;1;0;0;2;1;19;A01
2,016E+11;2;7;0;0;0;7;15;B01
2,016E+11;1;7;0;0;2;1;2;A01
2,016E+11;1;7;0;0;0;4;2;B01
2,016E+11;2;7;0;0;2;1;1;B01
2,016E+11;1;7;0;0;0;1;15;A01
2,016E+11;1;2;0;0;2;1;13;A01
2,016E+11;2;7;0;0;0;1;1;B01
2,016E+11;1;2;0;0;0;8;13;A01
2,016E+11;1;7;0;0;0;5;16;A01
2,016E+11;1;30;0;0;2;1;7;B01
2,016E+11;1;7;0;0;1;0;0;Z01
2,016E+11;2;10;0;0;2;3;15;A01
2,016E+11;1;33;0;0;2;3;3;B01
2,016E+11;1;33;0;0;2;7;1;A01
2,016E+11;1;7;0;0;0;4;1;B01
2,016E+11;2;7;0;0;0;7;22;A01
2,016E+11;2;2;0;0;2;9;18;B01
2,016E+11;1;7;0;0;2;2;15;A01
2,016E+11;1;2;0;0;2;1;1;B01
2,016E+11;1;10;0;0;0;1;1;A01
2,016E+11;0;1;0;0;2;0;1;B01
2,016E+11;0;30;0;0;0;0;1;Z01
2,016E+11;1;2;0;0;2;1;1;A01
2,016E+11;1;7;0;0;0;4;1;B01
2,016E+11;2;7;0;0;2;1;15;B01
2,016E+11;2;34;0;0;2;1;1;A01
2,016E+11;1;33;0;0;2;7;1;B01
2,016E+11;1;7;0;0;0;8;10;A01
2,016E+11;2;7;0;16;0;1;1;A01
2,016E+11;2;37;1;0;1;1;16;A01
2,016E+11;2;1;0;0;0;8;1;A01
2,016E+11;1;7;0;0;2;1;1;B01
2,016E+11;1;7;0;2;0;1;1;A01
2,016E+11;1;7;0;0;0;4;2;B01
2,016E+11;1;7;0;0;2;1;2;A01
2,016E+11;2;7;0;6;0;1;1;A01
2,016E+11;0;7;0;0;0;8;1;B01
2,016E+11;1;30;0;0;2;9;1;A01
2,016E+11;2;7;0;0;1;2;0;A01
2,016E+11;1;7;0;0;1;7;1;A01
2,016E+11;1;7;0;0;0;3;1;B01
2,016E+11;1;7;0;0;2;1;15;A01
2,016E+11;1;31;0;0;2;1;17;A01
2,016E+11;1;10;0;0;0;8;15;B01
2,016E+11;2;30;0;0;2;1;1;B01
2,016E+11;2;7;0;0;2;1;17;A01
2,016E+11;2;7;0;1;0;1;1;A01
2,016E+11;2;7;0;0;0;4;23;B01
2,016E+11;2;7;0;0;2;1;9;Z01
2,016E+11;2;1;0;0;2;1;1;B01
2,016E+11;1;7;0;0;0;1;15;A01
2,016E+11;2;33;0;0;2;1;1;B01
2,016E+11;1;2;0;0;1;2;1;A01
2,016E+11;1;1;0;0;2;1;1;A01
2,016E+11;1;7;0;0;0;0;16;B01
2,016E+11;1;7;0;0;0;5;15;A01
2,016E+11;1;33;0;0;2;1;1;B01
2,016E+11;2;7;0;0;1;1;16;A01
2,016E+11;1;7;0;0;1;2;16;A01
2,016E+11;2;7;0;0;2;3;1;B01
2,016E+11;2;30;0;0;2;1;19;A01
2,016E+11;2;7;0;0;2;1;15;A01
2,016E+11;1;33;0;0;0;1;1;B01
2,016E+11;2;33;0;0;2;7;3;A01
2,016E+11;2;7;0;0;0;8;15;B01
2,016E+11;1;7;0;0;0;7;10;A01
2,016E+11;1;30;0;0;2;1;1;B01
2,016E+11;2;7;0;0;2;2;1;B01
2,016E+11;2;7;0;0;0;3;15;A01
2,016E+11;1;7;0;0;0;4;1;B01
2,016E+11;1;7;0;0;2;1;1;A01
2,016E+11;1;7;0;0;0;0;0;Z01
2,016E+11;1;30;0;0;0;0;1;A01
2,016E+11;1;7;0;0;2;1;16;B01
2,016E+11;1;10;0;0;2;2;1;A01
2,016E+11;1;7;0;4;0;1;13;A01
2,016E+11;2;40;90;0;1;0;1;A01
2,016E+11;0;7;0;0;0;4;23;C01
2,016E+11;0;7;0;0;2;1;1;A01
2,016E+11;1;7;0;0;2;4;23;B01
2,016E+11;1;40;75;0;1;1;1;A01
2,016E+11;0;7;0;0;2;7;16;B01
2,016E+11;0;33;0;0;2;3;16;A01
2,016E+11;2;1;0;0;2;1;19;A01
2,016E+11;1;2;0;0;2;1;1;B01
2,016E+11;1;7;0;0;2;7;15;A01
2,016E+11;0;33;0;0;2;1;1;B01
2,016E+11;1;1;0;0;1;1;1;A01
2,016E+11;0;30;0;0;2;1;1;A01
2,016E+11;1;7;0;0;2;7;1;B01
2,016E+11;2;37;2;0;2;1;1;B01
2,016E+11;1;7;0;0;0;8;15;A01
2,016E+11;1;7;0;0;2;8;1;B01
2,016E+11;2;7;0;0;2;7;1;A01
2,016E+11;2;7;0;0;0;2;15;A01
2,016E+11;1;2;0;0;2;2;1;B01
2,016E+11;2;7;0;0;0;7;1;B01
2,016E+11;1;7;0;8;2;8;21;A01
2,016E+11;2;7;0;0;2;1;1;A01
2,016E+11;2;7;0;4;0;4;16;B01
2,016E+11;2;7;0;0;2;5;1;A01
2,016E+11;2;37;0;0;2;1;9;B01
2,016E+11;2;7;0;0;2;1;1;A01
2,016E+11;2;7;0;0;2;4;15;B01
2,016E+11;1;7;0;0;1;1;1;A01
2,016E+11;2;7;0;0;0;4;1;A01
2,016E+11;2;7;0;0;2;1;1;B01
2,016E+11;1;7;0;0;0;1;1;B01
2,016E+11;2;7;0;0;2;1;13;A01
2,016E+11;0;7;0;0;0;3;19;A01
2,016E+11;1;1;0;0;2;1;1;B01
2,016E+11;2;33;0;0;2;1;1;A01
2,016E+11;2;7;0;0;0;7;16;B01