Num_Acc;senc;catv;occutc;obs;obsm;choc;manv;num_veh
2,016E+11;1;2;0;0;2;1;2;B01
2,016E+11;1;7;0;0;2;0;16;A01
2,016E+11;1;7;0;0;1;0;0;A01
2,016E+11;2;37;1;0;2;3;15;A01
2,016E+11;2;33;0;0;2;1;17;B01
2,016E+11;1;7;0;0;2;1;15;A01
2,016E+11;2;31;0;0;0;2;8;B01
2,016E+11;2;1;0;0;2;8;1;B01
2,016E+11;1;7;0;0;2;0;1;A01
2,016E+11;1;31;0;0;2;8;7;A01
2,016E+11;1;7;0;0;0;2;16;B01
2,016E+11;0;7;0;0;2;1;1;B01
2,016E+11;1;33;0;0;2;8;15;A01
2,016E+11;1;7;0;0;1;1;1;Z01
2,016E+11;2;17;0;0;4;6;16;A01
2,016E+11;2;40;30;0;0;1;1;B01
2,016E+11;1;33;0;0;2;1;1;B01
2,016E+11;1;7;0;0;0;3;15;A01
2,016E+11;2;7;0;4;0;0;1;A01
2,016E+11;2;7;0;0;2;3;16;A01
2,016E+11;2;1;0;0;0;8;23;B01
2,016E+11;2;7;0;0;2;2;16;A01
2,016E+11;2;30;0;0;0;8;18;B01
2,016E+11;1;7;0;0;2;3;1;A01
2,016E+11;1;1;0;0;0;5;1;B01
2,016E+11;1;10;0;0;2;3;1;B01
2,016E+11;1;7;0;0;2;1;0;A01
2,016E+11;1;7;0;0;1;2;1;A01
2,016E+11;1;33;0;0;2;7;3;B01
2,016E+11;1;7;0;0;2;3;15;A01
2,016E+11;0;7;0;0;1;0;0;Z01
2,016E+11;1;40;0;0;2;2;1;B01
2,016E+11;1;7;0;0;4;3;1;A01
2,016E+11;2;7;0;0;2;4;23;B01
2,016E+11;2;7;0;0;9;4;23;D01
2,016E+11;2;7;0;0;2;1;1;A01
2,016E+11;2;7;0;0;2;4;23;C01
2,016E+11;1;2;0;0;2;1;1;A01
2,016E+11;1;7;0;0;2;4;15;B01
2,016E+11;1;7;0;0;2;2;15;A01
2,016E+11;1;7;0;0;2;9;1;B01
2,016E+11;1;7;0;0;0;8;15;A01
2,016E+11;1;34;0;0;2;1;0;B01
2,016E+11;1;7;0;0;4;2;1;A01
2,016E+11;2;40;60;0;2;1;1;B01
2,016E+11;1;7;0;0;2;1;1;B01
2,016E+11;1;7;0;0;0;8;15;A01
2,016E+11;1;7;0;0;2;2;1;A01
2,016E+11;1;1;0;0;0;1;1;B01
2,016E+11;2;7;0;0;2;1;1;B01
2,016E+11;1;7;0;0;2;1;13;A01
2,016E+11;1;10;0;0;1;1;4;A01
2,016E+11;1;32;0;0;0;8;1;A01
2,016E+11;2;33;0;14;2;1;3;A01
2,016E+11;2;7;0;0;0;6;15;B01
2,016E+11;2;7;0;0;2;1;1;B01
2,016E+11;1;10;0;1;2;1;5;Z01
2,016E+11;1;7;0;9;0;1;2;A01
2,016E+11;0;7;0;0;0;2;15;A01
2,016E+11;2;2;0;0;2;1;1;B01
2,016E+11;0;10;0;0;1;0;1;A01
2,016E+11;2;1;0;0;2;1;16;A01
2,016E+11;1;7;0;0;0;7;1;B01
2,016E+11;2;32;0;0;2;1;1;A01
2,016E+11;1;7;0;0;2;3;15;B01
2,016E+11;1;10;0;0;2;8;1;A01
2,016E+11;0;1;0;0;2;1;1;B01
2,016E+11;1;7;0;0;0;2;1;B01
2,016E+11;2;7;0;0;2;3;1;A01
2,016E+11;2;37;3;0;2;2;15;A01
2,016E+11;1;10;0;0;2;1;1;B01
2,016E+11;0;10;0;0;2;1;1;B01
2,016E+11;0;7;0;0;0;8;23;C01
2,016E+11;1;7;0;0;2;7;1;A01
2,016E+11;1;10;0;0;2;1;2;A01
2,016E+11;1;7;0;0;0;4;23;B01
2,016E+11;1;7;0;0;0;4;15;B01
2,016E+11;1;31;0;0;2;1;1;A01
2,016E+11;1;7;0;0;2;3;15;A01
2,016E+11;1;2;0;0;2;1;2;B01
2,016E+11;1;1;0;0;0;3;16;B01
2,016E+11;1;7;0;0;2;4;4;A01
2,016E+11;1;7;0;0;2;3;15;A01
2,016E+11;2;7;0;0;0;8;1;B01
2,016E+11;1;33;0;0;2;1;2;B01
2,016E+11;1;7;0;0;2;2;15;A01
2,016E+11;1;7;0;0;0;8;15;A01
2,016E+11;1;33;0;0;2;9;1;B01
2,016E+11;1;2;0;0;2;8;2;B01
2,016E+11;1;7;0;0;2;8;1;A01
2,016E+11;2;34;0;0;2;1;1;B01
2,016E+11;1;7;0;0;2;3;16;A01
2,016E+11;1;7;0;0;2;1;1;A01
2,016E+11;0;1;0;0;2;1;0;B01
2,016E+11;2;7;0;0;2;4;2;B01
2,016E+11;2;7;0;0;2;1;2;A01
2,016E+11;2;7;0;0;2;4;2;C01
2,016E+11;1;7;0;0;2;1;15;B01
2,016E+11;1;7;0;7;2;1;1;A01
2,016E+11;2;7;0;0;1;2;16;A01
2,016E+11;1;7;0;0;2;3;15;A01
2,016E+11;1;33;0;0;0;1;1;B01
2,016E+11;0;10;0;0;2;3;15;A01
2,016E+11;1;2;0;0;0;5;3;B01
2,016E+11;1;7;0;0;1;0;16;A01
2,016E+11;2;7;0;0;1;2;17;A01
2,016E+11;2;33;0;0;2;0;1;B01
2,016E+11;2;7;0;0;2;1;15;A01
2,016E+11;0;33;0;0;2;0;1;A01
2,016E+11;0;10;0;0;2;1;1;B01
2,016E+11;1;7;0;0;2;3;15;A01
2,016E+11;0;2;0;0;0;6;1;B01
2,016E+11;1;7;0;0;2;7;15;A01
2,016E+11;1;2;0;0;2;3;2;B01
2,016E+11;1;7;0;1;0;3;19;B01
2,016E+11;1;32;0;0;2;1;1;A01
2,016E+11;2;7;0;0;0;7;15;B01
2,016E+11;1;31;0;0;2;1;8;A01
2,016E+11;2;7;0;0;1;8;16;A01
2,016E+11;1;7;0;0;0;8;23;B01
2,016E+11;1;37;0;1;0;5;15;A01
2,016E+11;1;31;0;0;2;0;3;B01
2,016E+11;1;7;0;0;0;3;15;A01
2,016E+11;2;10;0;0;0;3;15;A01
2,016E+11;2;2;0;15;2;1;17;B01
2,016E+11;1;10;0;0;1;8;15;A01
2,016E+11;2;7;0;0;1;1;16;A01
2,016E+11;1;7;0;0;2;3;9;A01
2,016E+11;1;7;0;0;2;2;2;B01
2,016E+11;1;7;0;0;0;8;15;B01
2,016E+11;0;2;0;0;2;1;1;A01
2,016E+11;1;7;0;0;1;1;3;A01
2,016E+11;0;7;0;0;0;3;15;B01
2,016E+11;0;7;0;0;2;1;16;A01
2,016E+11;1;7;0;0;2;3;15;A01
2,016E+11;0;30;0;0;2;1;1;B01
2,016E+11;2;30;0;0;2;2;1;B01
2,016E+11;2;7;0;0;2;8;1;A01
2,016E+11;2;30;0;0;2;1;1;B01
2,016E+11;1;7;0;0;0;8;1;A01
2,016E+11;1;7;0;0;2;0;0;Z01
2,016E+11;1;1;0;0;2;8;0;B01
2,016E+11;1;31;0;0;2;1;1;B01
2,016E+11;1;7;0;0;0;7;1;A01
2,016E+11;1;7;0;0;0;8;1;B01
2,016E+11;1;2;0;0;2;1;1;A01
2,016E+11;1;33;0;0;2;1;1;B01
2,016E+11;1;7;0;0;0;2;15;A01
2,016E+11;2;10;0;0;2;3;1;C01
2,016E+11;2;2;0;0;2;1;9;A01
2,016E+11;2;7;0;0;2;1;1;B01
2,016E+11;2;33;0;0;1;1;1;A01
2,016E+11;2;7;0;0;2;3;16;A01
2,016E+11;2;7;0;0;2;1;1;B01
2,016E+11;2;31;0;0;1;1;1;A01
2,016E+11;1;7;0;0;2;2;2;A01
2,016E+11;1;30;0;0;0;4;2;B01
2,016E+11;2;10;0;0;2;1;1;B01
2,016E+11;1;2;0;0;2;1;15;A01
2,016E+11;1;7;0;0;1;2;1;A01
2,016E+11;1;1;0;1;2;1;1;B01
2,016E+11;1;7;0;0;0;7;20;A01
2,016E+11;2;7;0;0;2;2;15;A01
2,016E+11;2;34;0;0;2;1;1;B01
2,016E+11;1;7;0;0;0;4;10;A01
2,016E+11;2;30;0;0;2;1;1;B01
2,016E+11;2;7;0;0;2;1;15;A01
2,016E+11;2;2;0;0;0;9;1;B01
2,016E+11;1;7;0;0;0;7;15;A01
2,016E+11;1;33;0;0;2;9;0;B01
2,016E+11;0;31;0;0;2;1;1;B01
2,016E+11;0;7;0;0;2;0;15;Z01
2,016E+11;1;31;0;0;1;1;1;A01
2,016E+11;0;7;0;0;0;8;15;B01
2,016E+11;1;33;0;8;2;9;1;A01
2,016E+11;1;7;0;0;0;4;2;B01
2,016E+11;1;2;0;0;2;1;1;A01
2,016E+11;2;7;0;0;2;1;15;A01
2,016E+11;1;34;0;0;2;1;1;B01
2,016E+11;1;7;0;0;2;1;2;A01
2,016E+11;1;7;0;0;0;4;2;C01
2,016E+11;1;7;0;0;2;9;2;B01
2,016E+11;0;10;0;0;2;2;1;A01
2,016E+11;0;32;0;0;0;4;15;B01
2,016E+11;0;7;0;0;2;1;1;B01
2,016E+11;0;7;0;0;2;1;16;A01
2,016E+11;1;7;0;0;0;5;1;B01
2,016E+11;1;37;30;0;2;3;13;A01
2,016E+11;0;7;0;0;2;1;1;B01
2,016E+11;0;10;0;0;0;4;23;A01
2,016E+11;0;2;0;0;2;1;1;B01
2,016E+11;0;7;0;0;2;1;15;A01
2,016E+11;2;7;0;0;2;1;1;B01
2,016E+11;2;32;0;0;0;1;17;A01
2,016E+11;1;33;0;0;1;1;1;A01
2,016E+11;1;7;0;0;2;3;15;A01
2,016E+11;2;1;0;0;0;8;1;B01
2,016E+11;0;2;0;9;0;0;0;A01
2,016E+11;1;40;0;0;2;1;1;B01
2,016E+11;1;7;0;0;4;8;1;A01
2,016E+11;0;14;0;0;0;7;1;C01
2,016E+11;1;7;0;0;2;1;18;A01
2,016E+11;0;7;0;0;0;1;1;B01
2,016E+11;0;1;0;0;2;1;1;B01
2,016E+11;0;10;0;0;2;7;1;A01
2,016E+11;1;7;0;0;0;8;15;B01
2,016E+11;1;2;0;0;2;1;17;A01
2,016E+11;1;7;0;0;2;3;15;B01
2,016E+11;1;7;0;0;2;3;1;A01
2,016E+11;0;7;0;0;0;7;15;B01
2,016E+11;0;31;0;0;2;1;1;A01
2,016E+11;1;7;0;0;0;2;15;A01
2,016E+11;1;33;0;0;2;1;1;B01
2,016E+11;1;7;0;0;0;3;16;A01
2,016E+11;0;10;0;0;2;2;1;B01
2,016E+11;0;7;0;0;2;1;1;A01
2,016E+11;0;2;0;0;0;1;1;B01
2,016E+11;1;7;0;0;2;1;1;Z01
2,016E+11;0;7;0;0;0;3;15;A01
2,016E+11;1;7;0;0;2;1;2;A01
2,016E+11;1;7;0;0;0;4;15;B01
2,016E+11;0;7;0;0;1;0;0;A01
2,016E+11;0;30;0;0;2;1;1;A01
2,016E+11;0;7;0;0;0;8;15;B01
2,016E+11;1;7;0;1;2;9;17;A01
2,016E+11;1;10;0;0;0;9;1;B01
2,016E+11;0;1;0;0;0;0;0;B01
2,016E+11;0;7;0;0;2;8;1;A01
2,016E+11;0;7;0;6;0;1;1;A01
2,016E+11;2;7;0;0;2;1;15;A01
2,016E+11;0;34;0;0;2;1;1;B01
2,016E+11;0;7;0;0;2;2;15;A01
2,016E+11;0;7;0;0;2;2;1;B01
2,016E+11;1;7;0;0;2;2;1;A01
2,016E+11;0;7;0;0;2;3;15;B01
2,016E+11;2;33;0;0;2;1;1;B01
2,016E+11;1;7;0;0;2;2;15;A01
2,016E+11;0;32;0;0;2;1;15;B01
2,016E+11;0;7;0;0;2;2;1;A01
2,016E+11;2;7;0;0;2;1;15;A01
2,016E+11;1;1;0;0;0;1;1;B01
2,016E+11;1;32;0;0;2;1;1;A01
2,016E+11;1;7;0;0;0;4;1;B01
2,016E+11;2;7;0;0;2;3;9;A01
2,016E+11;2;33;0;0;0;7;1;B01
2,016E+11;2;7;0;0;1;1;1;A01
2,016E+11;1;7;0;0;2;3;16;A01
2,016E+11;0;1;0;0;0;2;19;B01
2,016E+11;1;7;0;0;2;1;1;A01
2,016E+11;1;7;0;0;0;4;1;B01
2,016E+11;0;7;0;0;1;3;1;A01
2,016E+11;1;7;0;0;0;1;1;A01
2,016E+11;1;7;0;0;2;1;1;B01
2,016E+11;2;7;0;0;1;1;1;A01
2,016E+11;1;7;0;0;0;4;23;B01
2,016E+11;0;7;0;0;2;1;1;A01
2,016E+11;1;10;0;0;2;1;1;A01
2,016E+11;0;7;0;0;0;4;23;B01
2,016E+11;1;30;0;0;1;8;1;A01
2,016E+11;2;7;0;0;2;1;1;A01
2,016E+11;1;7;0;0;0;2;15;B01
2,016E+11;2;7;0;0;1;1;1;A01
2,016E+11;1;2;0;0;2;7;1;A01
2,016E+11;0;7;0;0;0;8;1;B01
2,016E+11;1;7;0;0;1;0;1;A01
2,016E+11;1;32;0;0;0;2;17;B01
2,016E+11;1;7;0;0;0;0;15;Z01
2,016E+11;1;40;0;0;1;1;1;A01
2,016E+11;1;7;0;0;2;1;1;A01
2,016E+11;2;7;0;0;0;5;4;B01
2,016E+11;1;2;0;0;2;8;1;A01
2,016E+11;1;7;0;0;0;7;16;B01
2,016E+11;1;7;0;0;0;2;1;A01
2,016E+11;1;32;0;0;2;1;1;B01
2,016E+11;1;7;0;0;1;4;4;A01
2,016E+11;1;7;0;0;0;6;20;A01
2,016E+11;2;32;0;0;2;1;0;B01
2,016E+11;1;7;0;0;2;1;1;A01
2,016E+11;1;7;0;0;0;7;1;B01
2,016E+11;1;7;0;0;1;1;1;A01
2,016E+11;1;13;0;0;1;0;0;Z01
2,016E+11;1;7;0;0;0;3;16;A01
2,016E+11;1;7;0;0;2;0;1;B01
2,016E+11;1;1;0;0;0;0;1;B01
2,016E+11;1;7;0;0;2;0;1;Z01
2,016E+11;1;7;0;0;2;3;15;A01
2,016E+11;2;7;0;0;2;8;1;B02
2,016E+11;1;7;0;0;2;1;19;B02
2,016E+11;2;7;0;0;2;3;1;A01
2,016E+11;2;1;0;0;0;3;1;B02
2,016E+11;2;7;0;0;2;7;1;A01
2,016E+11;0;7;0;0;0;5;3;A01
2,016E+11;0;33;0;0;0;3;2;B02
2,016E+11;1;7;0;0;0;2;15;A01
2,016E+11;0;2;0;0;0;1;1;B02
2,016E+11;1;14;0;0;1;5;1;A01
2,016E+11;1;33;0;7;0;1;0;A01
2,016E+11;1;33;0;0;0;1;1;A01
2,016E+11;0;3;0;0;2;2;15;B02
2,016E+11;1;1;0;0;2;0;1;B02
2,016E+11;1;7;0;0;9;0;16;A01
2,016E+11;0;7;0;1;2;1;1;A01
2,016E+11;0;7;0;0;2;1;1;B02
2,016E+11;1;7;0;0;0;0;2;C03
2,016E+11;1;7;0;0;0;4;23;A01
2,016E+11;1;7;0;0;0;0;2;B02
2,016E+11;1;2;0;0;2;1;1;A01
2,016E+11;2;7;0;0;0;2;15;B02
2,016E+11;1;1;0;0;0;1;0;B02
2,016E+11;1;7;0;0;0;2;1;A01
2,016E+11;1;31;0;0;2;0;1;A01
2,016E+11;0;1;0;12;0;0;1;A01
2,016E+11;2;7;0;0;2;1;9;A01
2,016E+11;2;1;0;0;2;5;16;B02
2,016E+11;0;30;0;0;1;7;17;A01
2,016E+11;2;7;0;0;2;8;17;A01
2,016E+11;1;31;0;0;2;8;17;B02
2,016E+11;2;32;0;0;2;1;1;A01
2,016E+11;1;7;0;0;2;1;16;B02
2,016E+11;0;7;0;0;2;2;2;C03
2,016E+11;0;7;0;0;2;1;5;B02
2,016E+11;0;7;0;0;2;1;1;A01
2,016E+11;1;2;0;0;0;7;2;A01
2,016E+11;1;7;0;0;0;3;0;B02
2,016E+11;0;7;0;0;0;3;9;B02
2,016E+11;0;33;0;0;0;2;17;A01
2,016E+11;2;7;0;0;2;3;9;A01
2,016E+11;1;33;0;0;2;1;1;B02
2,016E+11;2;7;0;0;1;3;1;A01
2,016E+11;1;33;0;3;0;0;0;A01
2,016E+11;1;7;0;0;2;1;1;D04
2,016E+11;1;7;0;0;0;3;1;C03
2,016E+11;1;10;0;0;0;6;1;B02
2,016E+11;2;7;0;0;0;3;13;A01
2,016E+11;0;7;0;0;1;2;14;A01
2,016E+11;2;7;0;0;0;3;15;A01
2,016E+11;0;7;0;0;9;8;1;B01
2,016E+11;1;7;0;0;0;2;15;A01
2,016E+11;2;33;0;0;2;1;1;B01
2,016E+11;0;7;0;0;2;3;15;A01
2,016E+11;0;32;0;0;2;1;3;B01
2,016E+11;1;7;0;0;1;7;1;A01
2,016E+11;0;7;0;0;1;1;1;A01
2,016E+11;1;2;0;0;2;1;1;B01
2,016E+11;1;7;0;0;2;3;15;A01
2,016E+11;1;7;0;0;1;1;6;A01
2,016E+11;1;10;0;0;2;1;2;Z01
2,016E+11;1;1;0;0;2;4;1;A01
2,016E+11;1;1;0;0;2;7;19;B01
2,016E+11;1;32;0;0;2;1;1;A01
2,016E+11;0;3;0;0;2;1;13;A01
2,016E+11;0;7;0;0;2;1;1;B01
2,016E+11;1;7;0;0;2;5;1;B01
2,016E+11;1;33;0;0;2;8;9;A01
2,016E+11;1;32;0;0;2;7;17;A01
2,016E+11;1;7;0;0;2;8;15;B01
2,016E+11;1;32;0;0;2;1;1;A01
2,016E+11;2;7;0;0;2;6;10;Z01
2,016E+11;2;13;0;0;1;4;4;A01
2,016E+11;0;32;0;0;2;1;1;B01
2,016E+11;0;7;0;0;2;3;15;A01
2,016E+11;0;32;0;0;0;0;0;A01
2,016E+11;1;31;0;14;0;0;1;A01
2,016E+11;1;7;0;0;2;2;1;A01
2,016E+11;1;1;0;0;2;1;1;B01
2,016E+11;1;2;0;0;2;1;1;B01
2,016E+11;1;7;0;0;2;7;19;A01
2,016E+11;1;10;0;0;0;9;1;A01
2,016E+11;1;7;0;0;2;3;1;B01
2,016E+11;2;7;0;0;2;3;13;A01
2,016E+11;1;1;0;0;2;7;1;B01
2,016E+11;1;7;0;0;2;3;9;A01
2,016E+11;0;10;0;0;1;2;0;A01
2,016E+11;1;7;0;0;0;9;6;A01
2,016E+11;2;7;0;0;1;1;1;A01
2,016E+11;1;7;0;0;1;7;1;A01
2,016E+11;2;7;0;0;2;3;9;A01
2,016E+11;2;33;0;0;2;5;1;B01
2,016E+11;2;7;0;0;2;3;13;A01
2,016E+11;1;33;0;0;2;1;1;B01
2,016E+11;0;7;0;0;2;3;1;A01
2,016E+11;0;33;0;0;2;2;16;B01
2,016E+11;0;7;0;0;1;1;15;A01
2,016E+11;0;2;0;0;2;7;0;B01
2,016E+11;0;33;0;0;2;1;1;A01
2,016E+11;0;14;0;5;1;1;1;A01
2,016E+11;1;7;0;0;1;1;1;A01
2,016E+11;1;33;0;12;0;1;6;A01
2,016E+11;1;3;0;0;1;0;0;A01
2,016E+11;2;7;0;0;1;1;1;A01
2,016E+11;2;7;0;0;2;1;1;B01
2,016E+11;2;7;0;0;2;8;9;A01
2,016E+11;1;7;0;16;0;0;1;A01
2,016E+11;2;7;0;0;2;6;1;B01
2,016E+11;1;7;0;0;2;1;1;C01
2,016E+11;2;34;0;0;2;7;17;A01
2,016E+11;2;7;0;0;1;1;1;A01
2,016E+11;2;7;0;1;0;1;1;A01
2,016E+11;2;7;0;0;2;2;12;B01
2,016E+11;2;33;0;0;2;8;3;A01
2,016E+11;1;7;0;2;0;9;1;A01
2,016E+11;1;7;0;4;2;1;15;A01
2,016E+11;2;7;0;0;2;1;1;B01
2,016E+11;1;7;0;0;1;0;1;Z01
2,016E+11;2;33;0;0;2;7;23;B01
2,016E+11;2;7;0;0;2;0;3;Z01
2,016E+11;1;7;0;0;1;1;1;A01
2,016E+11;2;7;0;0;2;1;11;A01
2,016E+11;1;33;0;0;2;1;1;B01
2,016E+11;2;7;0;0;1;1;1;A01
2,016E+11;1;7;0;0;2;4;10;A01
2,016E+11;2;33;0;0;2;1;1;B01
2,016E+11;1;7;0;0;9;3;1;C01
2,016E+11;1;7;0;0;2;1;5;A01
2,016E+11;2;33;0;0;2;1;1;B01
2,016E+11;1;7;0;0;1;1;1;A01
2,016E+11;2;17;0;2;0;1;1;A01
2,016E+11;2;7;0;2;0;1;1;A01
2,016E+11;2;7;0;0;2;7;15;A01
2,016E+11;2;33;0;0;2;1;1;B01
2,016E+11;1;31;0;0;2;1;1;B01
2,016E+11;1;7;0;0;2;8;11;A01
2,016E+11;1;7;0;0;2;1;1;A01
2,016E+11;2;7;0;0;2;1;1;C01
2,016E+11;2;7;0;0;2;8;1;B01
2,016E+11;2;7;0;0;1;1;1;A01
2,016E+11;2;7;0;0;1;1;1;X01
2,016E+11;0;7;0;0;2;5;0;A01
2,016E+11;0;2;0;0;2;1;1;B01
2,016E+11;1;7;0;0;2;1;16;Z01
2,016E+11;1;3;0;0;2;5;16;B01
2,016E+11;0;7;0;0;2;1;13;A01
2,016E+11;0;7;0;0;2;3;1;B01
2,016E+11;1;20;0;0;2;1;15;A01
2,016E+11;2;2;0;0;2;1;16;B01
2,016E+11;2;7;0;0;1;5;4;A01
2,016E+11;2;7;0;0;9;6;1;C01
2,016E+11;2;7;0;0;2;0;1;A01
2,016E+11;1;7;0;0;2;1;1;B01
2,016E+11;2;7;0;2;0;0;0;A01
2,016E+11;1;2;0;12;0;1;1;A01
2,016E+11;1;7;0;0;2;1;1;B01
2,016E+11;1;10;0;0;2;7;14;A01
2,016E+11;0;7;0;0;2;3;15;A01
2,016E+11;0;7;0;0;2;3;1;B01
2,016E+11;0;7;0;0;0;0;0;C01
2,016E+11;0;2;0;1;0;1;0;A01
2,016E+11;0;7;0;0;2;5;0;B01
2,016E+11;0;33;0;0;2;1;1;B01
2,016E+11;0;10;0;0;2;1;15;A01
2,016E+11;1;14;0;7;4;3;15;A01
2,016E+11;1;40;0;0;2;2;1;B01
2,016E+11;0;7;0;0;2;7;0;A01
2,016E+11;0;7;0;0;2;1;1;B01
2,016E+11;0;7;0;0;2;1;1;C01
2,016E+11;0;1;0;0;1;0;0;Z01
2,016E+11;0;7;0;0;1;0;1;A01
2,016E+11;0;7;0;0;1;0;0;Z01
2,016E+11;1;7;0;0;2;3;1;B01
2,016E+11;2;1;0;0;2;0;1;A01
2,016E+11;0;3;0;0;0;0;0;A01
2,016E+11;1;7;0;9;0;8;1;B01
2,016E+11;2;7;0;0;2;1;5;A01
2,016E+11;2;33;0;0;2;7;1;B01
2,016E+11;0;7;0;0;2;3;13;A01
2,016E+11;1;10;0;0;1;6;4;A01
2,016E+11;2;7;0;0;2;1;1;A01
2,016E+11;1;7;0;0;2;1;1;B01
2,016E+11;0;34;0;0;2;1;1;A01
2,016E+11;1;7;0;0;2;3;0;Z01
2,016E+11;0;2;0;0;2;1;1;A01
2,016E+11;0;7;0;0;2;3;15;B01
2,016E+11;0;7;0;0;9;4;2;C01
2,016E+11;0;7;0;0;2;1;2;A01
2,016E+11;0;7;0;0;2;4;2;B01
2,016E+11;1;7;0;4;0;1;1;A01
2,016E+11;0;33;0;0;2;7;0;B01
2,016E+11;0;32;0;0;0;8;1;A01
2,016E+11;0;7;0;0;9;3;0;B01
2,016E+11;0;7;0;0;2;3;13;A01
2,016E+11;0;33;0;0;2;1;5;A01
2,016E+11;0;33;0;0;2;3;19;B01
2,016E+11;0;7;0;0;2;7;15;A01
2,016E+11;0;33;0;0;2;1;1;B01
2,016E+11;0;1;0;4;0;8;0;A01
2,016E+11;0;33;0;4;0;3;1;A01
2,016E+11;0;14;0;0;2;5;13;A01
2,016E+11;1;1;0;0;2;0;1;B01
2,016E+11;1;7;0;0;1;4;4;A01
2,016E+11;0;7;0;0;2;2;15;A01
2,016E+11;0;34;0;0;2;1;1;B01
2,016E+11;0;7;0;0;1;1;1;A01
2,016E+11;0;7;0;0;1;3;1;B01
2,016E+11;0;7;0;0;2;4;15;A01
2,016E+11;0;31;0;0;2;1;1;B01
2,016E+11;0;7;0;0;2;7;15;A01
2,016E+11;1;33;0;0;2;1;1;B01
2,016E+11;0;7;0;0;2;2;15;A01
2,016E+11;0;31;0;0;2;8;15;B01
2,016E+11;0;7;0;0;1;2;1;A01
2,016E+11;0;31;0;0;2;5;1;B01
2,016E+11;0;7;0;0;2;2;1;A01
2,016E+11;0;7;0;0;2;6;1;B01
2,016E+11;0;33;0;0;0;0;17;A01
2,016E+11;1;33;0;7;0;1;14;A01
2,016E+11;0;33;0;0;0;0;0;A01
2,016E+11;0;31;0;0;2;1;2;A01
2,016E+11;0;7;0;0;2;4;2;B01
2,016E+11;2;7;0;0;1;0;0;A01
2,016E+11;1;7;0;0;2;1;1;A01
2,016E+11;1;7;0;0;2;4;1;B01
2,016E+11;1;7;0;0;2;4;1;C01
2,016E+11;0;30;0;0;1;1;3;A01
2,016E+11;0;1;0;0;0;0;0;A01
2,016E+11;0;7;0;0;0;0;0;B01
2,016E+11;0;7;0;0;2;6;0;B01
2,016E+11;0;7;0;0;2;1;0;A01
2,016E+11;0;7;0;0;2;1;2;A01
2,016E+11;0;34;0;0;2;4;2;B01
2,016E+11;0;7;0;0;1;0;0;A01
2,016E+11;0;7;0;0;0;0;0;A01
2,016E+11;0;1;0;0;0;0;0;B01
2,016E+11;0;7;0;8;1;1;16;A01
2,016E+11;0;30;0;0;1;2;1;Z01
2,016E+11;1;7;0;0;2;2;0;B01
2,016E+11;1;30;0;0;2;1;5;A01
2,016E+11;1;30;0;0;0;0;0;A01
2,016E+11;1;1;0;0;2;7;19;A01
2,016E+11;2;7;0;0;2;1;1;B01
2,016E+11;2;32;0;0;1;3;1;A01
2,016E+11;1;7;0;0;2;1;1;A01
2,016E+11;1;7;0;0;0;4;1;B01
2,016E+11;2;7;0;0;2;3;22;A01
2,016E+11;2;1;0;1;0;1;1;B01
2,016E+11;1;7;0;0;1;1;1;A01
2,016E+11;1;7;0;0;1;3;0;A01
2,016E+11;2;7;0;0;2;1;1;A01
2,016E+11;2;7;0;0;2;4;0;B01
2,016E+11;1;7;0;0;2;4;0;C01
2,016E+11;2;32;0;0;2;1;17;A01
2,016E+11;2;7;0;0;2;3;15;B01
2,016E+11;1;7;0;0;2;4;2;B01
2,016E+11;1;7;0;0;2;1;2;A01
2,016E+11;2;1;0;8;0;1;1;A01
2,016E+11;2;33;0;0;2;1;17;B01
2,016E+11;2;7;0;0;2;1;15;A01
2,016E+11;1;7;0;0;2;4;1;B01
2,016E+11;1;10;0;0;2;1;1;A01
2,016E+11;1;7;0;0;2;4;1;C01
2,016E+11;1;7;0;0;2;4;1;E01
2,016E+11;1;7;0;0;2;4;1;D01
2,016E+11;1;7;0;0;2;1;10;Z01
2,016E+11;2;30;0;0;2;8;1;B01
2,016E+11;1;30;0;0;0;8;17;A01
2,016E+11;1;7;0;2;0;1;14;A01
2,016E+11;2;7;0;0;2;6;0;A01
2,016E+11;2;2;0;0;2;1;0;B01
2,016E+11;1;7;0;0;2;3;0;A01
2,016E+11;1;20;0;0;2;6;0;B01
2,016E+11;2;32;0;0;2;1;1;B01
2,016E+11;2;7;0;0;2;1;15;A01
2,016E+11;1;30;0;0;2;3;13;A01
2,016E+11;1;37;0;0;2;2;1;B01
2,016E+11;2;30;0;0;2;1;5;A01
2,016E+11;1;7;0;0;2;1;1;B01
2,016E+11;2;33;0;0;2;1;1;B01
2,016E+11;2;10;0;0;2;8;11;A01
2,016E+11;2;7;0;1;0;2;14;A01
2,016E+11;1;7;0;0;2;3;16;A01
2,016E+11;1;32;0;0;2;1;1;B01
2,016E+11;2;7;0;0;2;1;1;A01
2,016E+11;2;7;0;0;2;4;1;B01
2,016E+11;2;7;0;0;1;0;0;A01
2,016E+11;1;7;0;16;0;3;0;A01
2,016E+11;0;7;0;0;2;1;0;B01
2,016E+11;0;7;0;0;2;4;0;C01
2,016E+11;0;7;0;0;2;1;2;A01
2,016E+11;1;7;0;0;2;2;0;A01
2,016E+11;1;7;0;0;2;3;0;B01
2,016E+11;1;36;0;8;0;1;1;A01