Num_Acc;senc;catv;occutc;obs;obsm;choc;manv;num_veh
2,016E+11;1;7;0;0;2;1;9;A01
2,016E+11;2;7;0;0;2;8;22;A01
2,016E+11;1;1;0;0;2;1;0;B01
2,016E+11;1;1;0;0;2;1;1;B01
2,016E+11;2;7;0;0;2;3;9;A01
2,016E+11;1;7;0;0;1;1;1;A01
2,016E+11;1;7;0;0;1;4;4;A01
2,016E+11;1;33;0;0;2;1;1;B01
2,016E+11;1;30;0;0;2;1;16;A01
2,016E+11;1;7;0;0;2;7;1;B01
2,016E+11;2;7;0;0;2;1;9;A01
2,016E+11;2;7;0;1;0;1;14;A01
2,016E+11;1;7;0;0;2;2;16;A01
2,016E+11;1;1;0;0;2;1;1;B01
2,016E+11;0;7;0;12;0;0;0;A01
2,016E+11;2;7;0;0;1;1;1;A01
2,016E+11;1;7;0;0;1;1;1;A01
2,016E+11;1;7;0;0;2;3;1;B01
2,016E+11;1;7;0;0;2;2;15;A01
2,016E+11;1;7;0;0;2;4;23;B01
2,016E+11;1;30;0;0;2;1;2;A01
2,016E+11;2;10;0;0;1;1;15;A01
2,016E+11;1;33;0;0;1;1;1;A01
2,016E+11;2;30;0;0;2;1;1;A01
2,016E+11;2;7;0;0;2;2;15;B01
2,016E+11;1;10;0;0;2;7;15;A01
2,016E+11;1;31;0;0;2;2;1;B01
2,016E+11;1;30;0;0;1;1;18;A01
2,016E+11;1;7;0;0;2;1;15;A01
2,016E+11;2;31;0;0;2;1;1;B01
2,016E+11;1;7;0;0;1;1;1;A01
2,016E+11;1;7;0;0;1;1;1;A01
2,016E+11;1;7;0;0;2;4;23;B01
2,016E+11;1;7;0;0;2;4;23;C01
2,016E+11;1;7;0;0;2;1;2;A01
2,016E+11;1;7;0;9;0;1;1;A01
2,016E+11;1;7;0;9;0;1;1;A01
2,016E+11;1;7;0;16;0;9;1;A01
2,016E+11;1;7;0;0;2;3;1;A01
2,016E+11;1;7;0;0;2;0;1;B01
2,016E+11;1;7;0;16;0;9;1;A01
2,016E+11;1;7;0;0;2;1;15;A01
2,016E+11;2;32;0;0;2;1;1;B01
2,016E+11;2;7;0;0;1;1;1;A01
2,016E+11;1;7;0;0;1;1;1;A01
2,016E+11;1;7;0;0;2;1;1;A01
2,016E+11;1;7;0;0;2;4;23;C01
2,016E+11;1;7;0;0;2;4;23;B01
2,016E+11;1;7;0;11;0;1;1;A01
2,016E+11;1;33;0;0;2;1;1;B01
2,016E+11;1;7;0;0;2;6;9;A01
2,016E+11;2;7;0;0;2;4;23;C01
2,016E+11;2;7;0;0;2;1;12;A01
2,016E+11;2;7;0;0;2;4;23;B01
2,016E+11;2;7;0;0;2;1;2;A01
2,016E+11;2;10;0;0;2;4;2;B01
2,016E+11;2;14;0;0;1;0;1;A01
2,016E+11;2;7;0;0;2;4;0;C01
2,016E+11;2;7;0;0;2;4;0;B01
2,016E+11;2;7;0;0;2;4;0;E01
2,016E+11;2;7;0;0;2;1;0;A01
2,016E+11;2;7;0;0;2;4;0;D01
2,016E+11;1;32;0;0;2;1;1;B01
2,016E+11;1;7;0;0;2;3;15;A01
2,016E+11;2;7;0;13;0;9;1;A01
2,016E+11;2;30;0;0;2;1;2;A01
2,016E+11;2;7;0;0;2;4;23;B01
2,016E+11;1;1;0;0;2;1;1;B01
2,016E+11;1;14;0;0;2;7;16;A01
2,016E+11;1;7;0;2;0;3;1;A01
2,016E+11;2;7;0;0;1;1;1;A01
2,016E+11;1;7;0;0;2;7;22;A01
2,016E+11;1;1;0;0;2;1;1;B01
2,016E+11;1;7;0;2;0;9;1;A01
2,016E+11;2;33;0;16;0;8;16;A01
2,016E+11;2;7;0;0;1;1;15;A01
2,016E+11;1;7;0;9;0;9;1;A01
2,016E+11;1;7;0;1;0;1;1;A01
2,016E+11;1;7;0;0;1;4;4;A01
2,016E+11;0;7;0;0;2;2;15;A01
2,016E+11;0;32;0;0;2;8;1;B01
2,016E+11;1;7;0;0;1;4;4;A01
2,016E+11;1;1;0;0;2;8;1;B01
2,016E+11;1;7;0;0;2;1;1;A01
2,016E+11;2;37;3;0;2;2;1;B01
2,016E+11;2;7;0;0;2;8;9;A01
2,016E+11;1;7;0;0;2;4;23;B01
2,016E+11;1;7;0;0;2;1;2;A01
2,016E+11;1;7;0;13;0;0;0;A01
2,016E+11;1;7;0;6;2;1;20;A01
2,016E+11;2;7;0;0;2;1;1;A01
2,016E+11;1;7;0;0;2;1;1;B01
2,016E+11;0;7;0;0;2;3;1;A01
2,016E+11;0;1;0;0;2;1;1;B01
2,016E+11;2;1;0;0;2;1;1;B01
2,016E+11;2;7;0;0;2;1;16;A01
2,016E+11;2;7;0;0;2;4;23;D01
2,016E+11;2;7;0;0;2;1;23;C01
2,016E+11;2;7;0;0;2;1;2;A01
2,016E+11;2;7;0;0;2;1;23;B01
2,016E+11;0;1;0;0;2;1;1;B01
2,016E+11;0;10;0;0;2;1;1;A01
2,016E+11;0;7;0;0;1;4;4;A01
2,016E+11;1;1;0;0;2;1;1;B01
2,016E+11;2;7;0;0;2;8;9;A01
2,016E+11;1;7;0;0;1;3;1;A01
2,016E+11;1;31;0;0;2;1;1;B01
2,016E+11;2;7;0;0;2;1;15;A01
2,016E+11;1;7;0;8;2;1;1;A01
2,016E+11;1;30;0;16;0;1;1;A01
2,016E+11;1;7;0;0;2;1;0;A01
2,016E+11;1;1;0;0;2;4;2;B01
2,016E+11;1;7;0;7;0;1;1;A01
2,016E+11;1;7;0;0;2;2;9;A01
2,016E+11;1;1;0;0;2;1;5;B01
2,016E+11;2;7;0;0;2;1;9;A01
2,016E+11;1;1;0;0;2;1;1;B01
2,016E+11;1;7;0;0;1;2;1;A01
2,016E+11;0;7;0;0;2;1;2;A01
2,016E+11;1;7;0;0;2;4;23;B01
2,016E+11;2;7;0;0;2;1;1;B01
2,016E+11;1;7;0;0;2;1;13;A01
2,016E+11;1;1;0;0;2;1;1;B01
2,016E+11;1;7;0;0;2;2;9;A01
2,016E+11;2;30;0;0;1;1;7;A01
2,016E+11;2;17;0;0;2;3;15;B01
2,016E+11;2;33;0;0;2;1;16;A01
2,016E+11;1;7;0;0;2;2;1;A01
2,016E+11;1;7;0;0;2;6;23;B01
2,016E+11;2;7;0;1;0;7;1;A01
2,016E+11;2;7;0;0;1;1;1;A01
2,016E+11;2;7;0;3;2;4;1;B01
2,016E+11;2;10;0;0;2;1;2;A01
2,016E+11;1;7;0;0;2;3;1;B01
2,016E+11;2;1;0;0;2;1;15;A01
2,016E+11;1;30;0;0;2;1;7;A01
2,016E+11;1;10;0;0;2;6;16;B01
2,016E+11;1;7;0;0;1;7;1;A01
2,016E+11;1;7;0;0;1;2;15;A01
2,016E+11;2;7;0;0;2;4;23;D01
2,016E+11;2;7;0;0;2;4;23;C01
2,016E+11;2;7;0;0;2;4;23;B01
2,016E+11;2;7;0;0;2;4;23;E01
2,016E+11;2;7;0;0;2;1;2;A01
2,016E+11;1;7;0;0;1;1;1;A01
2,016E+11;1;7;0;3;2;5;18;A01
2,016E+11;1;17;0;0;2;2;12;B01
2,016E+11;2;33;0;0;2;1;16;B01
2,016E+11;2;7;0;0;2;3;15;A01
2,016E+11;1;7;0;0;1;1;1;A01
2,016E+11;1;7;0;0;2;1;2;A01
2,016E+11;1;7;0;0;2;4;23;C01
2,016E+11;1;7;0;0;2;4;23;B01
2,016E+11;1;7;0;0;1;1;1;A01
2,016E+11;1;7;0;16;0;1;1;A01
2,016E+11;1;14;0;0;1;4;4;A01
2,016E+11;1;7;0;1;0;1;1;A01
2,016E+11;1;7;0;0;2;4;23;C01
2,016E+11;1;7;0;0;2;1;2;A01
2,016E+11;1;7;0;0;2;4;23;B01
2,016E+11;2;7;0;0;2;4;2;C01
2,016E+11;2;7;0;0;2;4;2;B01
2,016E+11;2;7;0;0;2;1;2;A01
2,016E+11;2;7;0;0;2;4;0;D01
2,016E+11;2;7;0;0;2;7;22;A01
2,016E+11;2;1;0;0;2;1;1;B01
2,016E+11;2;7;0;0;2;5;1;B01
2,016E+11;1;7;0;0;2;2;1;A01
2,016E+11;1;10;0;0;2;3;1;B01
2,016E+11;1;7;0;0;2;8;13;A01
2,016E+11;1;7;0;0;2;1;1;A01
2,016E+11;2;32;0;16;0;1;1;A01
2,016E+11;1;7;0;6;0;1;1;A01
2,016E+11;2;30;0;0;2;1;1;B01
2,016E+11;2;7;0;0;2;4;4;A01
2,016E+11;0;1;0;0;2;1;19;B01
2,016E+11;1;7;0;0;2;2;1;A01
2,016E+11;1;7;0;0;2;1;2;A01
2,016E+11;1;7;0;0;2;4;23;B01
2,016E+11;1;7;0;0;1;1;1;A01
2,016E+11;1;1;0;0;2;1;1;A01
2,016E+11;1;7;0;0;2;2;1;B01
2,016E+11;2;7;0;0;2;1;9;A01
2,016E+11;1;1;0;0;2;1;1;B01
2,016E+11;1;7;0;0;2;4;23;B01
2,016E+11;1;7;0;0;2;1;2;A01
2,016E+11;2;33;0;0;2;4;2;B01
2,016E+11;2;33;0;0;2;1;2;A01
2,016E+11;1;30;0;0;2;8;1;B01
2,016E+11;1;7;0;0;2;2;20;A01
2,016E+11;1;7;0;0;2;3;1;B01
2,016E+11;1;7;0;0;2;1;1;A01
2,016E+11;2;7;0;0;2;8;1;C01
2,016E+11;1;7;0;0;2;1;1;A01
2,016E+11;2;7;0;0;2;3;1;B01
2,016E+11;1;7;0;0;2;1;15;A01
2,016E+11;0;1;0;0;2;1;1;B01
2,016E+11;1;7;0;0;2;1;2;A01
2,016E+11;1;7;0;0;2;4;2;B01
2,016E+11;1;7;0;0;1;1;1;A01
2,016E+11;1;7;0;0;2;2;1;A01
2,016E+11;2;7;0;1;2;2;1;B01
2,016E+11;1;30;0;0;2;0;1;B01
2,016E+11;1;30;0;0;2;1;9;A01
2,016E+11;1;30;0;0;2;1;1;A01
2,016E+11;1;7;0;0;2;7;1;B01
2,016E+11;1;7;0;16;0;9;1;A01
2,016E+11;2;7;0;0;2;2;15;A01
2,016E+11;1;7;0;0;2;1;1;B01
2,016E+11;0;10;0;0;2;1;1;A01
2,016E+11;0;7;0;0;2;4;23;B01
2,016E+11;1;7;0;0;2;5;16;A01
2,016E+11;1;1;0;0;2;1;1;B01
2,016E+11;2;7;0;0;2;4;23;B01
2,016E+11;2;7;0;0;2;1;2;A01
2,016E+11;1;7;0;0;2;4;1;D01
2,016E+11;1;7;0;0;2;4;1;E01
2,016E+11;1;7;0;0;2;4;1;C01
2,016E+11;1;7;0;0;2;4;1;B01
2,016E+11;1;17;0;0;2;1;12;A01
2,016E+11;1;7;0;0;2;4;2;B01
2,016E+11;1;7;0;0;2;1;2;A01
2,016E+11;1;7;0;0;2;4;2;C01
2,016E+11;1;7;0;0;2;4;2;D01
2,016E+11;1;7;0;0;1;3;17;A01
2,016E+11;1;1;0;0;2;1;1;B01
2,016E+11;1;7;0;0;2;2;16;A01
2,016E+11;2;33;0;0;2;8;1;B01
2,016E+11;2;7;0;0;2;7;12;A01
2,016E+11;1;14;0;0;2;5;1;A01
2,016E+11;0;1;0;0;2;1;1;B01
2,016E+11;1;32;0;16;0;3;1;A01
2,016E+11;1;7;0;0;2;1;9;A01
2,016E+11;1;1;0;0;2;7;1;B01
2,016E+11;1;7;0;0;1;2;1;A01
2,016E+11;2;7;0;9;0;1;1;A01
2,016E+11;1;7;0;2;0;1;1;A01
2,016E+11;1;1;0;16;0;0;1;A01
2,016E+11;2;7;0;0;2;3;23;B01
2,016E+11;2;33;0;0;2;1;17;A01
2,016E+11;1;37;8;0;1;5;1;A01
2,016E+11;1;1;0;0;2;8;1;B01
2,016E+11;1;7;0;0;2;1;16;A01
2,016E+11;1;7;0;16;0;9;1;A01
2,016E+11;1;7;0;0;2;5;1;B01
2,016E+11;1;7;0;0;2;1;9;A01
2,016E+11;1;17;0;0;2;7;9;A01
2,016E+11;1;7;0;0;2;1;1;B01
2,016E+11;1;7;0;0;2;1;2;A01
2,016E+11;1;7;0;0;2;4;23;B01
2,016E+11;2;33;0;12;0;2;1;A01
2,016E+11;2;7;0;0;1;1;1;A01
2,016E+11;2;7;0;9;0;1;15;A01
2,016E+11;1;7;0;3;0;1;1;A01
2,016E+11;2;7;0;0;2;4;2;B01
2,016E+11;2;7;0;0;2;1;2;A01
2,016E+11;2;33;0;0;2;1;1;B01
2,016E+11;1;7;0;0;2;3;15;A01
2,016E+11;1;7;0;2;0;2;1;A01
2,016E+11;1;33;0;0;1;1;1;A01
2,016E+11;2;31;0;16;0;7;1;A01
2,016E+11;1;7;0;8;0;1;1;A01
2,016E+11;1;1;0;0;1;1;1;A01
2,016E+11;2;37;15;0;1;3;1;A01
2,016E+11;1;1;0;0;2;1;15;A01
2,016E+11;2;1;0;0;2;1;1;B01
2,016E+11;2;7;0;0;2;3;1;B01
2,016E+11;1;7;0;0;2;3;16;A01
2,016E+11;2;37;15;0;2;2;16;A01
2,016E+11;2;1;0;0;2;8;1;B01
2,016E+11;1;7;0;0;2;5;1;B01
2,016E+11;1;7;0;0;2;1;2;A01
2,016E+11;1;1;0;0;2;7;1;A01
2,016E+11;1;7;0;0;2;1;16;B01
2,016E+11;1;7;0;0;2;2;15;A01
2,016E+11;2;33;0;0;2;1;1;B01
2,016E+11;1;33;0;0;2;7;17;A01
2,016E+11;1;7;0;0;2;3;13;B01
2,016E+11;1;10;0;0;2;1;1;A01
2,016E+11;1;7;0;0;2;4;1;B01
2,016E+11;1;7;0;13;0;1;1;A01
2,016E+11;1;7;0;0;2;7;1;B01
2,016E+11;1;33;0;0;2;8;18;A01
2,016E+11;0;1;0;1;0;1;1;A01
2,016E+11;0;7;0;0;0;0;0;A01
2,016E+11;0;7;0;0;0;0;0;B01
2,016E+11;0;1;0;0;2;7;19;A01
2,016E+11;0;7;0;0;2;1;1;B01
2,016E+11;0;7;0;0;2;4;20;A01
2,016E+11;0;1;0;0;2;1;1;B01
2,016E+11;0;7;0;0;2;2;15;A01
2,016E+11;0;1;0;0;2;1;1;B01
2,016E+11;0;7;0;0;2;7;1;B01
2,016E+11;0;7;0;0;2;1;9;A01
2,016E+11;2;7;0;0;2;1;0;C01
2,016E+11;2;7;0;0;2;0;0;A01
2,016E+11;2;7;0;0;2;0;0;B01
2,016E+11;0;7;0;0;1;1;23;A01
2,016E+11;0;31;0;0;2;1;1;B01
2,016E+11;0;10;0;0;2;2;15;A01
2,016E+11;0;7;0;0;2;2;15;B01
2,016E+11;0;7;0;0;2;1;1;A01
2,016E+11;2;17;0;8;0;1;1;A01
2,016E+11;1;7;0;0;2;1;2;A01
2,016E+11;1;7;0;0;2;4;2;C01
2,016E+11;1;7;0;0;2;4;2;B01
2,016E+11;1;7;0;0;2;4;2;D01
2,016E+11;1;10;0;0;2;4;2;B01
2,016E+11;1;7;0;0;2;2;1;A01
2,016E+11;2;7;0;0;2;3;10;A01
2,016E+11;1;1;0;0;2;1;1;B01
2,016E+11;2;30;0;0;2;1;17;A01
2,016E+11;2;7;0;0;2;6;15;B01
2,016E+11;1;1;0;0;2;1;1;B01
2,016E+11;1;7;0;0;2;3;9;A01
2,016E+11;1;31;0;12;2;1;17;A01
2,016E+11;1;37;10;0;2;8;1;B01
2,016E+11;1;7;0;0;2;7;1;B01
2,016E+11;1;37;3;0;2;1;1;A01
2,016E+11;1;7;0;0;2;1;20;A01
2,016E+11;0;30;0;0;2;2;1;B01
2,016E+11;0;7;0;0;2;1;9;A01
2,016E+11;0;1;0;0;2;7;1;B01
2,016E+11;1;7;0;0;2;4;2;B01
2,016E+11;1;7;0;0;2;1;2;A01
2,016E+11;1;7;0;0;2;3;15;B01
2,016E+11;0;1;0;0;2;8;19;A01
2,016E+11;1;7;0;0;1;4;4;A01
2,016E+11;1;33;0;13;0;7;0;A01
2,016E+11;1;7;0;0;2;1;15;A01
2,016E+11;2;7;0;0;2;1;1;B01
2,016E+11;0;33;0;0;2;1;17;B01
2,016E+11;0;7;0;0;2;8;10;A01
2,016E+11;1;33;0;0;2;1;1;A01
2,016E+11;2;7;0;0;2;1;23;B01
2,016E+11;2;1;0;0;2;7;1;B01
2,016E+11;2;7;0;0;2;1;9;A01
2,016E+11;1;7;0;2;2;1;1;A01
2,016E+11;2;7;0;3;0;2;1;A01
2,016E+11;0;7;0;2;0;1;1;A01
2,016E+11;2;7;0;0;1;1;15;A01
2,016E+11;2;1;0;0;2;1;1;B01
2,016E+11;2;7;0;0;2;2;16;A01
2,016E+11;2;7;0;0;0;0;16;A01
2,016E+11;1;30;0;0;0;0;21;B01
2,016E+11;2;37;10;0;1;1;1;A01
2,016E+11;1;7;0;9;0;1;1;A01
2,016E+11;2;7;0;0;2;1;2;A01
2,016E+11;2;7;0;0;2;4;2;B01
2,016E+11;1;33;0;0;2;1;18;A01
2,016E+11;0;7;0;1;2;8;20;B01
2,016E+11;0;10;0;0;1;4;4;A01
2,016E+11;2;7;0;3;0;1;1;A01
2,016E+11;1;7;0;3;0;9;1;A01
2,016E+11;2;7;0;0;2;4;2;C01
2,016E+11;2;17;0;0;2;1;2;A01
2,016E+11;2;7;0;0;2;4;2;B01
2,016E+11;0;7;0;0;2;3;16;A01
2,016E+11;0;7;0;0;2;1;1;B01
2,016E+11;1;10;0;0;2;1;1;B01
2,016E+11;1;7;0;0;2;4;12;A01
2,016E+11;1;7;0;0;2;4;2;B01
2,016E+11;1;7;0;0;2;1;2;A01
2,016E+11;1;7;0;0;2;4;23;C01
2,016E+11;1;7;0;0;2;4;23;D01
2,016E+11;0;7;0;0;2;1;2;A01
2,016E+11;0;7;0;0;2;4;23;C01
2,016E+11;0;7;0;0;2;4;23;B01
2,016E+11;0;30;0;16;0;7;1;A01
2,016E+11;0;30;0;0;2;0;1;B01
2,016E+11;0;30;0;0;2;1;1;A01
2,016E+11;0;7;0;0;2;1;1;B01
2,016E+11;0;7;0;0;2;1;15;A01
2,016E+11;0;33;0;16;0;8;1;A01
2,016E+11;0;7;0;0;1;1;1;A01
2,016E+11;2;7;0;0;2;7;1;A01
2,016E+11;2;7;0;0;2;1;1;B01
2,016E+11;1;37;12;0;1;1;1;A01
2,016E+11;1;7;0;0;2;1;2;A01
2,016E+11;1;7;0;0;2;4;23;B01
2,016E+11;1;1;0;0;2;4;1;B01
2,016E+11;1;7;0;0;2;3;13;A01
2,016E+11;2;7;0;16;0;0;16;A01
2,016E+11;1;7;0;0;2;1;2;A01
2,016E+11;1;7;0;0;2;4;23;B01
2,016E+11;1;7;0;0;1;2;17;A01
2,016E+11;0;1;0;0;1;1;1;A01
2,016E+11;2;7;0;8;0;1;1;A01
2,016E+11;2;7;0;11;0;1;1;A01
2,016E+11;2;1;0;0;2;8;15;A01
2,016E+11;2;7;0;0;2;1;1;B01
2,016E+11;1;7;0;0;2;2;9;A01
2,016E+11;1;1;0;0;2;7;1;B01
2,016E+11;1;7;0;0;2;4;2;B01
2,016E+11;1;7;0;0;2;4;2;C01
2,016E+11;1;7;0;0;2;1;2;A01
2,016E+11;0;7;0;7;0;1;1;A01
2,016E+11;2;7;0;8;2;7;1;B01
2,016E+11;1;10;0;1;2;2;9;A01
2,016E+11;0;30;0;16;0;0;15;A01
2,016E+11;1;7;0;0;2;1;1;A01
2,016E+11;1;33;0;0;2;4;23;B01
2,016E+11;0;7;0;0;2;4;23;C01
2,016E+11;1;1;0;0;2;1;1;B01
2,016E+11;2;7;0;0;2;1;15;A01
2,016E+11;1;7;0;0;2;7;15;A01
2,016E+11;2;31;0;0;2;1;1;B01
2,016E+11;0;10;0;6;0;1;1;A01
2,016E+11;2;7;0;0;2;2;20;A01
2,016E+11;2;30;0;0;2;1;1;B01
2,016E+11;1;7;0;0;2;1;2;A01
2,016E+11;1;10;0;0;2;4;2;B01
2,016E+11;1;7;0;0;1;4;4;A01
2,016E+11;2;33;0;1;0;1;1;A01
2,016E+11;2;7;0;0;2;2;15;A01
2,016E+11;1;30;0;0;2;1;1;B01
2,016E+11;0;7;0;0;2;2;1;B01
2,016E+11;0;7;0;0;2;1;1;A01
2,016E+11;1;7;0;0;2;1;1;A01
2,016E+11;2;7;0;0;2;1;1;C01
2,016E+11;1;10;0;0;2;6;2;B01
2,016E+11;2;7;0;0;2;2;16;A01
2,016E+11;2;1;0;0;2;0;1;B01
2,016E+11;1;7;0;0;2;4;2;B01
2,016E+11;1;10;0;0;2;1;2;A01
2,016E+11;1;7;0;8;0;1;1;A01
2,016E+11;0;10;0;0;1;4;4;A01
2,016E+11;1;31;0;0;2;1;1;B01
2,016E+11;1;1;0;0;2;8;9;A01
2,016E+11;2;7;0;7;0;1;1;A01
2,016E+11;2;7;0;0;2;1;2;A01
2,016E+11;2;7;0;0;2;4;23;B01
2,016E+11;1;10;0;0;1;1;16;A01
2,016E+11;0;7;0;0;2;1;2;A01
2,016E+11;2;7;0;0;2;4;23;B01
2,016E+11;1;7;0;13;2;1;1;A01
2,016E+11;1;7;0;0;2;4;1;B01
2,016E+11;2;10;0;0;2;1;1;C01
2,016E+11;2;7;0;0;2;2;1;B01
2,016E+11;2;10;0;0;2;6;9;A01
2,016E+11;2;7;0;0;2;6;1;B01
2,016E+11;2;33;0;0;2;1;14;A01
2,016E+11;1;7;0;0;2;1;1;B01
2,016E+11;2;7;0;0;2;1;15;A01
2,016E+11;2;7;0;0;2;3;15;A01
2,016E+11;1;33;0;0;2;1;1;B01
2,016E+11;1;37;10;0;1;5;15;A01
2,016E+11;1;7;0;0;2;1;1;B01
2,016E+11;2;7;0;0;2;1;13;A01
2,016E+11;1;7;0;0;2;1;1;B01
2,016E+11;1;7;0;0;2;7;1;A01
2,016E+11;2;7;0;9;0;1;1;A01
2,016E+11;1;10;0;0;2;1;2;A01
2,016E+11;1;7;0;0;2;4;2;B01
2,016E+11;2;7;0;0;1;1;1;A01
2,016E+11;2;7;0;13;0;0;1;A01
2,016E+11;1;31;0;0;2;8;0;A01
2,016E+11;1;7;0;0;2;7;0;B01
2,016E+11;1;1;0;0;2;8;19;A01
2,016E+11;1;7;0;0;2;1;1;B01
2,016E+11;0;7;0;0;2;1;2;A01
2,016E+11;1;7;0;0;2;4;23;B01
2,016E+11;2;30;0;0;1;1;7;A01
2,016E+11;1;7;0;0;2;1;16;A01
2,016E+11;2;30;0;0;2;1;1;B01
2,016E+11;1;7;0;3;0;1;1;A01
2,016E+11;1;7;0;0;2;1;9;A01
2,016E+11;1;31;0;0;2;4;1;B01
2,016E+11;2;7;0;0;2;7;16;A01
2,016E+11;2;1;0;0;2;1;1;B01
2,016E+11;2;1;0;0;2;1;1;B01
2,016E+11;2;7;0;0;2;5;4;A01
2,016E+11;0;1;0;0;2;3;15;A01
2,016E+11;0;7;0;0;2;1;1;B01
2,016E+11;1;30;0;0;2;1;2;A01
2,016E+11;1;7;0;0;2;4;2;B01
2,016E+11;0;1;0;0;2;1;1;B01
2,016E+11;0;7;0;0;2;3;22;A01
2,016E+11;1;7;0;0;2;1;5;A01
2,016E+11;1;10;0;0;2;1;1;B01
2,016E+11;1;7;0;0;2;4;2;B01
2,016E+11;1;30;0;0;2;1;2;A01
2,016E+11;0;1;0;0;2;7;1;B01
2,016E+11;0;7;0;0;2;3;9;A01
2,016E+11;2;7;0;0;2;1;1;B01
2,016E+11;1;7;0;0;2;3;13;A01
2,016E+11;2;1;0;0;2;1;1;B01
2,016E+11;1;7;0;0;2;3;15;A01
2,016E+11;0;1;0;0;2;1;19;A01
2,016E+11;1;7;0;0;2;2;1;B01
2,016E+11;2;7;0;0;2;1;15;A01
2,016E+11;1;7;0;0;2;1;1;B01
2,016E+11;0;30;0;12;0;1;1;A01
2,016E+11;1;30;0;16;0;0;1;A01
2,016E+11;2;1;0;0;2;0;1;B01
2,016E+11;2;7;0;0;2;0;16;A01
2,016E+11;1;10;0;0;2;1;1;A01
2,016E+11;2;7;0;0;2;2;15;B01
2,016E+11;2;33;0;8;0;1;1;A01
2,016E+11;1;14;0;0;2;1;16;A01
2,016E+11;1;1;0;0;2;0;1;B01
2,016E+11;1;7;0;0;2;1;1;A01
2,016E+11;1;7;0;0;2;4;1;B01
2,016E+11;2;7;0;0;2;4;2;B01
2,016E+11;2;7;0;0;2;4;23;D01
2,016E+11;2;7;0;0;2;1;2;A01
2,016E+11;2;7;0;0;2;4;23;C01
2,016E+11;1;7;0;0;1;1;1;A01
2,016E+11;0;1;0;0;2;4;1;B01
2,016E+11;0;7;0;0;2;1;9;A01
2,016E+11;0;7;0;1;0;1;4;A01
2,016E+11;0;30;0;0;2;1;18;A01
2,016E+11;0;7;0;0;2;5;16;B01
2,016E+11;0;7;0;0;2;7;15;A01
2,016E+11;0;33;0;0;2;1;1;B01
2,016E+11;1;7;0;0;1;4;20;A01
2,016E+11;1;7;0;0;2;1;9;A01
2,016E+11;0;7;0;0;0;0;0;B01
2,016E+11;1;7;0;0;2;1;1;A01
2,016E+11;1;7;0;0;2;4;0;B01
2,016E+11;0;7;0;0;2;2;16;A01
2,016E+11;0;1;0;0;2;1;1;C01
2,016E+11;0;1;0;0;2;1;1;B01
2,016E+11;1;7;0;0;2;1;1;A01
2,016E+11;1;33;0;0;2;4;23;B01
2,016E+11;0;33;0;0;2;1;1;B01
2,016E+11;0;7;0;0;2;3;15;A01
2,016E+11;0;7;0;0;2;1;17;A01
2,016E+11;0;7;0;0;2;0;16;B01
2,016E+11;0;7;0;0;1;1;15;A01
2,016E+11;1;30;0;0;2;1;1;B01
2,016E+11;1;7;0;0;2;7;16;A01
2,016E+11;0;10;0;0;2;1;1;B01
2,016E+11;0;7;0;0;2;8;1;A01
2,016E+11;1;10;0;0;2;2;23;B01
2,016E+11;1;7;0;15;2;1;1;A01
2,016E+11;0;33;0;0;0;0;1;A01
2,016E+11;0;15;0;0;2;7;17;A01
2,016E+11;0;1;0;0;2;8;1;B01
2,016E+11;0;7;0;0;1;1;1;A01
2,016E+11;0;7;0;0;2;4;0;B01
2,016E+11;0;7;0;0;2;1;1;A01
2,016E+11;0;1;0;0;0;0;1;B01
2,016E+11;0;14;0;0;2;2;16;A01
2,016E+11;0;7;0;0;2;7;16;A01
2,016E+11;0;2;0;0;2;1;1;B01
2,016E+11;0;7;0;0;2;3;9;A01
2,016E+11;0;1;0;0;2;1;1;B01
2,016E+11;0;7;0;0;2;3;15;A01
2,016E+11;0;7;0;0;2;1;1;B01
2,016E+11;0;33;0;0;2;3;1;B01
2,016E+11;0;7;0;0;2;7;16;A01
2,016E+11;1;31;0;0;2;3;1;B01
2,016E+11;1;7;0;0;2;3;11;A01
2,016E+11;0;38;1;0;2;3;1;B01
2,016E+11;0;7;0;0;2;1;1;A01
2,016E+11;0;7;0;0;2;4;1;B01
2,016E+11;0;7;0;0;2;1;1;A01
2,016E+11;0;2;0;0;2;1;1;B01
2,016E+11;0;7;0;0;2;2;9;A01
2,016E+11;0;7;0;0;2;1;0;A01
2,016E+11;0;7;0;0;2;7;0;B01
2,016E+11;0;1;0;0;2;1;1;A01
2,016E+11;0;7;0;0;2;2;9;B01
2,016E+11;0;7;0;0;2;6;16;B01
2,016E+11;0;2;0;0;2;1;1;A01
2,016E+11;1;7;0;0;2;4;1;D01
2,016E+11;1;7;0;0;2;4;1;B01
2,016E+11;1;7;0;0;2;4;1;C01
2,016E+11;1;10;0;0;2;1;1;A01
2,016E+11;0;2;0;0;2;1;1;B01
2,016E+11;0;7;0;0;2;3;5;A01
2,016E+11;0;7;0;6;0;1;1;A01
2,016E+11;0;1;0;0;2;8;19;A01
2,016E+11;0;37;50;0;2;2;1;B01
2,016E+11;0;7;0;1;0;1;1;A01
2,016E+11;0;7;0;1;0;1;1;A01
2,016E+11;0;30;0;0;2;1;1;B01
2,016E+11;0;10;0;0;2;6;1;A01
2,016E+11;0;1;0;0;2;7;1;B01