Num_Acc;senc;catv;occutc;obs;obsm;choc;manv;num_veh
2,016E+11;0;7;0;0;2;1;9;A01
2,016E+11;0;7;0;0;2;2;12;A01
2,016E+11;0;30;0;0;2;0;0;B01
2,016E+11;0;7;0;0;2;3;15;A01
2,016E+11;0;7;0;0;2;7;14;B01
2,016E+11;2;7;0;0;2;4;2;B01
2,016E+11;2;7;0;0;2;1;2;A01
2,016E+11;0;7;0;0;2;2;1;B01
2,016E+11;0;7;0;0;2;3;9;A01
2,016E+11;0;7;0;0;2;4;23;B01
2,016E+11;0;10;0;0;2;1;2;A01
2,016E+11;0;1;0;0;2;8;7;A01
2,016E+11;0;37;1;0;2;7;7;B01
2,016E+11;0;7;0;0;2;8;1;B01
2,016E+11;0;7;0;0;2;1;1;A01
2,016E+11;0;7;0;0;1;1;1;A01
2,016E+11;0;7;0;12;0;1;1;A01
2,016E+11;0;2;0;8;0;1;1;A01
2,016E+11;2;7;0;0;2;4;2;B01
2,016E+11;2;7;0;0;2;1;2;A01
2,016E+11;0;7;0;0;2;3;9;A01
2,016E+11;0;1;0;0;2;3;1;B01
2,016E+11;0;7;0;0;2;7;1;B01
2,016E+11;0;1;0;0;2;1;1;A01
2,016E+11;0;7;0;0;2;1;9;A01
2,016E+11;0;33;0;0;2;7;1;B01
2,016E+11;0;1;0;0;2;1;1;B01
2,016E+11;0;7;0;0;2;1;15;A01
2,016E+11;0;7;0;0;2;4;2;B01
2,016E+11;0;7;0;0;2;4;2;C01
2,016E+11;0;7;0;0;2;1;2;A01
2,016E+11;1;7;0;13;0;9;1;A01
2,016E+11;1;7;0;0;2;4;23;D01
2,016E+11;1;7;0;0;2;4;23;B01
2,016E+11;1;17;0;0;2;1;2;A01
2,016E+11;1;7;0;0;2;4;23;C01
2,016E+11;0;33;0;0;0;0;1;B01
2,016E+11;0;7;0;0;2;7;22;A01
2,016E+11;0;7;0;0;2;1;1;A01
2,016E+11;0;7;0;0;2;4;1;B01
2,016E+11;0;7;0;0;2;4;1;C01
2,016E+11;0;1;0;0;0;1;1;B01
2,016E+11;0;7;0;0;2;5;15;A01
2,016E+11;0;7;0;0;2;1;0;A01
2,016E+11;0;7;0;0;2;7;0;B01
2,016E+11;0;1;0;0;2;7;1;B01
2,016E+11;0;7;0;0;2;1;15;A01
2,016E+11;0;7;0;0;2;5;15;A01
2,016E+11;0;2;0;0;2;1;1;B01
2,016E+11;0;7;0;0;2;4;1;B01
2,016E+11;0;7;0;0;2;1;1;A01
2,016E+11;0;7;0;0;2;1;15;Z01
2,016E+11;0;1;0;0;0;0;1;B01
2,016E+11;0;7;0;1;0;1;1;A01
2,016E+11;0;7;0;0;0;4;24;B01
2,016E+11;0;10;0;0;1;0;16;A01
2,016E+11;0;7;0;0;2;1;1;B01
2,016E+11;0;7;0;0;2;1;1;A01
2,016E+11;0;7;0;0;2;3;1;B01
2,016E+11;0;7;0;0;2;2;9;A01
2,016E+11;0;7;0;0;1;1;15;A01
2,016E+11;0;7;0;0;0;9;1;A01
2,016E+11;1;7;0;13;0;1;1;A01
2,016E+11;0;1;0;0;2;1;1;B01
2,016E+11;0;30;0;0;2;1;13;A01
2,016E+11;0;7;0;0;1;1;1;A01
2,016E+11;0;10;0;0;2;4;23;B01
2,016E+11;0;7;0;0;2;1;0;A01
2,016E+11;2;10;0;0;2;1;1;A01
2,016E+11;2;7;0;0;2;0;1;B01
2,016E+11;2;10;0;0;2;4;1;C01
2,016E+11;2;10;0;0;2;4;1;D01
2,016E+11;2;37;0;0;1;2;20;A01
2,016E+11;0;7;0;0;2;1;1;B01
2,016E+11;0;1;0;0;2;7;1;A01
2,016E+11;0;7;0;2;0;1;1;A01
2,016E+11;2;21;0;0;2;1;2;A01
2,016E+11;2;7;0;0;2;4;2;B01
2,016E+11;2;7;0;0;2;0;0;D01
2,016E+11;2;7;0;0;2;4;2;C01
2,016E+11;0;7;0;0;1;1;15;A01
2,016E+11;0;7;0;0;1;0;1;A01
2,016E+11;1;10;0;0;2;1;2;A01
2,016E+11;1;7;0;0;2;1;23;C01
2,016E+11;1;7;0;0;2;4;23;B01
2,016E+11;0;7;0;0;2;1;1;B01
2,016E+11;0;7;0;0;2;8;9;A01
2,016E+11;2;7;0;0;2;8;1;B01
2,016E+11;2;16;0;0;2;7;12;A01
2,016E+11;1;7;0;13;0;0;1;A01
2,016E+11;0;7;0;0;2;5;5;A01
2,016E+11;0;10;0;0;2;3;1;B01
2,016E+11;2;7;0;0;2;4;2;B01
2,016E+11;0;7;0;0;2;1;2;A01
2,016E+11;2;10;0;0;2;1;2;A01
2,016E+11;2;7;0;0;2;4;0;B01
2,016E+11;2;7;0;13;0;8;16;A01
2,016E+11;1;7;0;10;2;8;11;A01
2,016E+11;1;15;0;0;2;2;1;B01
2,016E+11;0;7;0;0;2;7;16;A01
2,016E+11;0;7;0;0;2;8;1;B01
2,016E+11;0;33;0;0;2;1;23;B01
2,016E+11;0;10;0;0;2;4;4;A01
2,016E+11;1;7;0;13;0;1;16;A01
2,016E+11;2;10;0;0;2;4;2;C01
2,016E+11;2;7;0;0;2;1;2;A01
2,016E+11;2;7;0;0;2;4;2;B01
2,016E+11;0;7;0;0;2;0;1;A01
2,016E+11;0;7;0;14;2;0;0;B01
2,016E+11;0;2;0;1;0;1;1;A01
2,016E+11;1;10;0;0;2;1;2;A01
2,016E+11;1;7;0;0;2;4;2;C01
2,016E+11;1;7;0;0;2;4;2;B01
2,016E+11;1;33;0;3;0;7;1;A01
2,016E+11;0;2;0;0;2;1;1;B01
2,016E+11;2;7;0;0;2;1;15;A01
2,016E+11;1;33;0;0;1;1;1;A01
2,016E+11;0;33;0;0;0;1;21;A01
2,016E+11;1;10;0;0;2;6;15;A01
2,016E+11;1;7;0;0;2;2;1;B01
2,016E+11;2;2;0;1;0;1;1;A01
2,016E+11;2;7;0;0;2;8;1;B01
2,016E+11;1;2;0;0;2;1;1;A01
2,016E+11;2;1;0;0;2;8;2;B01
2,016E+11;2;7;0;0;2;7;2;A01
2,016E+11;1;7;0;0;2;4;1;B01
2,016E+11;1;30;0;0;2;1;2;A01
2,016E+11;1;7;0;0;2;4;2;B01
2,016E+11;1;1;0;0;2;1;2;A01
2,016E+11;0;1;0;0;2;1;1;B01
2,016E+11;0;7;0;0;2;1;15;A01
2,016E+11;2;7;0;11;0;2;1;A01
2,016E+11;1;1;0;0;2;1;1;B01
2,016E+11;1;7;0;0;2;5;16;A01
2,016E+11;1;2;0;0;2;1;8;A01
2,016E+11;2;2;0;0;2;1;7;B01
2,016E+11;0;7;0;0;2;6;1;A01
2,016E+11;0;1;0;0;0;0;1;B01
2,016E+11;1;7;0;8;0;1;1;A01
2,016E+11;0;7;0;0;6;1;21;A01
2,016E+11;0;1;0;1;0;7;1;B01
2,016E+11;0;7;0;0;2;8;24;A01
2,016E+11;0;7;0;11;0;1;1;A01
2,016E+11;0;1;0;0;2;0;21;A01
2,016E+11;0;7;0;0;0;0;23;B01
2,016E+11;1;7;0;0;2;4;23;B01
2,016E+11;1;7;0;0;2;1;1;A01
2,016E+11;1;7;0;0;2;4;23;E01
2,016E+11;1;7;0;0;2;4;23;C01
2,016E+11;1;7;0;0;2;9;23;D01
2,016E+11;1;7;0;0;2;4;23;B01
2,016E+11;1;7;0;0;2;1;1;A01
2,016E+11;0;2;0;14;0;1;21;A01
2,016E+11;0;7;0;0;1;1;1;A01
2,016E+11;0;7;0;3;0;3;1;A01
2,016E+11;0;7;0;9;0;1;1;A01
2,016E+11;1;1;0;0;2;7;1;B01
2,016E+11;1;7;0;0;2;0;9;A01
2,016E+11;2;7;0;0;0;9;1;A01
2,016E+11;1;7;0;0;0;0;1;A01
2,016E+11;2;33;0;12;0;0;21;B01
2,016E+11;1;7;0;0;2;0;0;A01
2,016E+11;1;7;0;0;2;0;0;C01
2,016E+11;1;7;0;0;2;0;0;B01
2,016E+11;0;10;0;0;2;1;2;A01
2,016E+11;0;7;0;0;2;4;23;B01
2,016E+11;0;7;0;0;1;0;15;A01
2,016E+11;0;33;0;8;0;1;21;A01
2,016E+11;0;30;0;0;0;1;1;A01
2,016E+11;1;7;0;3;0;1;1;A01
2,016E+11;0;7;0;0;2;7;15;A01
2,016E+11;0;10;0;0;2;1;1;B01
2,016E+11;0;7;0;3;0;0;13;A01
2,016E+11;0;7;0;0;2;1;2;C01
2,016E+11;0;7;0;0;2;1;2;D01
2,016E+11;0;7;0;0;2;4;2;B01
2,016E+11;0;7;0;0;2;1;2;A01
2,016E+11;0;2;0;14;0;0;0;A01
2,016E+11;1;7;0;0;2;1;2;A01
2,016E+11;1;7;0;0;2;4;2;B01
2,016E+11;0;7;0;0;2;2;0;B01
2,016E+11;0;7;0;0;2;1;0;A01
2,016E+11;0;1;0;0;2;1;21;A01
2,016E+11;0;7;0;0;2;1;0;A01
2,016E+11;0;7;0;0;2;1;0;B01
2,016E+11;0;1;0;0;2;1;1;A01
2,016E+11;0;7;0;0;2;7;1;B01
2,016E+11;0;1;0;0;0;0;21;A01
2,016E+11;0;2;0;0;0;0;1;A01
2,016E+11;0;21;0;0;2;1;23;B01
2,016E+11;0;7;0;0;2;1;1;A01
2,016E+11;1;7;0;0;1;1;1;A01
2,016E+11;0;10;0;0;1;3;1;A01
2,016E+11;0;7;0;0;2;1;2;A01
2,016E+11;0;7;0;0;2;4;23;B01
2,016E+11;2;7;0;0;2;4;2;B01
2,016E+11;2;7;0;0;2;1;2;A01
2,016E+11;2;7;0;0;2;4;1;B01
2,016E+11;2;7;0;0;2;4;1;D01
2,016E+11;2;7;0;0;2;1;2;A01
2,016E+11;2;7;0;0;2;4;1;C01
2,016E+11;2;10;0;0;2;4;1;B01
2,016E+11;2;7;0;0;2;1;2;A01
2,016E+11;0;1;0;0;0;0;0;A01
2,016E+11;0;1;0;0;2;4;1;B01
2,016E+11;2;7;0;0;2;2;16;A01
2,016E+11;0;7;0;0;2;2;13;A01
2,016E+11;0;7;0;0;2;1;1;B01
2,016E+11;1;7;0;0;2;4;23;A01
2,016E+11;1;7;0;0;2;4;23;C01
2,016E+11;1;7;0;0;2;4;23;B01
2,016E+11;0;31;0;0;1;1;1;A01
2,016E+11;1;14;0;0;1;0;0;A01
2,016E+11;1;7;0;8;2;2;1;A01
2,016E+11;0;7;0;0;2;1;1;B01
2,016E+11;0;7;0;0;2;1;1;B01
2,016E+11;0;7;0;1;2;7;1;A01
2,016E+11;0;7;0;0;2;5;1;A01
2,016E+11;0;7;0;0;2;1;1;B01
2,016E+11;1;7;0;0;2;4;9;A01
2,016E+11;0;33;0;0;2;1;21;B01
2,016E+11;0;2;0;0;2;7;1;B01
2,016E+11;0;7;0;0;2;1;9;A01
2,016E+11;0;7;0;2;0;2;1;A01
2,016E+11;0;2;0;0;0;0;1;A01
2,016E+11;2;7;0;0;2;4;2;B01
2,016E+11;2;7;0;0;2;1;2;A01
2,016E+11;2;7;0;0;2;4;2;C01
2,016E+11;1;2;0;0;2;1;1;B01
2,016E+11;1;7;0;0;2;3;15;A01
2,016E+11;0;1;0;0;2;8;19;B01
2,016E+11;0;7;0;0;2;1;1;A01
2,016E+11;1;7;0;0;2;2;1;A01
2,016E+11;0;1;0;0;2;4;1;B01
2,016E+11;2;7;0;0;2;1;2;A01
2,016E+11;2;7;0;0;2;4;2;C01
2,016E+11;2;7;0;0;2;4;2;B01
2,016E+11;2;7;0;0;2;4;23;D01
2,016E+11;2;7;0;0;2;7;0;B01
2,016E+11;2;7;0;0;2;1;0;A01
2,016E+11;1;7;0;0;1;1;1;A01
2,016E+11;0;1;0;0;2;1;1;B01
2,016E+11;0;7;0;0;2;7;16;A01
2,016E+11;0;7;0;13;0;8;16;A01
2,016E+11;0;7;0;3;0;0;1;A01
2,016E+11;2;7;0;0;2;1;2;A01
2,016E+11;2;10;0;0;2;6;1;B01
2,016E+11;2;7;0;0;2;4;1;C01
2,016E+11;0;7;0;0;2;0;1;B01
2,016E+11;0;7;0;0;2;0;10;A01
2,016E+11;0;7;0;0;2;0;1;C01
2,016E+11;0;7;0;0;2;5;16;A01
2,016E+11;0;1;0;0;2;1;1;B01
2,016E+11;2;33;0;0;2;1;1;B01
2,016E+11;2;7;0;0;2;8;11;A01
2,016E+11;0;14;0;0;2;1;2;A01
2,016E+11;0;10;0;0;2;4;23;B01
2,016E+11;0;7;0;0;2;4;23;C01
2,016E+11;0;7;0;0;2;4;23;D01
2,016E+11;0;7;0;0;2;8;1;B01
2,016E+11;0;7;0;0;2;1;9;A01
2,016E+11;0;2;0;0;0;0;1;A01
2,016E+11;0;33;0;0;2;1;1;A01
2,016E+11;0;7;0;0;2;2;15;B01
2,016E+11;2;7;0;3;0;1;1;A01
2,016E+11;0;7;0;0;2;0;15;A01
2,016E+11;0;7;0;0;2;1;1;B01
2,016E+11;0;2;0;14;0;1;1;A01
2,016E+11;0;7;0;0;1;1;1;A01
2,016E+11;0;7;0;0;2;1;2;C01
2,016E+11;0;7;0;0;2;1;2;D01
2,016E+11;0;7;0;0;2;1;2;A01
2,016E+11;0;7;0;0;2;4;2;B01
2,016E+11;0;1;0;14;0;1;1;A01
2,016E+11;0;33;0;0;2;1;15;A01
2,016E+11;0;7;0;0;2;7;15;B01
2,016E+11;0;7;0;0;2;1;1;B01
2,016E+11;0;7;0;0;2;5;15;A01
2,016E+11;0;7;0;0;2;7;1;B01
2,016E+11;0;2;0;0;2;3;11;A01
2,016E+11;0;1;0;0;2;0;1;B01
2,016E+11;0;7;0;0;2;3;9;A01
2,016E+11;0;7;0;0;1;1;1;A01
2,016E+11;0;10;0;0;1;1;10;A01
2,016E+11;0;7;0;0;1;1;1;A01
2,016E+11;1;7;0;0;2;7;15;A01
2,016E+11;1;7;0;0;0;0;0;Z01
2,016E+11;0;31;0;0;2;1;1;A01
2,016E+11;0;7;0;0;2;4;1;B01
2,016E+11;0;7;0;0;1;1;1;A01
2,016E+11;0;7;0;0;1;1;1;A01
2,016E+11;1;7;0;0;2;0;1;A01
2,016E+11;1;7;0;0;0;1;1;Z01
2,016E+11;2;7;0;0;2;1;1;A01
2,016E+11;2;7;0;0;2;4;23;C01
2,016E+11;2;10;0;0;2;4;23;E01
2,016E+11;2;7;0;0;2;4;23;D01
2,016E+11;2;7;0;0;2;4;23;B01
2,016E+11;0;1;0;0;1;1;1;A01
2,016E+11;0;13;0;0;1;0;0;A01
2,016E+11;0;7;0;0;2;3;9;A01
2,016E+11;0;7;0;8;2;1;1;B01
2,016E+11;0;31;0;8;0;1;1;A01
2,016E+11;1;7;0;0;2;7;0;B01
2,016E+11;1;2;0;0;2;3;13;A01
2,016E+11;0;7;0;0;2;2;24;B01
2,016E+11;0;7;0;0;1;1;1;A01
2,016E+11;2;10;0;0;2;2;15;A01
2,016E+11;1;30;0;0;2;1;1;B01
2,016E+11;1;30;0;0;2;3;1;B01
2,016E+11;1;7;0;0;2;3;15;A01
2,016E+11;0;33;0;0;9;1;1;A01
2,016E+11;0;1;0;0;2;8;15;B01
2,016E+11;2;7;0;0;1;2;1;A01
2,016E+11;2;7;0;0;1;3;15;A01
2,016E+11;1;7;0;0;1;2;16;A01
2,016E+11;1;2;0;0;2;1;1;A01
2,016E+11;1;7;0;0;2;1;15;B01
2,016E+11;2;7;0;1;0;2;1;A01
2,016E+11;2;7;0;0;2;3;15;A01
2,016E+11;1;7;0;0;2;3;1;B01
2,016E+11;1;31;0;0;2;3;1;B01
2,016E+11;2;7;0;0;2;3;5;A01
2,016E+11;2;7;0;0;1;3;1;A01
2,016E+11;1;2;0;0;2;3;18;A01
2,016E+11;1;7;0;0;9;2;2;B01
2,016E+11;1;30;0;0;2;1;2;B01
2,016E+11;1;7;0;0;2;4;4;A01
2,016E+11;0;7;0;0;2;3;0;A01
2,016E+11;0;30;0;0;2;1;0;B01
2,016E+11;0;7;0;0;2;1;1;A01
2,016E+11;0;7;0;0;2;4;1;B01
2,016E+11;0;7;0;2;0;1;13;A01
2,016E+11;2;7;0;0;2;1;2;A01
2,016E+11;2;7;0;0;2;4;2;C01
2,016E+11;2;7;0;0;2;4;2;B01
2,016E+11;0;7;0;0;0;0;0;A01
2,016E+11;0;7;0;0;0;0;0;B01
2,016E+11;1;7;0;0;1;1;1;A01
2,016E+11;1;7;0;0;2;8;9;A01
2,016E+11;1;7;0;0;2;2;15;B01
2,016E+11;0;7;0;0;0;1;0;B01
2,016E+11;0;7;0;0;2;1;0;A01
2,016E+11;0;7;0;0;2;1;0;A01
2,016E+11;0;7;0;0;2;4;0;B01
2,016E+11;1;7;0;6;0;1;9;A01
2,016E+11;0;7;0;0;1;0;0;A01
2,016E+11;0;7;0;0;2;3;5;A01
2,016E+11;0;10;0;0;2;3;5;B01
2,016E+11;0;7;0;0;2;1;5;A01
2,016E+11;0;7;0;0;2;1;1;B01
2,016E+11;0;7;0;0;2;2;1;A01
2,016E+11;0;7;0;0;0;0;0;B01
2,016E+11;0;7;0;0;0;0;0;B01
2,016E+11;0;7;0;0;2;5;19;A01
2,016E+11;0;7;0;1;0;0;0;A01
2,016E+11;0;1;0;0;2;6;13;B01
2,016E+11;0;7;0;0;2;5;1;A01
2,016E+11;0;30;0;0;2;1;17;A01
2,016E+11;0;7;0;0;2;3;15;B01
2,016E+11;0;7;0;0;2;6;9;A01
2,016E+11;0;33;0;0;2;0;0;B01
2,016E+11;0;7;0;6;0;1;1;A01
2,016E+11;0;7;0;0;2;3;20;B01
2,016E+11;0;33;0;1;2;3;17;A01
2,016E+11;0;7;0;13;0;1;1;A01
2,016E+11;0;7;0;8;0;1;1;A01
2,016E+11;0;7;0;0;1;1;1;A01
2,016E+11;0;7;0;0;2;8;15;A01
2,016E+11;0;7;0;0;2;1;1;B01
2,016E+11;0;7;0;0;2;1;1;B01
2,016E+11;0;7;0;0;2;7;15;A01
2,016E+11;0;7;0;0;2;4;2;A01
2,016E+11;0;7;0;0;2;1;2;B01
2,016E+11;0;7;0;0;2;1;2;A01
2,016E+11;0;7;0;0;2;4;2;B01
2,016E+11;0;7;0;0;2;4;2;B01
2,016E+11;0;7;0;0;2;1;2;A01
2,016E+11;0;7;0;0;2;4;2;C01
2,016E+11;0;7;0;0;2;7;17;B01
2,016E+11;0;1;0;0;2;8;1;A01
2,016E+11;0;7;0;16;0;9;1;A01
2,016E+11;0;7;0;0;2;2;15;A01
2,016E+11;0;30;0;0;2;1;1;B01
2,016E+11;0;2;0;0;2;1;1;B01
2,016E+11;0;2;0;0;2;1;1;C01
2,016E+11;0;7;0;0;2;2;19;A01
2,016E+11;0;7;0;0;2;7;1;A01
2,016E+11;0;7;0;0;0;1;1;B01
2,016E+11;0;30;0;0;2;1;1;B01
2,016E+11;0;7;0;0;2;3;15;A01
2,016E+11;0;7;0;0;2;1;13;A01
2,016E+11;0;7;0;0;2;1;1;B01
2,016E+11;0;7;0;0;1;1;0;A01
2,016E+11;0;30;0;0;2;1;1;B01
2,016E+11;0;7;0;0;2;1;1;A01
2,016E+11;0;7;0;0;2;1;2;A01
2,016E+11;0;7;0;0;2;1;2;C01
2,016E+11;0;7;0;0;0;4;2;B01
2,016E+11;0;7;0;1;0;3;1;A01
2,016E+11;0;10;0;0;2;1;2;A01
2,016E+11;0;7;0;0;2;4;15;D01
2,016E+11;0;7;0;0;2;1;2;C01
2,016E+11;0;7;0;0;2;2;2;B01
2,016E+11;0;7;0;8;0;1;1;A01
2,016E+11;0;7;0;0;2;1;19;A01
2,016E+11;0;7;0;0;2;1;19;B01
2,016E+11;0;7;0;0;1;4;20;A01
2,016E+11;1;7;0;0;2;6;1;B01
2,016E+11;0;7;0;0;2;1;13;A01
2,016E+11;0;7;0;0;1;1;0;A01
2,016E+11;0;1;0;0;1;1;1;A01
2,016E+11;0;7;0;0;2;3;1;B01
2,016E+11;0;7;0;0;2;3;13;A01
2,016E+11;0;33;0;0;2;1;1;B01
2,016E+11;0;7;0;0;2;2;10;A01
2,016E+11;0;7;0;8;2;2;1;B01
2,016E+11;0;38;0;0;2;2;20;A01
2,016E+11;0;7;0;0;2;7;15;A01
2,016E+11;0;7;0;0;2;1;1;B01
2,016E+11;0;2;0;9;0;1;1;A01
2,016E+11;0;7;0;0;2;3;19;A01
2,016E+11;0;7;0;0;2;1;1;B01
2,016E+11;0;7;0;0;2;5;19;A01
2,016E+11;0;33;0;0;2;3;1;B01
2,016E+11;0;37;0;0;2;4;1;D01
2,016E+11;0;7;0;0;2;1;1;A01
2,016E+11;0;7;0;0;2;4;1;C01
2,016E+11;0;7;0;0;2;4;1;B01
2,016E+11;0;1;0;0;2;1;1;A01
2,016E+11;0;7;0;0;2;7;1;B01
2,016E+11;0;37;0;0;2;3;1;B01
2,016E+11;0;7;0;0;2;3;13;A01
2,016E+11;0;7;0;0;1;3;1;A01
2,016E+11;0;7;0;0;1;7;1;A01
2,016E+11;0;7;0;0;2;1;1;B01
2,016E+11;0;7;0;0;2;1;1;A01
2,016E+11;1;7;0;0;2;4;2;B01
2,016E+11;1;7;0;0;2;1;2;A01
2,016E+11;1;7;0;0;2;5;15;A01
2,016E+11;1;33;0;0;2;1;1;B01
2,016E+11;0;7;0;0;2;4;23;B01
2,016E+11;0;7;0;0;2;4;23;C01
2,016E+11;0;7;0;0;2;1;1;A01
2,016E+11;0;7;0;0;2;1;1;A01
2,016E+11;0;7;0;0;2;4;1;B01
2,016E+11;0;7;0;0;2;4;1;C01
2,016E+11;2;2;0;0;2;4;2;B01
2,016E+11;2;7;0;0;2;1;2;A01
2,016E+11;1;7;0;0;2;4;2;A01
2,016E+11;1;2;0;0;2;4;2;B01
2,016E+11;1;7;0;0;2;1;2;C01
2,016E+11;1;33;0;0;2;1;17;B01
2,016E+11;1;7;0;0;2;8;10;A01
2,016E+11;0;7;0;0;2;4;2;A01
2,016E+11;0;7;0;0;2;1;2;B01
2,016E+11;0;37;10;0;1;1;1;A01
2,016E+11;0;7;0;0;1;4;4;A01
2,016E+11;0;7;0;0;2;1;1;A01
2,016E+11;0;10;0;0;2;4;0;B01
2,016E+11;0;7;0;13;0;1;1;A01
2,016E+11;1;7;0;0;2;1;1;B01
2,016E+11;2;7;0;0;2;1;1;A01
2,016E+11;0;7;0;0;2;1;1;B01
2,016E+11;0;7;0;0;2;7;1;A01
2,016E+11;0;7;0;0;2;5;1;B01
2,016E+11;0;7;0;0;2;1;9;A01
2,016E+11;2;7;0;0;2;4;2;B01
2,016E+11;2;7;0;0;2;1;2;A01
2,016E+11;2;7;0;0;2;4;2;A01
2,016E+11;2;7;0;0;2;1;2;B01
2,016E+11;0;7;0;0;2;1;1;B01
2,016E+11;0;7;0;0;2;3;9;A01
2,016E+11;0;7;0;13;0;9;1;A01
2,016E+11;0;7;0;0;2;7;9;A01
2,016E+11;0;33;0;0;2;1;1;B01
2,016E+11;0;7;0;0;2;9;1;B01
2,016E+11;0;7;0;0;2;1;1;A01
2,016E+11;0;7;0;0;2;4;1;C01
2,016E+11;0;7;0;0;0;4;1;B01
2,016E+11;0;7;0;0;2;1;16;A01
2,016E+11;0;7;0;0;1;6;4;A01
2,016E+11;0;7;0;0;2;4;1;B01
2,016E+11;0;7;0;0;2;2;1;A01
2,016E+11;1;7;0;0;1;1;0;A01
2,016E+11;2;7;0;0;2;1;0;A01
2,016E+11;2;7;0;0;2;3;1;B01
2,016E+11;0;7;0;0;2;8;13;A01
2,016E+11;0;7;0;0;2;8;1;B01
2,016E+11;0;1;0;0;0;0;1;B01
2,016E+11;0;7;0;0;2;1;1;A01
2,016E+11;0;7;0;6;0;9;1;A01
2,016E+11;0;7;0;0;1;1;1;A01
2,016E+11;0;7;0;0;2;3;1;B01
2,016E+11;0;33;0;0;2;1;1;A01
2,016E+11;0;7;0;1;0;1;1;A01
2,016E+11;0;3;0;7;0;1;1;A01
2,016E+11;0;7;0;1;0;1;1;A01
2,016E+11;0;1;0;8;0;1;1;A01
2,016E+11;0;7;0;0;2;9;1;D01
2,016E+11;0;7;0;0;2;4;1;E01
2,016E+11;0;7;0;0;2;9;1;B01
2,016E+11;0;7;0;0;2;9;1;C01
2,016E+11;0;7;0;0;2;1;1;A01
2,016E+11;0;33;0;4;0;1;1;A01
2,016E+11;0;7;0;0;2;4;2;A01
2,016E+11;0;17;0;0;2;4;1;C01
2,016E+11;0;7;0;0;0;1;0;B01
2,016E+11;0;33;0;0;2;1;1;A01
2,016E+11;0;17;0;0;2;7;1;B01
2,016E+11;2;7;0;0;1;2;1;A01
2,016E+11;0;7;0;0;1;2;1;A01
2,016E+11;0;7;0;0;2;3;16;C01
2,016E+11;0;7;0;0;2;9;13;A01
2,016E+11;0;7;0;0;2;7;13;B01
2,016E+11;0;7;0;0;2;2;1;B01
2,016E+11;0;30;0;0;2;0;16;A01
2,016E+11;0;2;0;0;2;1;1;A01
2,016E+11;0;7;0;0;2;4;1;B01
2,016E+11;0;33;0;4;0;1;16;A01
2,016E+11;0;7;0;1;0;1;19;A01
2,016E+11;0;7;0;0;1;1;1;A01
2,016E+11;0;7;0;0;2;1;1;A01
2,016E+11;0;7;0;0;2;4;15;B01
2,016E+11;0;7;0;12;0;9;1;A01
2,016E+11;0;7;0;2;0;1;1;A01
2,016E+11;0;7;0;0;1;8;1;A01
2,016E+11;0;7;0;0;0;0;0;B01
2,016E+11;0;7;0;0;2;3;1;A01
2,016E+11;0;1;0;0;2;1;1;B01
2,016E+11;0;7;0;0;2;3;15;A01
2,016E+11;0;7;0;0;2;1;1;A01
2,016E+11;0;7;0;0;2;2;1;B01
2,016E+11;0;7;0;8;0;1;1;A01
2,016E+11;0;21;0;0;2;4;0;A01
2,016E+11;0;7;0;0;2;9;1;B01
2,016E+11;0;7;0;0;0;1;0;C01
2,016E+11;0;7;0;0;2;4;1;A01
2,016E+11;0;7;0;0;2;4;23;B01
2,016E+11;0;30;0;0;2;2;15;B01
2,016E+11;0;7;0;0;2;3;9;A01
2,016E+11;0;7;0;13;0;9;1;A01
2,016E+11;1;7;0;0;2;7;15;B01
2,016E+11;1;7;0;0;2;1;1;A01
2,016E+11;0;2;0;0;2;1;1;A01
2,016E+11;0;7;0;0;2;4;20;B01
2,016E+11;2;7;0;13;0;8;0;A01
2,016E+11;0;30;0;14;0;1;1;A01
2,016E+11;0;7;0;0;0;5;1;B01
2,016E+11;0;1;0;0;2;1;1;A01
2,016E+11;0;7;0;11;0;1;1;A01
2,016E+11;1;7;0;4;0;3;17;A01
2,016E+11;0;7;0;0;0;0;9;B01
2,016E+11;0;30;0;0;0;8;16;A01
2,016E+11;1;1;0;12;0;1;1;A01
2,016E+11;1;30;0;0;0;0;1;A01
2,016E+11;1;7;0;1;2;0;0;B01
2,016E+11;1;10;0;0;2;3;0;A01
2,016E+11;0;7;0;12;0;2;1;A01
2,016E+11;0;7;0;0;2;0;2;A01
2,016E+11;0;7;0;0;2;4;1;B01
2,016E+11;0;7;0;0;2;4;1;C01
2,016E+11;0;7;0;0;2;1;1;B01
2,016E+11;;7;0;0;2;1;1;A01
2,016E+11;0;7;0;0;2;1;2;A01
2,016E+11;0;7;0;0;2;4;2;B01
2,016E+11;0;30;0;0;2;1;1;A01
2,016E+11;0;7;0;0;2;5;1;B01
2,016E+11;0;7;0;0;2;1;1;A01
2,016E+11;0;7;0;0;0;4;23;B01
2,016E+11;2;7;0;0;2;1;1;B01
2,016E+11;1;7;0;0;2;3;19;A01
2,016E+11;0;7;0;0;2;3;1;A01
2,016E+11;0;7;0;0;2;2;1;B01
2,016E+11;1;7;0;0;2;1;1;B01
2,016E+11;1;7;0;0;2;4;9;A01
2,016E+11;0;10;0;0;2;3;1;A01
2,016E+11;0;7;0;0;2;2;1;B01
2,016E+11;1;2;0;16;0;8;1;A01
2,016E+11;0;7;0;0;1;1;1;A01
2,016E+11;2;2;0;0;0;1;1;A01
2,016E+11;0;30;0;0;0;0;1;A01