Num_Acc;senc;catv;occutc;obs;obsm;choc;manv;num_veh
2,016E+11;2;1;0;0;2;8;0;B01
2,016E+11;1;7;0;12;0;2;14;A01
2,016E+11;1;7;0;0;2;2;1;A01
2,016E+11;1;1;0;0;2;4;19;B01
2,016E+11;1;7;0;0;1;4;4;A01
2,016E+11;1;7;0;0;2;8;16;A01
2,016E+11;1;31;0;0;2;8;2;B01
2,016E+11;1;7;0;0;1;1;1;A01
2,016E+11;1;7;0;0;1;2;1;Z01
2,016E+11;1;7;0;0;2;2;15;A01
2,016E+11;1;1;0;0;2;8;0;B01
2,016E+11;1;7;0;0;2;1;15;A01
2,016E+11;2;7;0;0;2;1;1;B01
2,016E+11;2;7;0;0;2;1;2;A01
2,016E+11;2;7;0;0;2;4;2;B01
2,016E+11;2;7;0;0;2;4;2;C01
2,016E+11;0;7;0;0;1;0;20;A01
2,016E+11;0;7;0;0;1;0;0;A01
2,016E+11;2;1;0;0;2;1;1;B01
2,016E+11;0;7;0;0;2;3;15;A01
2,016E+11;1;7;0;0;0;9;0;A01
2,016E+11;1;7;0;0;2;1;13;A01
2,016E+11;2;7;0;0;2;1;1;B01
2,016E+11;2;7;0;0;0;3;1;C01
2,016E+11;1;7;0;0;0;0;2;D01
2,016E+11;2;7;0;0;2;3;1;E01
2,016E+11;2;7;0;0;0;0;21;F02
2,016E+11;1;7;0;0;2;1;1;B01
2,016E+11;1;34;0;0;2;0;0;A01
2,016E+11;2;7;0;0;1;1;0;A01
2,016E+11;2;7;0;0;2;1;15;B01
2,016E+11;2;7;0;0;2;1;1;A01
2,016E+11;2;7;0;0;0;0;0;A01
2,016E+11;2;17;0;0;0;0;0;B01
2,016E+11;1;7;0;0;2;1;2;A01
2,016E+11;1;31;0;0;2;1;2;B01
2,016E+11;2;7;0;1;1;7;0;A01
2,016E+11;0;7;0;0;0;0;0;A01
2,016E+11;0;7;0;0;0;0;0;B01
2,016E+11;0;7;0;0;0;0;0;A01
2,016E+11;0;7;0;0;0;0;0;B01
2,016E+11;1;7;0;0;2;1;13;A01
2,016E+11;2;7;0;0;2;1;0;B01
2,016E+11;1;7;0;0;2;1;0;A01
2,016E+11;2;7;0;0;2;1;0;B01
2,016E+11;0;7;0;0;2;1;1;A01
2,016E+11;0;7;0;0;0;0;0;B01
2,016E+11;0;14;0;0;2;7;16;A01
2,016E+11;0;1;0;0;2;0;19;B01
2,016E+11;0;7;0;0;1;1;0;A01
2,016E+11;1;33;0;12;0;8;1;A01
2,016E+11;2;7;0;0;2;6;1;B01
2,016E+11;1;7;0;0;2;1;15;A01
2,016E+11;1;33;0;0;2;3;1;A01
2,016E+11;1;33;0;0;2;4;1;B01
2,016E+11;1;7;0;0;2;2;2;A01
2,016E+11;1;7;0;0;0;3;15;B01
2,016E+11;1;7;0;0;2;1;0;A01
2,016E+11;1;7;0;0;2;4;0;B01
2,016E+11;1;7;0;0;2;1;0;A01
2,016E+11;1;7;0;0;2;6;1;B01
2,016E+11;0;3;0;0;1;1;0;A01
2,016E+11;2;7;0;0;2;1;1;B01
2,016E+11;1;7;0;0;2;3;15;A01
2,016E+11;2;7;0;0;2;1;1;A01
2,016E+11;2;1;0;0;2;0;0;B01
2,016E+11;2;33;0;0;2;1;1;A01
2,016E+11;1;7;0;0;2;2;1;B01
2,016E+11;1;7;0;0;2;3;15;A01
2,016E+11;0;33;0;0;2;1;1;B01
2,016E+11;0;7;0;0;2;2;0;A01
2,016E+11;0;7;0;0;2;3;0;B01
2,016E+11;1;7;0;0;2;1;2;A01
2,016E+11;1;7;0;0;2;4;2;B01
2,016E+11;2;2;0;0;0;1;1;A01
2,016E+11;2;7;0;0;2;1;15;A01
2,016E+11;1;7;0;0;2;3;1;B01
2,016E+11;0;7;0;0;0;6;23;B01
2,016E+11;0;2;0;0;2;1;1;A01
2,016E+11;0;7;0;0;1;1;1;A01
2,016E+11;1;7;0;1;0;9;21;A01
2,016E+11;2;7;0;0;2;1;0;B01
2,016E+11;2;7;0;0;2;2;0;A01
2,016E+11;1;7;0;0;2;4;2;A01
2,016E+11;1;7;0;0;2;4;2;B01
2,016E+11;1;7;0;0;2;1;15;A01
2,016E+11;2;7;0;0;2;1;1;B01
2,016E+11;1;7;0;0;2;1;2;A01
2,016E+11;1;7;0;0;2;4;2;B01
2,016E+11;1;7;0;0;2;4;2;C01
2,016E+11;2;10;0;15;0;1;1;A01
2,016E+11;1;7;0;0;2;8;1;B01
2,016E+11;1;7;0;0;2;1;1;A01
2,016E+11;0;7;0;0;1;1;1;A01
2,016E+11;1;7;0;13;0;1;14;A01
2,016E+11;1;7;0;0;2;4;2;B01
2,016E+11;1;7;0;0;2;4;2;C01
2,016E+11;1;7;0;0;2;1;2;Z01
2,016E+11;0;7;0;0;2;1;0;A01
2,016E+11;0;7;0;0;2;7;0;B01
2,016E+11;0;7;0;0;2;8;0;B01
2,016E+11;0;2;0;0;2;1;15;A01
2,016E+11;1;7;0;0;2;1;2;A01
2,016E+11;1;7;0;0;2;4;2;B01
2,016E+11;1;7;0;0;2;4;0;C01
2,016E+11;1;7;0;0;2;1;2;A01
2,016E+11;1;33;0;0;2;4;0;B01
2,016E+11;1;10;0;0;2;1;2;A01
2,016E+11;1;7;0;0;2;4;1;B01
2,016E+11;2;1;0;0;0;0;0;A01
2,016E+11;0;33;0;0;2;1;2;A01
2,016E+11;0;10;0;0;2;4;23;B01
2,016E+11;2;7;0;0;2;1;13;A01
2,016E+11;1;7;0;0;2;1;1;B01
2,016E+11;2;7;0;0;2;9;1;A01
2,016E+11;2;10;0;0;2;1;2;B01
2,016E+11;1;7;0;0;2;1;1;A01
2,016E+11;1;7;0;0;2;4;2;B01
2,016E+11;1;7;0;0;2;4;2;C01
2,016E+11;2;7;0;6;0;1;0;A01
2,016E+11;0;7;0;0;2;1;2;A01
2,016E+11;0;7;0;0;0;4;1;B01
2,016E+11;0;7;0;0;1;8;0;A01
2,016E+11;0;30;0;0;2;8;7;A01
2,016E+11;0;7;0;0;2;2;16;B01
2,016E+11;1;2;0;0;0;0;0;A01
2,016E+11;0;1;0;0;2;1;1;B01
2,016E+11;0;7;0;0;2;5;15;A01
2,016E+11;0;7;0;0;0;0;0;A01
2,016E+11;0;30;0;0;0;0;0;B01
2,016E+11;1;7;0;13;0;9;1;A01
2,016E+11;2;7;0;2;0;7;1;A01
2,016E+11;0;7;0;0;2;1;2;A01
2,016E+11;0;7;0;0;2;4;2;B01
2,016E+11;1;7;0;0;2;2;2;A01
2,016E+11;2;7;0;0;2;1;2;A01
2,016E+11;2;7;0;0;2;4;0;B01
2,016E+11;1;7;0;0;1;2;1;A01
2,016E+11;1;7;0;0;2;1;0;A01
2,016E+11;1;7;0;0;2;4;2;B01
2,016E+11;1;7;0;0;2;4;0;C01
2,016E+11;1;7;0;0;2;4;2;D01
2,016E+11;1;7;0;0;2;3;13;A01
2,016E+11;2;7;0;0;2;6;1;B01
2,016E+11;1;7;0;0;2;1;1;B01
2,016E+11;2;1;0;0;2;6;0;A01
2,016E+11;1;7;0;0;1;5;1;A01
2,016E+11;0;7;0;8;2;8;1;B01
2,016E+11;0;7;0;0;2;1;19;A01
2,016E+11;1;7;0;0;2;1;1;B01
2,016E+11;1;7;0;0;2;2;1;A01
2,016E+11;1;7;0;0;1;3;15;A01
2,016E+11;0;7;0;0;2;3;15;A01
2,016E+11;0;1;0;0;2;1;1;B01
2,016E+11;0;7;0;0;1;4;4;A01
2,016E+11;2;7;0;0;1;0;15;A01
2,016E+11;2;7;0;12;0;3;13;A01
2,016E+11;2;7;0;0;2;2;1;B01
2,016E+11;2;7;0;0;2;1;1;A01
2,016E+11;2;7;0;0;2;3;13;A01
2,016E+11;1;1;0;0;2;8;0;B01
2,016E+11;2;7;0;11;0;1;0;L01
2,016E+11;1;7;0;0;2;3;0;A01
2,016E+11;1;1;0;0;2;1;0;C01
2,016E+11;1;1;0;0;2;1;0;B01
2,016E+11;1;7;0;0;2;2;1;B01
2,016E+11;1;1;0;0;2;1;1;A01
2,016E+11;1;33;0;0;2;1;2;A01
2,016E+11;1;7;0;0;2;4;2;B01
2,016E+11;2;2;0;0;2;1;1;A01
2,016E+11;2;7;0;0;2;3;16;B01
2,016E+11;0;2;0;0;2;1;13;A01
2,016E+11;0;7;0;0;2;3;1;B01
2,016E+11;1;2;0;0;2;1;2;A01
2,016E+11;1;7;0;0;2;4;0;B01
2,016E+11;1;7;0;13;0;3;1;A01
2,016E+11;1;7;0;13;0;1;1;A01
2,016E+11;0;7;0;0;1;1;0;A01
2,016E+11;0;10;0;0;1;1;0;A01
2,016E+11;2;30;0;0;2;1;0;A01
2,016E+11;2;7;0;0;2;6;0;B01
2,016E+11;0;10;0;0;2;8;15;B01
2,016E+11;0;33;0;0;2;1;17;A01
2,016E+11;0;7;0;0;2;1;15;A01
2,016E+11;0;1;0;0;2;1;0;B01
2,016E+11;1;7;0;0;1;7;0;A01
2,016E+11;2;38;0;0;1;4;4;A01
2,016E+11;2;33;0;1;0;0;1;A01
2,016E+11;2;7;0;0;1;1;0;A01
2,016E+11;0;7;0;0;2;1;15;A01
2,016E+11;0;1;0;0;2;1;1;B01
2,016E+11;0;7;0;0;2;1;0;B01
2,016E+11;0;7;0;0;2;1;13;A01
2,016E+11;2;7;0;0;1;8;0;A01
2,016E+11;1;7;0;0;2;3;13;A01
2,016E+11;2;7;0;0;2;3;0;B01
2,016E+11;0;7;0;0;2;2;0;B01
2,016E+11;0;1;0;0;2;1;0;A01
2,016E+11;0;7;0;0;0;0;0;A01
2,016E+11;1;7;0;0;2;8;23;C01
2,016E+11;0;7;0;0;2;5;0;A01
2,016E+11;2;33;0;0;2;1;0;B01
2,016E+11;1;7;0;0;2;8;0;B01
2,016E+11;2;32;0;0;2;1;13;A01
2,016E+11;2;33;0;0;2;1;13;A01
2,016E+11;1;7;0;0;2;1;0;B01
2,016E+11;0;7;0;2;0;1;0;A01
2,016E+11;0;7;0;0;1;1;0;A01
2,016E+11;2;7;0;0;2;1;2;A01
2,016E+11;2;7;0;0;2;4;2;B01
2,016E+11;2;7;0;0;1;1;0;A01
2,016E+11;0;7;0;0;2;3;1;B01
2,016E+11;0;7;0;0;2;1;15;A01
2,016E+11;2;10;0;0;2;3;1;B01
2,016E+11;1;7;0;0;2;1;1;A01
2,016E+11;0;7;0;6;0;9;1;A01
2,016E+11;0;7;0;0;1;1;0;A01
2,016E+11;0;7;0;0;2;0;1;A01
2,016E+11;0;30;0;0;2;7;0;B01
2,016E+11;0;10;0;0;2;3;15;B01
2,016E+11;0;7;0;0;2;5;17;A01
2,016E+11;0;7;0;0;2;1;1;B01
2,016E+11;0;7;0;0;2;1;13;A01
2,016E+11;0;7;0;0;1;1;0;A01
2,016E+11;0;7;0;6;0;8;0;A01
2,016E+11;0;30;0;0;2;8;1;B01
2,016E+11;0;7;0;0;0;0;9;A01
2,016E+11;0;7;0;0;9;1;0;A01
2,016E+11;0;1;0;0;2;8;1;B01
2,016E+11;0;7;0;0;0;8;1;A01
2,016E+11;0;7;0;0;2;2;15;A01
2,016E+11;0;7;0;0;2;1;1;B01
2,016E+11;0;7;0;0;1;7;1;A01
2,016E+11;0;7;0;0;2;1;2;A01
2,016E+11;0;7;0;0;2;4;1;B01
2,016E+11;0;7;0;0;0;9;1;A01
2,016E+11;0;2;0;0;2;7;1;B01
2,016E+11;0;7;0;0;2;0;15;A01
2,016E+11;0;2;0;0;0;0;1;A01
2,016E+11;0;7;0;0;2;1;1;B01
2,016E+11;0;7;0;0;2;8;1;A01
2,016E+11;0;7;0;0;2;7;1;B01
2,016E+11;0;7;0;0;2;1;1;A01
2,016E+11;0;7;0;0;1;3;1;A01
2,016E+11;0;17;0;16;0;1;0;A01
2,016E+11;0;7;0;0;2;1;1;A01
2,016E+11;0;7;0;0;2;2;1;B01
2,016E+11;0;7;0;16;0;9;1;A01
2,016E+11;0;7;0;0;1;3;17;A01
2,016E+11;0;7;0;8;0;8;1;A01
2,016E+11;0;2;0;8;0;1;1;A01
2,016E+11;0;10;0;0;1;1;15;A01
2,016E+11;0;1;0;0;2;4;1;B01
2,016E+11;0;7;0;0;2;3;9;A01
2,016E+11;0;7;0;0;2;3;16;A01
2,016E+11;0;7;0;0;2;3;1;B01
2,016E+11;0;7;0;8;2;5;0;A01
2,016E+11;0;7;0;0;2;1;1;B01
2,016E+11;0;7;0;0;1;2;1;A01
2,016E+11;0;7;0;0;2;4;2;B01
2,016E+11;0;14;0;0;2;1;1;A01
2,016E+11;0;7;0;0;2;3;20;A01
2,016E+11;0;33;0;0;2;7;1;B01
2,016E+11;0;2;0;0;0;8;1;A01
2,016E+11;0;7;0;0;2;4;2;B01
2,016E+11;0;7;0;0;2;1;1;Z01
2,016E+11;0;2;0;0;0;8;1;A01
2,016E+11;0;7;0;0;2;1;1;B01
2,016E+11;0;7;0;0;2;8;1;A01
2,016E+11;0;2;0;0;2;1;1;A01
2,016E+11;0;7;0;0;2;8;1;B01
2,016E+11;0;2;0;0;2;1;1;B01
2,016E+11;0;7;0;0;2;1;15;A01
2,016E+11;0;7;0;0;2;3;1;B01
2,016E+11;0;7;0;0;2;1;15;A01
2,016E+11;0;7;0;0;2;1;1;A01
2,016E+11;0;7;0;0;2;4;2;B01
2,016E+11;0;7;0;0;2;2;15;A01
2,016E+11;0;7;0;0;2;1;1;B01
2,016E+11;0;7;0;0;1;0;1;A01
2,016E+11;0;7;0;0;2;1;1;A01
2,016E+11;0;7;0;0;2;4;2;B01
2,016E+11;0;1;0;0;2;1;1;B01
2,016E+11;0;7;0;0;2;7;15;A01
2,016E+11;0;7;0;0;2;1;1;B01
2,016E+11;0;7;0;0;2;1;1;A01
2,016E+11;0;33;0;0;2;8;15;B01
2,016E+11;0;7;0;0;2;7;1;A01
2,016E+11;0;31;0;0;2;1;1;B01
2,016E+11;0;7;0;0;2;3;15;A01
2,016E+11;0;7;0;0;2;4;2;C01
2,016E+11;0;7;0;0;2;1;1;A01
2,016E+11;0;7;0;0;2;4;2;B01
2,016E+11;0;2;0;0;2;1;1;A01
2,016E+11;0;2;0;0;2;1;1;B01
2,016E+11;0;7;0;0;2;8;0;C01
2,016E+11;0;7;0;0;2;7;1;A01
2,016E+11;0;7;0;0;2;1;1;B01
2,016E+11;0;2;0;0;0;0;1;A01
2,016E+11;0;7;0;0;2;6;5;B01
2,016E+11;0;3;0;0;2;8;1;A01
2,016E+11;0;2;0;0;2;1;13;A01
2,016E+11;0;7;0;0;2;8;15;B01
2,016E+11;0;7;0;0;2;4;23;A01
2,016E+11;0;7;0;0;2;1;2;B01
2,016E+11;0;7;0;0;2;1;16;A01
2,016E+11;0;7;0;0;2;2;1;B01
2,016E+11;0;7;0;0;1;1;15;A01
2,016E+11;0;7;0;0;2;0;23;B01
2,016E+11;0;2;0;0;2;3;15;A01
2,016E+11;0;7;0;0;2;5;16;A01
2,016E+11;0;2;0;0;2;7;1;B01
2,016E+11;0;7;0;0;2;2;1;B01
2,016E+11;0;10;0;0;2;4;4;A01
2,016E+11;0;7;0;0;2;3;1;B01
2,016E+11;0;1;0;0;2;1;1;A01
2,016E+11;0;10;0;0;2;1;2;A01
2,016E+11;0;7;0;0;2;0;15;C01
2,016E+11;0;10;0;0;2;5;23;B01
2,016E+11;0;7;0;0;2;1;9;A01
2,016E+11;0;2;0;0;2;7;1;B01
2,016E+11;0;33;0;0;2;3;1;B01
2,016E+11;0;7;0;0;2;5;9;A01
2,016E+11;0;7;0;0;2;3;1;A01
2,016E+11;0;7;0;0;2;7;1;B01
2,016E+11;0;7;0;0;2;1;15;A01
2,016E+11;0;7;0;0;2;4;2;B01
2,016E+11;0;7;0;0;2;4;2;C01
2,016E+11;0;7;0;0;2;2;1;B01
2,016E+11;0;7;0;0;2;6;9;A01
2,016E+11;0;7;0;0;2;3;1;A01
2,016E+11;0;7;0;0;2;1;1;B01
2,016E+11;0;7;0;0;2;2;1;B01
2,016E+11;0;7;0;0;2;8;15;A01
2,016E+11;0;7;0;16;0;9;1;A01
2,016E+11;0;7;0;0;2;3;1;A01
2,016E+11;0;10;0;0;2;8;5;B01
2,016E+11;0;7;0;16;0;9;1;A01
2,016E+11;0;7;0;0;1;2;1;A01
2,016E+11;0;7;0;0;2;1;1;A01
2,016E+11;0;7;0;0;2;3;15;B01
2,016E+11;0;7;0;0;2;1;1;B01
2,016E+11;0;2;0;0;2;7;16;A01
2,016E+11;0;7;0;0;2;1;1;A01
2,016E+11;0;7;0;0;2;4;2;B01
2,016E+11;0;7;0;0;2;4;2;C01
2,016E+11;0;7;0;0;1;0;0;A01
2,016E+11;0;7;0;0;2;5;2;B01
2,016E+11;0;16;0;0;2;3;1;A01
2,016E+11;0;7;0;0;2;8;1;B01
2,016E+11;0;7;0;0;2;1;15;A01
2,016E+11;0;7;0;0;2;3;15;B01
2,016E+11;0;31;0;0;2;9;17;A01
2,016E+11;0;7;0;5;0;1;1;A01
2,016E+11;0;7;0;0;2;3;1;A01
2,016E+11;0;31;0;0;2;7;17;B01
2,016E+11;0;2;0;16;0;3;1;A01
2,016E+11;0;7;0;0;1;1;1;A01
2,016E+11;0;7;0;16;0;2;1;A01
2,016E+11;0;7;0;1;0;1;1;A01
2,016E+11;0;7;0;4;0;1;1;A01
2,016E+11;0;7;0;0;2;3;1;A01
2,016E+11;0;7;0;0;2;3;5;B01
2,016E+11;0;7;0;0;2;2;15;A01
2,016E+11;0;1;0;0;2;1;1;B01
2,016E+11;0;7;0;0;2;1;1;A01
2,016E+11;0;7;0;0;2;4;2;B01
2,016E+11;0;2;0;0;2;7;17;A01
2,016E+11;0;7;0;0;2;3;15;B01
2,016E+11;0;2;0;0;2;1;1;A01
2,016E+11;0;7;0;0;2;1;9;B01
2,016E+11;0;1;0;0;2;1;1;B01
2,016E+11;0;10;0;1;2;8;1;A01
2,016E+11;0;2;0;0;2;7;1;A01
2,016E+11;0;2;0;0;2;1;1;B01
2,016E+11;0;7;0;0;2;2;15;A01
2,016E+11;0;7;0;0;1;2;1;A01
2,016E+11;0;33;0;0;2;7;1;B01
2,016E+11;0;7;0;0;2;3;19;A01
2,016E+11;0;33;0;0;2;1;15;B01
2,016E+11;0;99;0;0;2;0;2;A01
2,016E+11;0;7;0;0;1;0;1;A01
2,016E+11;0;7;0;6;0;1;0;A01
2,016E+11;1;7;0;1;1;1;0;A01
2,016E+11;0;7;0;1;0;0;0;B01
2,016E+11;1;7;0;0;0;0;0;B01
2,016E+11;1;7;0;0;2;1;2;A01
2,016E+11;0;7;0;0;2;2;0;B01
2,016E+11;0;33;0;0;2;5;1;A01
2,016E+11;0;3;0;0;2;7;1;A01
2,016E+11;0;7;0;0;2;6;2;B01
2,016E+11;0;10;0;0;1;3;1;A01
2,016E+11;0;7;0;0;1;3;15;A01
2,016E+11;0;7;0;0;2;1;0;A01
2,016E+11;0;7;0;0;2;1;1;C01
2,016E+11;0;7;0;0;2;2;15;B01
2,016E+11;0;1;0;0;2;4;1;B01
2,016E+11;0;7;0;0;2;3;15;A01
2,016E+11;0;7;0;0;2;3;1;A01
2,016E+11;0;7;0;0;2;6;0;B01
2,016E+11;0;30;0;0;2;1;1;B01
2,016E+11;0;7;0;0;9;7;1;A01
2,016E+11;0;7;0;0;1;2;15;A01
2,016E+11;0;7;0;0;2;4;1;B01
2,016E+11;0;7;0;0;2;4;1;C01
2,016E+11;0;7;0;0;2;1;0;A01
2,016E+11;0;7;0;13;0;1;14;A01
2,016E+11;0;7;0;1;0;1;1;A01
2,016E+11;0;7;0;0;0;4;1;B01
2,016E+11;0;2;0;0;0;7;1;A01
2,016E+11;0;32;0;0;2;1;5;A01
2,016E+11;0;7;0;0;2;0;1;B01
2,016E+11;0;7;0;0;2;1;1;B01
2,016E+11;0;7;0;0;2;3;13;A01
2,016E+11;0;7;0;0;1;4;4;A01
2,016E+11;0;7;0;6;0;3;1;A01
2,016E+11;0;7;0;0;0;0;0;A01
2,016E+11;0;7;0;0;0;0;0;A01
2,016E+11;0;7;0;0;2;3;1;A01
2,016E+11;0;30;0;0;2;1;16;B01
2,016E+11;0;7;0;0;2;3;0;A01
2,016E+11;0;7;0;0;2;3;15;B01
2,016E+11;0;7;0;0;2;3;10;A01
2,016E+11;0;2;0;0;2;0;0;B01
2,016E+11;0;7;0;0;9;1;11;A01
2,016E+11;0;7;0;0;2;0;16;A01
2,016E+11;0;1;0;0;2;7;16;B01
2,016E+11;0;30;0;0;2;1;0;B01
2,016E+11;0;7;0;0;2;0;16;A01
2,016E+11;0;7;0;0;2;3;22;A01
2,016E+11;0;1;0;0;2;2;2;B01
2,016E+11;2;7;0;0;2;1;1;A01
2,016E+11;2;7;0;0;0;4;1;C01
2,016E+11;2;7;0;0;2;1;1;B01
2,016E+11;2;7;0;0;1;4;0;A01
2,016E+11;1;14;0;0;2;1;0;B01
2,016E+11;1;7;0;0;2;4;0;C01
2,016E+11;1;7;0;0;2;1;1;A01
2,016E+11;1;7;0;0;2;4;1;D01
2,016E+11;2;7;0;0;2;7;1;A01
2,016E+11;1;2;0;0;2;1;1;B01
2,016E+11;2;7;0;0;1;1;15;A01
2,016E+11;1;7;0;0;2;2;1;B01
2,016E+11;1;7;0;0;2;3;10;A01
2,016E+11;1;7;0;0;1;3;1;A01
2,016E+11;1;40;0;0;1;2;1;A01
2,016E+11;1;7;0;6;0;1;1;A01
2,016E+11;1;33;0;15;0;3;1;B01
2,016E+11;1;7;0;0;2;1;1;A01
2,016E+11;2;7;0;0;2;7;12;A01
2,016E+11;2;30;0;0;2;0;1;B01
2,016E+11;1;7;0;0;2;8;15;B01
2,016E+11;1;2;0;0;2;1;17;A01
2,016E+11;1;7;0;0;2;3;1;A01
2,016E+11;1;33;0;0;2;7;1;B01
2,016E+11;1;7;0;0;2;3;15;A01
2,016E+11;2;7;0;0;2;3;1;B01
2,016E+11;1;7;0;0;2;3;1;B01
2,016E+11;1;10;0;0;2;3;16;A01
2,016E+11;2;7;0;0;1;3;1;A01
2,016E+11;2;7;0;0;2;2;1;A01
2,016E+11;1;7;0;0;2;1;1;B01
2,016E+11;1;7;0;0;1;7;1;A01
2,016E+11;1;7;0;8;0;2;1;A01
2,016E+11;1;7;0;8;0;8;1;A01
2,016E+11;1;7;0;0;2;4;2;C01
2,016E+11;1;7;0;0;2;4;2;D01
2,016E+11;1;7;0;0;2;4;2;B01
2,016E+11;1;7;0;0;2;1;1;A01
2,016E+11;1;7;0;0;1;2;2;A01
2,016E+11;1;7;0;12;1;1;1;A01
2,016E+11;2;7;0;0;2;3;15;A01
2,016E+11;1;1;0;0;2;7;1;B01
2,016E+11;2;7;0;0;1;2;15;A01
2,016E+11;2;17;0;0;2;4;0;A01
2,016E+11;2;7;0;0;2;2;0;B01
2,016E+11;2;7;0;0;1;3;1;A01
2,016E+11;2;7;0;0;1;1;1;A01
2,016E+11;2;7;0;1;0;1;21;A01
2,016E+11;1;10;0;0;2;2;1;A01
2,016E+11;1;7;0;0;2;4;1;B01
2,016E+11;1;7;0;0;2;5;1;C01
2,016E+11;2;7;0;0;1;2;1;A01
2,016E+11;1;30;0;0;1;3;1;A01
2,016E+11;2;7;0;0;1;3;9;B01
2,016E+11;1;7;0;0;2;1;9;A01
2,016E+11;1;7;0;0;1;1;1;A01
2,016E+11;1;7;0;0;2;1;1;A01
2,016E+11;1;33;0;0;2;4;15;B01
2,016E+11;1;7;0;0;2;3;9;B01
2,016E+11;1;7;0;1;2;2;9;A01
2,016E+11;2;7;0;0;1;2;1;A01
2,016E+11;0;7;0;0;2;1;1;B01
2,016E+11;1;7;0;0;2;1;0;A01
2,016E+11;1;7;0;0;1;1;1;A01
2,016E+11;1;7;0;8;2;6;1;B01
2,016E+11;2;7;0;0;2;6;15;A01
2,016E+11;1;7;0;8;0;1;13;A01
2,016E+11;1;7;0;0;1;2;0;A01
2,016E+11;1;7;0;0;0;0;0;C01
2,016E+11;1;7;0;0;2;1;2;A01
2,016E+11;1;7;0;0;2;4;2;B01
2,016E+11;1;7;0;0;1;3;15;A01
2,016E+11;2;7;0;0;0;0;0;A01
2,016E+11;1;7;0;1;0;0;24;C01
2,016E+11;2;7;0;0;0;0;0;B01
2,016E+11;2;7;0;6;0;7;1;A01
2,016E+11;1;7;0;0;1;0;0;A01
2,016E+11;1;2;0;0;0;0;0;A01
2,016E+11;0;7;0;0;0;0;0;B01
2,016E+11;2;7;0;0;0;0;0;A01
2,016E+11;1;7;0;0;2;7;24;B01
2,016E+11;2;30;0;0;2;1;13;A01
2,016E+11;1;7;0;0;2;3;1;B01
2,016E+11;0;7;0;0;1;2;16;A01
2,016E+11;2;30;0;0;2;2;17;A01
2,016E+11;2;7;0;0;2;8;15;B01
2,016E+11;1;7;0;0;1;0;0;A01
2,016E+11;1;7;0;9;1;1;1;A01
2,016E+11;1;7;0;0;2;3;15;A01
2,016E+11;1;33;0;6;2;1;17;B01
2,016E+11;1;7;0;0;1;1;1;Z01
2,016E+11;2;7;0;0;1;0;0;Z01
2,016E+11;2;7;0;0;1;0;0;A01
2,016E+11;1;10;0;0;1;2;1;A01
2,016E+11;1;30;0;0;1;1;1;A01
2,016E+11;1;7;0;0;2;2;1;B01
2,016E+11;2;7;0;0;0;0;0;A01
2,016E+11;1;7;0;0;2;1;1;B01
2,016E+11;2;7;0;0;2;1;5;A01
2,016E+11;1;7;0;0;0;0;0;B01
2,016E+11;1;7;0;0;1;0;0;A01
2,016E+11;2;7;0;0;2;8;1;B01
2,016E+11;1;7;0;0;2;1;1;A01
2,016E+11;2;7;0;0;1;5;4;A01
2,016E+11;2;7;0;0;1;2;1;A01
2,016E+11;1;7;0;0;0;0;0;A01
2,016E+11;1;3;0;0;0;0;0;B01
2,016E+11;1;7;0;0;0;0;0;A01
2,016E+11;0;32;0;0;0;0;0;B01
2,016E+11;1;33;0;0;2;1;17;B01
2,016E+11;1;7;0;0;2;3;10;A01
2,016E+11;1;3;0;0;0;0;0;B01
2,016E+11;1;7;0;0;0;0;0;A01
2,016E+11;2;7;0;0;1;1;1;A01
2,016E+11;1;7;0;0;1;1;1;A01
2,016E+11;2;10;0;0;1;3;9;A01
2,016E+11;1;7;0;0;0;0;0;B01
2,016E+11;1;3;0;0;0;0;0;A01
2,016E+11;2;7;0;0;2;1;2;A01
2,016E+11;2;7;0;0;2;4;2;B01
2,016E+11;2;7;0;0;2;4;2;C01
2,016E+11;1;7;0;0;2;3;0;B01
2,016E+11;1;7;0;0;2;7;9;A01
2,016E+11;2;7;0;0;1;0;0;A01
2,016E+11;2;33;0;0;2;1;1;B01
2,016E+11;1;7;0;0;2;6;9;A01
2,016E+11;2;7;0;0;1;3;1;A01
2,016E+11;2;15;0;7;1;5;16;A01
2,016E+11;2;7;0;0;2;2;1;A01
2,016E+11;2;30;0;0;2;4;23;B01
2,016E+11;1;7;0;0;2;1;2;A01
2,016E+11;1;7;0;0;2;4;23;C01
2,016E+11;1;7;0;0;2;4;23;B01
2,016E+11;2;7;0;0;2;2;15;A01
2,016E+11;2;7;0;8;2;8;1;B01
2,016E+11;2;7;0;0;2;5;1;B01
2,016E+11;1;7;0;0;2;3;1;A01
2,016E+11;1;3;0;0;1;0;0;A01
2,016E+11;2;7;0;0;2;2;15;A01
2,016E+11;2;7;0;0;2;8;1;B01
2,016E+11;2;7;0;0;1;2;1;A01
2,016E+11;1;7;0;0;0;0;0;A01
2,016E+11;1;7;0;0;0;0;0;B01
2,016E+11;1;7;0;0;0;0;0;A01
2,016E+11;1;7;0;0;0;0;0;B01
2,016E+11;1;10;0;0;0;0;0;A01
2,016E+11;1;7;0;0;1;0;0;A01
2,016E+11;2;7;0;8;0;1;1;A01
2,016E+11;2;32;0;0;2;1;1;B01
2,016E+11;1;7;0;0;2;1;15;A01
2,016E+11;1;30;0;0;2;1;17;A01
2,016E+11;1;7;0;0;2;8;15;B01
2,016E+11;1;7;0;0;1;4;4;A01