Num_Acc;senc;catv;occutc;obs;obsm;choc;manv;num_veh
2,016E+11;1;10;0;0;1;0;0;A01
2,016E+11;2;7;0;0;2;4;1;B01
2,016E+11;2;7;0;0;2;1;1;A01
2,016E+11;2;7;0;0;2;1;2;A01
2,016E+11;2;7;0;0;2;4;2;C01
2,016E+11;2;7;0;0;2;4;2;B01
2,016E+11;1;7;0;0;0;0;17;A01
2,016E+11;1;7;0;0;1;2;1;A01
2,016E+11;2;7;0;0;1;1;15;A01
2,016E+11;2;7;0;0;1;3;0;A01
2,016E+11;1;7;0;0;2;3;1;B01
2,016E+11;2;7;0;0;2;1;5;A01
2,016E+11;2;7;0;0;2;1;15;A01
2,016E+11;1;7;0;0;2;3;1;B01
2,016E+11;1;7;0;15;1;1;19;A01
2,016E+11;1;7;0;0;2;2;9;A01
2,016E+11;1;31;0;0;2;3;0;B01
2,016E+11;2;7;0;13;0;9;1;A01
2,016E+11;2;2;0;0;2;1;18;A01
2,016E+11;2;7;0;0;2;7;16;B01
2,016E+11;1;7;0;0;1;0;0;A01
2,016E+11;1;7;0;0;2;3;1;B01
2,016E+11;2;7;0;0;2;3;15;A01
2,016E+11;2;7;0;0;1;1;1;A01
2,016E+11;2;7;0;14;2;0;1;B01
2,016E+11;2;7;0;0;2;1;15;A01
2,016E+11;2;7;0;0;0;0;1;B01
2,016E+11;2;31;0;0;0;0;1;A01
2,016E+11;2;7;0;0;1;3;1;A01
2,016E+11;2;7;0;0;1;7;1;A01
2,016E+11;2;7;0;0;1;1;1;A01
2,016E+11;1;7;0;0;0;0;0;C01
2,016E+11;1;7;0;0;0;0;0;A01
2,016E+11;2;7;0;0;0;0;0;B01
2,016E+11;1;33;0;12;0;7;15;A01
2,016E+11;2;7;0;1;2;1;1;A01
2,016E+11;2;7;0;0;2;6;23;B01
2,016E+11;2;7;0;0;2;1;15;A01
2,016E+11;1;10;0;0;2;3;1;B01
2,016E+11;1;7;0;0;1;2;16;A01
2,016E+11;2;7;0;0;2;2;1;B01
2,016E+11;2;7;0;0;2;6;4;A01
2,016E+11;1;37;1;0;1;5;1;A01
2,016E+11;2;7;0;0;1;1;1;A01
2,016E+11;2;7;0;0;2;4;1;B01
2,016E+11;2;7;0;0;2;1;1;A01
2,016E+11;2;7;0;0;2;4;1;C01
2,016E+11;1;7;0;0;2;7;1;B01
2,016E+11;1;7;0;0;2;1;9;A01
2,016E+11;1;7;0;0;1;0;0;A01
2,016E+11;1;7;0;0;1;0;0;A01
2,016E+11;1;7;0;0;1;0;1;A01
2,016E+11;1;1;0;0;0;0;0;A01
2,016E+11;2;7;0;0;1;3;1;A01
2,016E+11;2;7;0;0;1;0;0;Z01
2,016E+11;1;7;0;0;1;1;1;A01
2,016E+11;1;7;0;0;1;0;0;A01
2,016E+11;1;31;0;0;2;0;1;B01
2,016E+11;1;7;0;0;2;3;15;A01
2,016E+11;1;7;0;0;1;3;1;A01
2,016E+11;1;7;0;13;2;3;1;B01
2,016E+11;2;7;0;0;2;6;17;A01
2,016E+11;1;33;0;0;2;7;15;A01
2,016E+11;2;10;0;0;2;0;0;B01
2,016E+11;1;10;0;0;1;4;4;A01
2,016E+11;2;10;0;0;2;4;1;C01
2,016E+11;2;7;0;0;2;4;1;B01
2,016E+11;2;7;0;0;2;1;2;A01
2,016E+11;1;30;0;0;2;8;1;B01
2,016E+11;1;7;0;0;2;2;1;A01
2,016E+11;1;7;0;0;0;1;0;A01
2,016E+11;2;30;0;0;2;1;2;A01
2,016E+11;2;7;0;0;2;4;0;B01
2,016E+11;0;7;0;0;2;1;2;A01
2,016E+11;0;7;0;0;2;1;2;B01
2,016E+11;0;7;0;0;0;0;0;C01
2,016E+11;2;7;0;0;1;1;0;A01
2,016E+11;1;7;0;5;1;0;0;A01
2,016E+11;2;7;0;0;2;1;1;B01
2,016E+11;1;7;0;0;2;2;15;A01
2,016E+11;2;7;0;0;2;3;1;B01
2,016E+11;1;7;0;0;2;3;13;A01
2,016E+11;2;2;0;0;2;1;2;A01
2,016E+11;2;7;0;0;2;4;2;B01
2,016E+11;1;7;0;0;2;7;16;A01
2,016E+11;1;1;0;0;2;8;1;B01
2,016E+11;1;7;0;0;2;3;19;A01
2,016E+11;1;7;0;0;2;2;1;B01
2,016E+11;2;2;0;0;2;0;0;B01
2,016E+11;2;7;0;0;2;2;15;A01
2,016E+11;1;7;0;0;1;3;1;A01
2,016E+11;1;1;0;0;2;8;19;A01
2,016E+11;0;7;0;0;2;1;1;B01
2,016E+11;2;7;0;0;1;1;1;A01
2,016E+11;2;10;0;0;1;4;4;A01
2,016E+11;2;30;0;0;2;1;1;A01
2,016E+11;2;7;0;0;2;6;20;B01
2,016E+11;1;7;0;0;1;1;1;A01
2,016E+11;2;10;0;13;0;1;1;A01
2,016E+11;1;30;0;6;0;1;1;A01
2,016E+11;2;7;0;0;2;3;1;B01
2,016E+11;2;33;0;0;2;1;16;A01
2,016E+11;2;10;0;0;1;1;23;B01
2,016E+11;2;10;0;0;2;1;2;A01
2,016E+11;1;30;0;0;2;1;1;B01
2,016E+11;1;7;0;0;2;3;15;A01
2,016E+11;1;33;0;12;0;7;1;A01
2,016E+11;1;7;0;0;2;1;13;A01
2,016E+11;2;7;0;0;0;1;1;B01
2,016E+11;1;33;0;0;2;3;1;B01
2,016E+11;1;7;0;0;2;2;20;A01
2,016E+11;1;33;0;0;1;1;1;A01
2,016E+11;2;7;0;0;1;2;1;A01
2,016E+11;2;7;0;0;2;4;23;C01
2,016E+11;2;7;0;0;2;1;1;A01
2,016E+11;2;7;0;0;2;4;23;B01
2,016E+11;2;7;0;0;1;3;1;A01
2,016E+11;2;37;1;0;9;7;22;A01
2,016E+11;2;1;0;0;2;3;18;B01
2,016E+11;2;7;0;0;1;2;1;A01
2,016E+11;2;30;0;0;0;8;1;A01
2,016E+11;1;7;0;0;1;2;1;A01
2,016E+11;1;7;0;0;1;0;1;A01
2,016E+11;1;7;0;0;1;1;1;A01
2,016E+11;1;7;0;0;1;3;1;A01
2,016E+11;0;7;0;0;2;3;19;A01
2,016E+11;0;32;0;0;2;6;1;B01
2,016E+11;0;7;0;0;2;3;13;A01
2,016E+11;0;7;0;0;2;3;1;B01
2,016E+11;0;30;0;1;0;1;2;A01
2,016E+11;2;30;0;2;0;1;1;A01
2,016E+11;1;3;0;1;0;5;13;A01
2,016E+11;1;2;0;15;0;8;1;A01
2,016E+11;2;7;0;8;0;3;13;A01
2,016E+11;1;1;0;0;1;7;1;A01
2,016E+11;0;2;0;0;2;1;1;B01
2,016E+11;0;7;0;0;2;3;19;A01
2,016E+11;0;7;0;0;2;3;9;A01
2,016E+11;0;32;0;0;2;2;2;B01
2,016E+11;0;7;0;0;2;1;1;B01
2,016E+11;0;7;0;0;2;1;13;A01
2,016E+11;0;7;0;0;2;4;15;B01
2,016E+11;0;31;0;0;2;1;2;A01
2,016E+11;1;1;0;12;0;0;1;A01
2,016E+11;1;17;0;0;2;3;16;A01
2,016E+11;1;1;0;0;2;0;15;B01
2,016E+11;0;32;0;0;2;0;0;B01
2,016E+11;0;7;0;0;2;7;0;A01
2,016E+11;0;7;0;0;1;1;14;A01
2,016E+11;1;1;0;0;0;0;0;B01
2,016E+11;1;7;0;0;0;0;0;A01
2,016E+11;2;33;0;0;2;1;1;B01
2,016E+11;2;7;0;0;2;8;9;A01
2,016E+11;0;2;0;0;9;0;0;A01
2,016E+11;0;7;0;0;9;0;0;B01
2,016E+11;1;2;0;1;2;7;1;B01
2,016E+11;1;7;0;0;2;1;19;A01
2,016E+11;0;7;0;0;2;1;16;A01
2,016E+11;0;1;0;0;2;1;1;B01
2,016E+11;0;7;0;1;0;8;2;A01
2,016E+11;0;7;0;0;1;8;1;A01
2,016E+11;0;1;0;1;0;0;1;B01
2,016E+11;0;7;0;0;2;0;22;A01
2,016E+11;1;1;0;1;0;0;1;B01
2,016E+11;1;7;0;0;2;0;22;A01
2,016E+11;0;7;0;0;1;0;0;Z01
2,016E+11;0;33;0;0;2;1;1;B01
2,016E+11;0;7;0;0;2;6;4;A01
2,016E+11;0;7;0;0;1;0;0;A01
2,016E+11;0;7;0;0;2;0;0;Z01
2,016E+11;0;1;0;0;2;0;0;B01
2,016E+11;1;1;0;0;2;1;2;B01
2,016E+11;1;7;0;0;2;5;16;A01
2,016E+11;0;7;0;0;1;0;0;A01
2,016E+11;0;7;0;0;1;0;0;A01
2,016E+11;0;7;0;0;1;2;0;A01
2,016E+11;0;7;0;0;1;2;1;A01
2,016E+11;0;7;0;0;1;0;0;Z01
2,016E+11;0;7;0;0;1;0;0;A01
2,016E+11;0;7;0;0;1;0;0;A01
2,016E+11;1;7;0;0;1;2;0;A01
2,016E+11;0;7;0;0;1;0;0;A01
2,016E+11;1;40;2;0;1;0;0;A01
2,016E+11;0;1;0;0;2;0;0;B01
2,016E+11;0;7;0;0;2;0;0;A01
2,016E+11;0;7;0;0;1;0;0;Z01
2,016E+11;0;7;0;0;2;0;0;A01
2,016E+11;0;31;0;0;2;0;0;B01
2,016E+11;0;7;0;0;0;0;0;A01
2,016E+11;0;1;0;0;2;0;0;B01
2,016E+11;0;7;0;1;0;0;0;C01
2,016E+11;0;7;0;1;0;0;0;A01
2,016E+11;0;7;0;1;0;0;0;B01
2,016E+11;1;7;0;0;2;1;9;A01
2,016E+11;1;1;0;0;2;7;1;B01
2,016E+11;0;33;0;0;1;0;0;A01
2,016E+11;0;7;0;0;1;1;0;Z01
2,016E+11;0;7;0;2;0;0;0;A01
2,016E+11;0;7;0;0;1;8;1;A01
2,016E+11;0;7;0;0;1;0;0;A01
2,016E+11;0;7;0;0;2;8;9;A01
2,016E+11;0;7;0;0;2;1;1;B01
2,016E+11;0;7;0;0;1;0;0;Z01
2,016E+11;0;1;0;0;2;1;1;A01
2,016E+11;0;37;1;0;0;0;0;Z01
2,016E+11;1;7;0;0;2;0;0;B01
2,016E+11;1;7;0;0;0;4;0;C01
2,016E+11;1;10;0;0;2;0;0;A01
2,016E+11;2;7;0;0;2;3;10;A01
2,016E+11;2;30;0;0;2;3;17;B01
2,016E+11;0;7;0;0;2;0;0;A01
2,016E+11;0;7;0;0;2;0;0;B01
2,016E+11;0;40;1;0;2;0;0;B01
2,016E+11;0;7;0;0;4;0;0;A01
2,016E+11;0;7;0;0;2;0;0;B01
2,016E+11;0;7;0;0;2;0;0;A01
2,016E+11;0;7;0;0;0;0;0;C01
2,016E+11;0;7;0;0;2;0;0;A01
2,016E+11;0;7;0;0;0;0;0;B01
2,016E+11;0;14;0;0;2;0;0;A01
2,016E+11;0;1;0;0;0;0;0;B01
2,016E+11;0;7;0;0;2;0;0;A01
2,016E+11;0;7;0;0;0;0;0;C01
2,016E+11;0;7;0;0;2;0;0;B01
2,016E+11;0;7;0;0;2;0;0;B01
2,016E+11;0;7;0;0;2;0;0;A01
2,016E+11;0;32;0;0;2;0;0;B01
2,016E+11;0;7;0;0;2;0;0;A01
2,016E+11;0;30;0;0;2;0;0;B01
2,016E+11;0;7;0;0;2;0;0;A01
2,016E+11;0;1;0;0;2;0;0;B01
2,016E+11;0;7;0;0;2;0;0;A01
2,016E+11;0;37;1;0;2;0;0;A01
2,016E+11;0;30;0;0;2;3;0;B01
2,016E+11;0;7;0;0;1;0;0;A01
2,016E+11;1;2;0;0;2;0;0;B01
2,016E+11;1;7;0;0;2;0;0;A01
2,016E+11;1;33;0;0;2;0;0;A01
2,016E+11;1;7;0;0;2;0;0;B01
2,016E+11;0;7;0;0;2;2;0;B01
2,016E+11;0;7;0;0;2;0;0;A01
2,016E+11;0;7;0;0;2;0;0;A01
2,016E+11;1;30;0;0;2;0;0;B01
2,016E+11;1;33;0;0;2;0;0;B01
2,016E+11;0;7;0;0;2;0;0;A01
2,016E+11;2;33;0;0;2;0;0;A01
2,016E+11;2;7;0;0;2;0;0;B01
2,016E+11;1;40;1;0;1;0;0;A01
2,016E+11;2;7;0;0;2;0;0;E01
2,016E+11;2;7;0;0;2;0;0;D01
2,016E+11;0;7;0;2;0;1;1;A01
2,016E+11;0;1;0;0;2;0;0;B01
2,016E+11;0;7;0;0;2;0;0;Z01
2,016E+11;0;7;0;0;0;0;0;B01
2,016E+11;0;7;0;0;0;0;0;A01
2,016E+11;0;7;0;0;1;0;0;A01
2,016E+11;0;7;0;0;2;1;13;Z01
2,016E+11;0;7;0;0;2;1;1;B01
2,016E+11;0;1;0;0;0;0;0;A01
2,016E+11;0;30;0;0;2;0;0;Z01
2,016E+11;0;2;0;0;2;0;0;B01
2,016E+11;0;7;0;0;2;3;15;A01
2,016E+11;0;33;0;12;0;0;0;A01
2,016E+11;1;7;0;0;1;0;0;A01
2,016E+11;0;32;0;0;0;0;0;A01
2,016E+11;0;30;0;0;0;0;0;B01
2,016E+11;0;1;0;0;2;0;0;A01
2,016E+11;0;32;0;0;0;0;0;A01
2,016E+11;0;33;0;0;0;0;0;B01
2,016E+11;0;7;0;0;0;0;0;A01
2,016E+11;0;7;0;0;2;0;0;A01
2,016E+11;0;1;0;0;2;0;0;B01
2,016E+11;0;33;0;0;2;0;1;A01
2,016E+11;0;7;0;0;2;3;0;B01
2,016E+11;0;7;0;0;1;0;0;A01
2,016E+11;0;7;0;0;1;1;0;A01
2,016E+11;0;1;0;0;2;0;0;B01
2,016E+11;0;7;0;0;9;0;0;A01
2,016E+11;0;7;0;12;0;0;1;A01
2,016E+11;2;7;0;0;1;0;0;A01
2,016E+11;1;7;0;0;2;0;0;B01
2,016E+11;0;14;0;0;0;0;0;Z01
2,016E+11;1;7;0;0;2;0;0;A01
2,016E+11;0;1;0;0;0;0;0;A01
2,016E+11;2;40;10;0;9;0;0;B01
2,016E+11;0;1;0;0;4;0;0;A01
2,016E+11;0;10;0;0;1;0;0;A01
2,016E+11;0;40;1;0;1;0;0;A01
2,016E+11;0;7;0;12;0;3;1;A01
2,016E+11;0;7;0;0;1;0;0;A01
2,016E+11;0;7;0;0;2;0;0;A01
2,016E+11;0;7;0;0;2;0;0;B01
2,016E+11;0;7;0;0;2;2;0;A01
2,016E+11;0;7;0;0;2;3;0;B01
2,016E+11;0;7;0;0;2;0;0;A01
2,016E+11;0;7;0;0;1;0;0;B01
2,016E+11;0;7;0;0;1;0;0;A01
2,016E+11;0;10;0;0;9;2;0;A01
2,016E+11;0;30;0;0;2;1;0;B01
2,016E+11;2;7;0;0;0;0;0;C01
2,016E+11;2;7;0;0;2;0;0;A01
2,016E+11;2;7;0;0;2;0;0;B01
2,016E+11;0;1;0;0;1;0;0;A01
2,016E+11;1;7;0;0;2;1;2;A01
2,016E+11;1;7;0;0;2;4;2;B01
2,016E+11;0;7;0;0;1;0;0;A01
2,016E+11;0;7;0;0;2;0;0;B01
2,016E+11;0;1;0;0;2;0;0;A01
2,016E+11;1;7;0;0;9;0;0;A01
2,016E+11;1;30;0;0;2;0;0;B01
2,016E+11;0;7;0;0;0;0;0;Z01
2,016E+11;0;7;0;0;0;0;0;B01
2,016E+11;1;10;0;0;0;0;0;A01
2,016E+11;1;7;0;0;2;0;0;B01
2,016E+11;0;7;0;0;2;0;0;A01
2,016E+11;1;33;0;0;2;1;0;B01
2,016E+11;1;1;0;0;2;0;0;B01
2,016E+11;0;10;0;0;2;2;0;A01
2,016E+11;0;40;10;0;1;0;0;A01
2,016E+11;0;7;0;0;1;7;1;A01
2,016E+11;0;7;0;0;1;0;0;A01
2,016E+11;0;40;10;0;1;0;0;A01
2,016E+11;0;7;0;0;1;0;0;A01
2,016E+11;0;7;0;0;1;8;0;A01
2,016E+11;0;7;0;0;2;0;0;B01
2,016E+11;0;7;0;0;2;1;1;A01
2,016E+11;0;7;0;0;2;0;0;B01
2,016E+11;0;7;0;0;2;2;0;A01
2,016E+11;0;31;0;0;2;7;15;A01
2,016E+11;0;7;0;0;2;1;1;B01
2,016E+11;1;33;0;0;2;0;0;B01
2,016E+11;1;7;0;0;2;0;0;A01
2,016E+11;0;7;0;0;1;0;0;A01
2,016E+11;0;33;0;0;2;0;0;B01
2,016E+11;0;7;0;0;2;0;0;A01
2,016E+11;0;7;0;0;2;0;0;A01
2,016E+11;0;7;0;0;2;0;0;B01
2,016E+11;0;7;0;0;2;1;16;A01
2,016E+11;0;32;0;0;2;3;1;B01
2,016E+11;0;33;0;0;1;0;0;A01
2,016E+11;2;33;0;0;2;0;0;B01
2,016E+11;2;7;0;0;9;0;0;A01
2,016E+11;0;30;0;0;2;0;0;B01
2,016E+11;0;7;0;0;2;0;0;A01
2,016E+11;0;7;0;1;0;0;0;C01
2,016E+11;0;32;0;0;2;0;0;A01
2,016E+11;1;7;0;0;2;0;0;A01
2,016E+11;1;32;0;0;2;0;0;B01
2,016E+11;0;7;0;11;0;1;1;A01
2,016E+11;1;7;0;0;2;0;0;B01
2,016E+11;0;1;0;0;2;0;0;A01
2,016E+11;1;7;0;0;2;0;0;A01
2,016E+11;1;7;0;0;2;0;0;B01
2,016E+11;2;7;0;0;2;0;0;A01
2,016E+11;2;7;0;0;2;0;0;B01
2,016E+11;2;7;0;0;2;0;0;C01
2,016E+11;2;7;0;0;2;0;0;D01
2,016E+11;2;7;0;0;2;0;0;E01
2,016E+11;0;7;0;0;1;0;0;A01
2,016E+11;0;32;0;0;9;0;0;A01
2,016E+11;0;1;0;0;9;0;0;B01
2,016E+11;0;7;0;0;1;0;0;Z01
2,016E+11;1;7;0;0;1;0;0;A01
2,016E+11;0;7;0;0;9;0;0;A01
2,016E+11;0;32;0;0;2;0;0;B01
2,016E+11;0;7;0;0;1;0;0;A01
2,016E+11;0;33;0;0;2;0;0;B01
2,016E+11;0;7;0;0;2;0;0;A01
2,016E+11;0;7;0;0;2;0;0;B01
2,016E+11;0;7;0;0;2;0;0;A01
2,016E+11;0;1;0;0;1;0;0;Z01
2,016E+11;0;1;0;0;0;0;0;Z01
2,016E+11;0;1;0;0;2;0;0;A01
2,016E+11;1;31;0;0;1;0;0;A01
2,016E+11;0;7;0;0;2;0;0;A01
2,016E+11;0;32;0;0;2;0;0;B01
2,016E+11;0;1;0;0;2;3;0;B01
2,016E+11;0;7;0;0;0;2;0;A01
2,016E+11;0;7;0;0;0;0;0;Z01
2,016E+11;0;2;0;0;0;0;0;B01
2,016E+11;0;7;0;0;1;0;0;A01
2,016E+11;0;7;0;0;1;0;0;A01
2,016E+11;0;7;0;0;2;0;0;A01
2,016E+11;0;7;0;0;0;0;0;Z01
2,016E+11;0;7;0;0;2;0;0;A01
2,016E+11;0;30;0;0;2;0;0;B01
2,016E+11;0;7;0;0;0;5;23;C01
2,016E+11;0;7;0;0;2;3;22;A01
2,016E+11;0;31;0;0;9;1;1;B01
2,016E+11;0;10;0;0;0;0;0;Z01
2,016E+11;1;1;0;0;0;0;0;B01
2,016E+11;0;33;0;0;2;0;0;B01
2,016E+11;0;7;0;0;9;0;0;A01
2,016E+11;1;33;0;0;2;0;0;B01
2,016E+11;1;7;0;0;9;0;0;A01
2,016E+11;1;7;0;0;2;0;0;B01
2,016E+11;2;33;0;0;2;0;0;A01
2,016E+11;0;7;0;0;2;0;0;A01
2,016E+11;0;31;0;0;2;0;0;B01
2,016E+11;0;31;0;0;0;0;0;B01
2,016E+11;0;7;0;0;2;3;0;A01
2,016E+11;1;33;0;0;2;0;0;B01
2,016E+11;2;7;0;0;2;0;0;A01
2,016E+11;0;7;0;0;2;7;0;A01
2,016E+11;0;32;0;0;2;1;0;B01
2,016E+11;1;7;0;0;2;3;0;C01
2,016E+11;0;34;0;0;2;0;0;B01
2,016E+11;0;7;0;0;2;0;0;A01
2,016E+11;2;15;0;0;2;0;0;A01
2,016E+11;2;15;0;0;0;3;0;B01
2,016E+11;0;7;0;0;1;0;0;A01
2,016E+11;0;33;0;0;2;0;0;A01
2,016E+11;0;7;0;0;2;0;0;B01
2,016E+11;1;30;0;0;2;0;0;B01
2,016E+11;1;7;0;0;2;0;0;A01
2,016E+11;0;40;10;0;2;0;0;B01
2,016E+11;0;7;0;0;4;0;0;A01
2,016E+11;0;30;0;0;1;0;0;A01
2,016E+11;0;7;0;0;0;0;0;B01
2,016E+11;0;7;0;0;2;0;0;A01
2,016E+11;0;7;0;0;1;1;1;A01
2,016E+11;0;7;0;0;1;0;0;A01
2,016E+11;1;7;0;0;2;0;0;B01
2,016E+11;1;7;0;0;2;0;0;A01
2,016E+11;0;30;0;0;2;0;0;A01
2,016E+11;0;7;0;0;2;0;0;B01
2,016E+11;2;7;0;0;2;3;0;A01
2,016E+11;2;7;0;0;2;5;0;B01
2,016E+11;2;7;0;0;2;4;0;D01
2,016E+11;2;7;0;0;2;4;0;C01
2,016E+11;0;7;0;0;2;0;0;A01
2,016E+11;0;7;0;0;2;0;0;B01
2,016E+11;0;7;0;0;1;3;0;A01
2,016E+11;0;1;0;0;1;1;0;A01
2,016E+11;0;7;0;6;0;1;0;A01
2,016E+11;2;7;0;0;2;0;0;B01
2,016E+11;2;33;0;0;2;0;0;A01
2,016E+11;0;31;0;0;2;0;0;B01
2,016E+11;0;7;0;0;2;0;0;A01
2,016E+11;0;7;0;0;1;0;0;A01
2,016E+11;0;33;0;0;2;4;0;B01
2,016E+11;0;7;0;0;0;0;0;Z01
2,016E+11;0;7;0;0;2;0;0;C01
2,016E+11;0;33;0;0;1;0;0;B01
2,016E+11;0;7;0;0;2;0;0;A01
2,016E+11;0;32;0;0;2;0;0;B01
2,016E+11;0;7;0;0;2;0;0;A01
2,016E+11;0;7;0;0;2;0;0;B01
2,016E+11;0;7;0;0;2;0;0;A01
2,016E+11;0;7;0;0;2;0;0;B01
2,016E+11;0;1;0;0;2;0;0;A01
2,016E+11;0;38;3;0;1;0;0;A01
2,016E+11;1;7;0;0;2;0;0;B01
2,016E+11;1;15;0;0;2;0;0;A01
2,016E+11;0;7;0;0;4;0;0;A01
2,016E+11;0;39;10;0;2;0;0;B01
2,016E+11;1;7;0;6;0;1;0;A01
2,016E+11;0;7;0;0;2;5;10;A01
2,016E+11;0;33;0;0;2;1;1;B01
2,016E+11;0;30;0;0;2;0;0;A01
2,016E+11;0;7;0;0;2;0;0;B01
2,016E+11;0;1;0;0;1;0;0;A01
2,016E+11;0;1;0;0;1;0;0;A01
2,016E+11;0;7;0;0;1;0;0;A01
2,016E+11;0;37;10;0;2;1;0;A01
2,016E+11;0;7;0;0;9;0;0;B01
2,016E+11;0;7;0;0;1;0;0;A01
2,016E+11;2;7;0;0;2;4;2;B01
2,016E+11;2;7;0;0;0;0;0;A01
2,016E+11;2;14;0;0;2;1;2;C01
2,016E+11;0;31;0;0;9;8;0;A01
2,016E+11;0;33;0;0;2;0;0;B01
2,016E+11;0;7;0;2;0;5;0;A01
2,016E+11;1;33;0;0;0;4;1;B01
2,016E+11;1;7;0;0;0;0;0;Z01
2,016E+11;0;1;0;0;2;0;0;A01
2,016E+11;0;7;0;0;2;0;0;B01
2,016E+11;0;7;0;0;2;0;0;A01
2,016E+11;0;7;0;0;2;0;0;B01
2,016E+11;0;1;0;0;2;0;0;A01
2,016E+11;0;7;0;0;9;0;0;B01
2,016E+11;0;7;0;0;1;0;0;A01
2,016E+11;1;7;0;0;9;0;0;A01
2,016E+11;1;1;0;0;2;0;0;B01
2,016E+11;1;1;0;0;2;0;0;C01
2,016E+11;1;1;0;0;2;0;0;D01
2,016E+11;0;30;0;0;0;0;0;A01
2,016E+11;0;7;0;0;2;0;0;A01
2,016E+11;0;31;0;0;2;0;0;B01
2,016E+11;2;7;0;0;2;0;0;B01
2,016E+11;2;7;0;0;2;0;0;A01
2,016E+11;0;2;0;0;2;0;0;B01
2,016E+11;0;7;0;0;2;0;0;A01
2,016E+11;0;7;0;0;2;0;0;B01
2,016E+11;0;30;0;0;2;0;0;A01
2,016E+11;0;7;0;0;1;0;0;A01
2,016E+11;0;2;0;0;0;0;0;A01
2,016E+11;1;7;0;0;2;0;0;B01
2,016E+11;1;7;0;0;2;0;0;A01
2,016E+11;1;1;0;0;2;0;0;B01
2,016E+11;0;7;0;0;2;0;0;A01
2,016E+11;0;7;0;0;1;0;0;Z01
2,016E+11;0;7;0;0;1;7;0;A01
2,016E+11;1;7;0;0;2;1;2;A01
2,016E+11;1;7;0;0;2;0;2;B01
2,016E+11;1;7;0;0;2;4;2;C01
2,016E+11;0;1;0;1;0;0;0;B01
2,016E+11;0;7;0;0;0;0;0;A01
2,016E+11;0;10;0;0;1;0;0;A01
2,016E+11;1;10;0;0;0;3;0;A01
2,016E+11;1;7;0;0;2;2;0;B01
2,016E+11;0;10;0;0;1;0;0;A01
2,016E+11;0;40;20;0;1;0;0;A01
2,016E+11;0;1;0;0;2;0;0;B01
2,016E+11;0;7;0;0;0;5;0;A01
2,016E+11;1;7;0;0;1;8;1;A01
2,016E+11;0;7;0;9;0;1;0;A01
2,016E+11;1;1;0;0;2;0;0;B01
2,016E+11;1;7;0;0;0;0;0;A01
2,016E+11;0;7;0;0;1;7;1;A01
2,016E+11;0;32;0;0;0;0;0;B01
2,016E+11;0;7;0;0;2;0;0;A01
2,016E+11;1;7;0;0;2;1;1;A01
2,016E+11;1;31;0;0;2;4;1;B01
2,016E+11;0;7;0;0;2;3;15;A01
2,016E+11;0;32;0;0;2;3;1;B01
2,016E+11;0;1;0;0;0;0;0;A01
2,016E+11;1;33;0;0;9;3;0;Z01
2,016E+11;0;7;0;0;0;0;16;A01
2,016E+11;0;32;0;0;2;7;1;A01
2,016E+11;0;7;0;0;2;1;15;B01
2,016E+11;0;1;0;0;2;0;0;A01
2,016E+11;0;7;0;0;2;0;0;C01
2,016E+11;0;7;0;0;2;0;0;B01
2,016E+11;0;30;0;8;0;0;0;A01
2,016E+11;0;7;0;0;1;0;0;A01
2,016E+11;0;13;0;0;2;0;0;A01
2,016E+11;0;31;0;0;2;0;0;B01
2,016E+11;0;1;0;0;2;0;0;B01
2,016E+11;0;7;0;0;2;2;0;A01
2,016E+11;0;7;0;0;2;0;0;B01
2,016E+11;0;31;0;6;2;0;5;A01
2,016E+11;0;31;0;0;2;0;0;B01
2,016E+11;0;7;0;0;2;0;0;A01
2,016E+11;1;7;0;0;0;0;0;Z01
2,016E+11;1;32;0;0;2;0;0;B01
2,016E+11;0;32;0;0;2;7;0;B01
2,016E+11;0;7;0;0;2;3;0;A01
2,016E+11;0;1;0;0;2;1;9;B01
2,016E+11;0;7;0;0;2;2;1;A01
2,016E+11;0;32;0;0;2;8;0;B01
2,016E+11;0;7;0;0;2;7;0;A01
2,016E+11;0;7;0;0;2;2;0;A01
2,016E+11;0;1;0;0;2;0;0;B01
2,016E+11;0;34;0;0;2;0;0;B01
2,016E+11;0;7;0;0;2;0;0;A01
2,016E+11;0;33;0;0;2;7;0;B01
2,016E+11;0;7;0;0;2;8;0;A01
2,016E+11;0;7;0;0;2;0;0;B01
2,016E+11;0;13;0;1;1;0;0;A01
2,016E+11;0;30;0;0;0;0;0;A01
2,016E+11;0;2;0;0;2;0;0;A01
2,016E+11;0;1;0;0;2;0;0;B01
2,016E+11;0;7;0;0;0;0;0;A01
2,016E+11;0;1;0;0;2;0;0;B01
2,016E+11;1;7;0;0;2;0;0;C01
2,016E+11;1;7;0;0;2;0;0;B01
2,016E+11;1;7;0;0;2;4;0;A01
2,016E+11;0;7;0;0;2;0;0;A01
2,016E+11;0;1;0;0;2;0;0;B01
2,016E+11;0;7;0;0;1;0;0;A01
2,016E+11;2;7;0;0;0;0;0;A01
2,016E+11;2;7;0;0;2;0;0;B01
2,016E+11;0;30;0;0;2;0;0;A01
2,016E+11;0;7;0;0;2;0;0;B01
2,016E+11;0;7;0;0;2;0;0;A01
2,016E+11;0;1;0;0;2;0;0;B01
2,016E+11;1;7;0;0;2;0;0;D01
2,016E+11;1;7;0;0;2;0;0;A01
2,016E+11;1;7;0;0;2;0;0;B01
2,016E+11;1;7;0;0;2;0;0;C01
2,016E+11;0;40;20;0;1;0;0;A01
2,016E+11;0;37;2;0;0;0;0;B01
2,016E+11;0;7;0;0;2;0;0;A01