Num_Acc;senc;catv;occutc;obs;obsm;choc;manv;num_veh
2,016E+11;1;1;0;0;2;8;2;B01
2,016E+11;1;7;0;0;2;3;9;A01
2,016E+11;0;31;0;0;2;7;1;B01
2,016E+11;2;10;0;0;1;3;16;A01
2,016E+11;2;7;0;2;0;1;14;A01
2,016E+11;2;7;0;0;1;3;1;A01
2,016E+11;2;7;0;0;1;1;1;A01
2,016E+11;1;7;0;0;1;2;1;A01
2,016E+11;0;7;0;8;0;0;0;A01
2,016E+11;0;2;0;7;0;0;0;A01
2,016E+11;0;7;0;0;2;0;0;A01
2,016E+11;0;2;0;0;2;0;0;B01
2,016E+11;0;7;0;13;0;0;0;A01
2,016E+11;0;7;0;0;2;1;2;B01
2,016E+11;0;7;0;0;2;4;2;C01
2,016E+11;0;7;0;0;1;1;0;A01
2,016E+11;0;7;0;0;2;4;0;A01
2,016E+11;0;1;0;0;1;0;0;A01
2,016E+11;0;7;0;0;1;0;0;A01
2,016E+11;0;2;0;16;0;0;0;A01
2,016E+11;0;1;0;0;2;0;0;B01
2,016E+11;0;7;0;0;5;0;0;A01
2,016E+11;0;7;0;0;2;4;0;B01
2,016E+11;0;7;0;0;0;1;0;A01
2,016E+11;0;7;0;0;2;1;0;C01
2,016E+11;2;34;0;0;2;1;0;B01
2,016E+11;0;7;0;0;2;2;0;A01
2,016E+11;0;7;0;0;1;4;4;A01
2,016E+11;0;7;0;0;2;4;2;C01
2,016E+11;0;7;0;0;2;1;2;A01
2,016E+11;0;7;0;0;2;4;2;B01
2,016E+11;0;1;0;0;2;0;0;B01
2,016E+11;0;7;0;0;2;3;1;A01
2,016E+11;0;7;0;0;0;0;0;B01
2,016E+11;0;2;0;16;0;0;0;A01
2,016E+11;0;7;0;0;2;4;2;B01
2,016E+11;0;7;0;0;2;1;2;A01
2,016E+11;0;7;0;0;2;3;15;A01
2,016E+11;0;2;0;0;2;1;1;B01
2,016E+11;0;7;0;0;2;3;0;B01
2,016E+11;0;7;0;0;2;1;0;A01
2,016E+11;0;37;1;0;1;3;0;A01
2,016E+11;0;7;0;0;2;0;15;A01
2,016E+11;0;2;0;0;2;0;0;B01
2,016E+11;0;7;0;0;2;2;0;A01
2,016E+11;0;7;0;2;2;3;0;B01
2,016E+11;0;7;0;0;2;0;24;B01
2,016E+11;0;7;0;0;2;0;0;A01
2,016E+11;0;7;0;16;0;0;0;A01
2,016E+11;0;7;0;0;2;7;0;A01
2,016E+11;0;7;0;0;2;0;0;B01
2,016E+11;0;7;0;0;2;1;1;A01
2,016E+11;0;2;0;0;2;8;1;B01
2,016E+11;0;7;0;0;1;1;1;A01
2,016E+11;0;7;0;0;2;1;0;A01
2,016E+11;0;7;0;0;2;4;0;C01
2,016E+11;0;7;0;0;2;1;0;B01
2,016E+11;0;7;0;0;2;1;2;A01
2,016E+11;0;7;0;0;2;4;2;B01
2,016E+11;0;7;0;0;2;0;0;B01
2,016E+11;0;7;0;0;2;0;0;A01
2,016E+11;0;7;0;0;1;2;1;A01
2,016E+11;0;7;0;0;2;4;0;B01
2,016E+11;0;7;0;0;2;1;2;A01
2,016E+11;0;7;0;0;1;2;0;A01
2,016E+11;0;7;0;0;2;1;2;A01
2,016E+11;0;7;0;0;2;4;1;C01
2,016E+11;0;7;0;0;2;4;2;B01
2,016E+11;0;7;0;0;1;0;0;A01
2,016E+11;1;33;0;16;0;0;0;A01
2,016E+11;0;7;0;9;0;0;0;A01
2,016E+11;0;7;0;0;2;1;0;A01
2,016E+11;0;7;0;0;2;4;0;B01
2,016E+11;0;7;0;0;2;0;0;A01
2,016E+11;0;7;0;0;2;0;0;B01
2,016E+11;0;7;0;1;0;0;0;A01
2,016E+11;0;7;0;0;1;3;1;A01
2,016E+11;0;10;0;0;2;4;0;B01
2,016E+11;0;2;0;0;2;1;0;A01
2,016E+11;0;7;0;16;0;1;0;A01
2,016E+11;0;33;0;16;0;0;0;A01
2,016E+11;0;14;0;0;2;3;1;B01
2,016E+11;0;7;0;0;2;2;17;A01
2,016E+11;0;7;0;0;1;0;0;A01
2,016E+11;0;7;0;0;2;1;0;A01
2,016E+11;0;1;0;0;2;4;0;B01
2,016E+11;0;7;0;0;2;0;24;A01
2,016E+11;0;1;0;0;2;1;1;B01
2,016E+11;0;7;0;0;2;0;0;A01
2,016E+11;0;30;0;0;2;0;0;B01
2,016E+11;0;7;0;0;2;3;1;B01
2,016E+11;0;7;0;0;2;3;13;A01
2,016E+11;0;7;0;0;2;0;0;A01
2,016E+11;0;7;0;0;2;0;0;B01
2,016E+11;0;7;0;0;2;0;0;A01
2,016E+11;0;7;0;0;2;4;2;B01
2,016E+11;0;7;0;0;2;0;0;B01
2,016E+11;0;2;0;0;2;0;0;A01
2,016E+11;0;33;0;0;2;0;0;B01
2,016E+11;0;7;0;0;2;0;0;A01
2,016E+11;0;30;0;0;2;6;0;B01
2,016E+11;0;7;0;0;2;3;0;A01
2,016E+11;0;1;0;16;0;0;0;A01
2,016E+11;0;1;0;0;2;1;2;A01
2,016E+11;0;1;0;0;2;4;2;B01
2,016E+11;0;7;0;0;2;2;0;B01
2,016E+11;0;7;0;12;2;0;0;A01
2,016E+11;0;7;0;0;2;1;1;C01
2,016E+11;0;7;0;0;2;4;2;A01
2,016E+11;0;7;0;0;2;1;0;B01
2,016E+11;0;7;0;16;0;0;0;A01
2,016E+11;0;2;0;16;0;0;0;A01
2,016E+11;0;7;0;12;0;6;0;A01
2,016E+11;0;7;0;0;2;2;15;A01
2,016E+11;0;33;0;0;2;3;1;B01
2,016E+11;0;7;0;0;2;3;0;A01
2,016E+11;0;1;0;0;2;0;1;B01
2,016E+11;0;30;0;0;2;1;0;B01
2,016E+11;0;7;0;0;2;1;15;A01
2,016E+11;0;2;0;16;0;0;0;A01
2,016E+11;0;7;0;0;2;1;17;A01
2,016E+11;0;2;0;0;2;1;1;B01
2,016E+11;0;10;0;0;1;0;0;A01
2,016E+11;0;7;0;0;2;2;0;B01
2,016E+11;0;2;0;0;2;0;0;A01
2,016E+11;0;2;0;0;0;0;0;A01
2,016E+11;0;7;0;0;0;0;0;B01
2,016E+11;0;7;0;0;0;0;0;B01
2,016E+11;0;7;0;0;0;0;0;A01
2,016E+11;1;7;0;0;0;0;0;A01
2,016E+11;1;33;0;0;0;0;0;B01
2,016E+11;0;7;0;0;0;0;0;A01
2,016E+11;0;7;0;0;0;0;0;B01
2,016E+11;0;33;0;0;0;0;0;A01
2,016E+11;0;7;0;0;2;3;19;B01
2,016E+11;0;7;0;0;0;0;0;A01
2,016E+11;0;7;0;0;0;0;0;B01
2,016E+11;0;33;0;0;0;0;0;A01
2,016E+11;0;7;0;0;0;0;0;A01
2,016E+11;0;33;0;0;0;0;0;B01
2,016E+11;0;31;0;16;0;0;0;A01
2,016E+11;0;2;0;16;0;0;0;A01
2,016E+11;0;1;0;0;2;0;0;A01
2,016E+11;0;7;0;0;2;1;0;B01
2,016E+11;0;2;0;16;0;0;0;A01
2,016E+11;1;7;0;0;2;1;2;A01
2,016E+11;2;7;0;0;2;4;2;B01
2,016E+11;2;10;0;0;2;1;2;C01
2,016E+11;0;7;0;0;2;2;1;A01
2,016E+11;0;1;0;0;2;0;0;B01
2,016E+11;0;7;0;2;0;0;0;A01
2,016E+11;0;7;0;0;2;8;0;B01
2,016E+11;0;2;0;0;2;1;0;A01
2,016E+11;0;7;0;0;2;5;2;B01
2,016E+11;0;1;0;0;2;1;2;A01
2,016E+11;1;7;0;0;2;1;2;A01
2,016E+11;1;7;0;0;2;4;2;B01
2,016E+11;0;7;0;0;2;2;15;A01
2,016E+11;0;1;0;0;2;1;0;B01
2,016E+11;2;7;0;0;2;0;17;A01
2,016E+11;2;7;0;0;2;0;15;B01
2,016E+11;0;7;0;0;2;1;0;A01
2,016E+11;0;7;0;0;2;4;0;B01
2,016E+11;0;10;0;0;1;2;1;A01
2,016E+11;0;7;0;0;2;4;2;B01
2,016E+11;0;2;0;0;2;1;2;A01
2,016E+11;0;7;0;0;1;0;0;A01
2,016E+11;0;7;0;0;2;0;15;A01
2,016E+11;0;7;0;0;2;6;1;B01
2,016E+11;0;2;0;16;0;0;0;A01
2,016E+11;0;7;0;0;2;4;1;B01
2,016E+11;0;2;0;0;2;1;0;A01
2,016E+11;0;7;0;0;1;0;0;A01
2,016E+11;0;1;0;16;0;0;0;A01
2,016E+11;0;33;0;0;2;1;0;A01
2,016E+11;0;7;0;0;2;0;15;B01
2,016E+11;0;7;0;0;2;0;0;B01
2,016E+11;0;7;0;0;2;0;0;A01
2,016E+11;0;1;0;0;2;1;2;A01
2,016E+11;0;7;0;0;0;0;0;B01
2,016E+11;0;7;0;16;0;0;0;A01
2,016E+11;0;7;0;0;2;4;2;B01
2,016E+11;0;7;0;0;2;1;2;A01
2,016E+11;0;7;0;0;2;4;2;B01
2,016E+11;0;2;0;0;2;1;2;A01
2,016E+11;0;7;0;0;2;2;15;A01
2,016E+11;0;7;0;0;2;1;1;B01
2,016E+11;1;7;0;0;2;3;13;A01
2,016E+11;2;7;0;0;2;3;1;B01
2,016E+11;0;2;0;0;2;1;1;B01
2,016E+11;0;7;0;0;2;6;15;A01
2,016E+11;0;7;0;0;2;4;1;B01
2,016E+11;0;7;0;0;2;1;2;A01
2,016E+11;0;7;0;0;2;3;1;B01
2,016E+11;0;7;0;0;2;2;1;A01
2,016E+11;0;7;0;6;2;1;0;A01
2,016E+11;0;7;0;0;2;2;1;B01
2,016E+11;0;2;0;0;2;1;1;A01
2,016E+11;0;7;0;0;2;3;1;B01
2,016E+11;0;33;0;16;0;0;0;A01
2,016E+11;0;7;0;0;1;0;0;A01
2,016E+11;0;7;0;9;0;0;0;A01
2,016E+11;0;7;0;0;2;0;0;B01
2,016E+11;0;7;0;0;2;1;0;A01
2,016E+11;0;7;0;0;2;4;2;C01
2,016E+11;0;7;0;0;2;4;2;B01
2,016E+11;0;7;0;0;2;1;2;A01
2,016E+11;0;7;0;9;0;0;0;A01
2,016E+11;0;7;0;0;2;1;15;A01
2,016E+11;0;2;0;0;2;0;1;B01
2,016E+11;0;7;0;0;2;3;1;B01
2,016E+11;0;7;0;0;2;1;15;A01
2,016E+11;0;7;0;0;2;1;2;A01
2,016E+11;0;7;0;0;2;4;2;B01
2,016E+11;0;7;0;0;1;3;1;A01
2,016E+11;0;7;0;0;2;4;2;B01
2,016E+11;0;7;0;0;2;1;2;A01
2,016E+11;0;7;0;0;2;4;2;C01
2,016E+11;0;7;0;0;2;0;2;D01
2,016E+11;0;7;0;0;2;2;0;A01
2,016E+11;0;1;0;0;2;0;0;B01
2,016E+11;0;1;0;0;2;0;0;B01
2,016E+11;0;7;0;0;2;2;15;A01
2,016E+11;0;7;0;0;2;1;1;A01
2,016E+11;0;1;0;0;0;0;19;B01
2,016E+11;0;1;0;0;0;0;0;B01
2,016E+11;0;7;0;0;2;1;15;A01
2,016E+11;0;30;0;12;0;0;1;A01
2,016E+11;0;1;0;1;0;1;1;B01
2,016E+11;0;7;0;0;2;3;22;A01
2,016E+11;0;1;0;0;2;4;0;B01
2,016E+11;0;7;0;0;2;0;0;A01
2,016E+11;0;7;0;0;2;1;2;A01
2,016E+11;0;7;0;0;1;4;0;B01
2,016E+11;0;7;0;0;2;3;0;B01
2,016E+11;0;30;0;0;2;1;0;A01
2,016E+11;0;7;0;6;0;0;0;A01
2,016E+11;0;7;0;0;2;7;1;B01
2,016E+11;0;7;0;0;2;1;1;A01
2,016E+11;2;7;0;0;2;1;2;A01
2,016E+11;2;7;0;0;2;4;2;C01
2,016E+11;2;7;0;0;2;4;2;B01
2,016E+11;0;7;0;0;1;4;20;A01
2,016E+11;0;2;0;16;0;0;1;A01
2,016E+11;1;7;0;0;2;8;1;B01
2,016E+11;2;7;0;0;2;3;13;A01
2,016E+11;1;7;0;0;1;1;0;A01
2,016E+11;2;30;0;0;2;6;1;B01
2,016E+11;0;1;0;0;2;0;0;B01
2,016E+11;0;7;0;0;2;2;2;A01
2,016E+11;0;7;0;0;1;0;0;A01
2,016E+11;2;7;0;0;2;7;1;B01
2,016E+11;2;30;0;0;2;8;11;A01
2,016E+11;0;2;0;16;0;0;15;A01
2,016E+11;0;7;0;12;0;3;13;A01
2,016E+11;1;7;0;0;1;1;1;A01
2,016E+11;0;10;0;0;1;3;15;A01
2,016E+11;1;7;0;0;1;3;1;A01
2,016E+11;2;7;0;0;2;1;1;B01
2,016E+11;2;7;0;0;2;1;1;C01
2,016E+11;0;7;0;0;2;2;15;A01
2,016E+11;1;7;0;0;1;2;1;A01
2,016E+11;1;7;0;0;2;4;2;B01
2,016E+11;1;7;0;0;2;1;2;A01
2,016E+11;1;7;0;0;2;4;2;C01
2,016E+11;0;7;0;0;2;9;1;A01
2,016E+11;0;7;0;0;2;1;1;B01
2,016E+11;2;7;0;0;2;1;2;A01
2,016E+11;2;7;0;0;2;4;2;B01
2,016E+11;2;33;0;0;2;1;1;B01
2,016E+11;1;7;0;0;2;1;15;A01
2,016E+11;0;7;0;0;0;0;10;A01
2,016E+11;1;33;0;0;0;0;16;B01
2,016E+11;0;7;0;0;2;4;2;B01
2,016E+11;0;7;0;0;2;1;2;A01
2,016E+11;2;7;0;4;0;2;1;A01
2,016E+11;0;1;0;0;2;0;1;B01
2,016E+11;0;7;0;0;2;3;13;A01
2,016E+11;0;7;0;0;2;6;1;B01
2,016E+11;0;33;0;0;2;1;0;A01
2,016E+11;0;7;0;2;0;3;0;A01
2,016E+11;0;7;0;0;2;1;1;A01
2,016E+11;0;7;0;0;2;7;1;B01
2,016E+11;0;2;0;0;2;4;2;B01
2,016E+11;0;7;0;0;2;1;2;A01
2,016E+11;0;2;0;0;2;1;1;B01
2,016E+11;0;7;0;0;2;3;0;A01
2,016E+11;0;7;0;0;1;2;0;A01
2,016E+11;0;7;0;0;1;0;0;A01
2,016E+11;0;33;0;16;0;0;0;A01
2,016E+11;0;7;0;0;1;0;0;A01
2,016E+11;0;2;0;16;0;0;0;A01
2,016E+11;0;7;0;0;2;3;0;B01
2,016E+11;0;7;0;0;2;0;0;A01
2,016E+11;1;33;0;0;2;1;2;A01
2,016E+11;1;7;0;0;2;4;2;B01
2,016E+11;0;7;0;0;1;0;0;A01
2,016E+11;0;33;0;0;2;1;0;A01
2,016E+11;0;7;0;0;2;3;0;B01
2,016E+11;0;1;0;16;0;0;0;A01
2,016E+11;0;33;0;0;2;7;1;A01
2,016E+11;0;7;0;0;2;2;1;B01
2,016E+11;0;33;0;2;1;0;1;A01
2,016E+11;1;7;0;16;0;0;1;A01
2,016E+11;0;7;0;0;2;7;15;B01
2,016E+11;0;2;0;0;2;1;0;A01
2,016E+11;0;1;0;16;0;0;1;A01
2,016E+11;0;7;0;0;2;1;0;A01
2,016E+11;0;1;0;0;2;0;0;B01
2,016E+11;1;7;0;0;2;4;0;B01
2,016E+11;1;7;0;0;2;1;0;A01
2,016E+11;0;7;0;0;2;8;0;A01
2,016E+11;0;2;0;0;2;3;0;B01
2,016E+11;0;33;0;16;0;0;0;A01
2,016E+11;0;1;0;16;0;0;0;A01
2,016E+11;2;33;0;0;2;1;1;B01
2,016E+11;1;7;0;0;2;2;15;A01
2,016E+11;0;7;0;12;0;0;0;A01
2,016E+11;0;1;0;0;2;1;0;B01
2,016E+11;0;7;0;0;2;3;24;A01
2,016E+11;0;1;0;0;2;0;0;B01
2,016E+11;0;7;0;0;2;0;0;A01
2,016E+11;0;1;0;16;0;0;0;A01
2,016E+11;0;7;0;8;0;0;0;A01
2,016E+11;0;10;0;6;0;0;0;A01
2,016E+11;0;7;0;0;1;5;0;A01
2,016E+11;0;7;0;0;2;1;15;A01
2,016E+11;0;7;0;0;2;1;1;B01
2,016E+11;0;7;0;0;2;2;0;B01
2,016E+11;0;2;0;0;2;1;0;A01
2,016E+11;0;7;0;0;2;1;0;B01
2,016E+11;0;7;0;0;2;8;0;A01
2,016E+11;0;7;0;0;2;0;0;A01
2,016E+11;0;1;0;0;2;0;1;B01
2,016E+11;0;7;0;0;1;1;1;A01
2,016E+11;0;33;0;16;0;0;0;A01
2,016E+11;0;2;0;16;0;0;0;A01
2,016E+11;0;1;0;16;0;0;0;A01
2,016E+11;0;7;0;0;1;0;0;A01
2,016E+11;0;7;0;0;2;1;0;A01
2,016E+11;0;7;0;0;2;3;0;B01
2,016E+11;1;7;0;11;0;9;1;A01
2,016E+11;0;2;0;0;2;2;16;A01
2,016E+11;0;7;0;0;2;3;1;B01
2,016E+11;1;7;0;0;2;1;1;B01
2,016E+11;1;7;0;0;2;3;1;A01
2,016E+11;1;7;0;0;2;7;1;B01
2,016E+11;2;1;0;0;2;1;1;A01
2,016E+11;1;7;0;0;2;8;1;B01
2,016E+11;1;30;0;0;2;7;2;A01
2,016E+11;2;7;0;0;2;2;1;B01
2,016E+11;2;7;0;0;2;1;1;A01
2,016E+11;2;7;0;0;2;2;2;A01
2,016E+11;2;1;0;0;2;4;2;B01
2,016E+11;2;7;0;0;2;1;1;A01
2,016E+11;2;1;0;0;2;8;1;B01
2,016E+11;1;30;0;0;2;1;2;A01
2,016E+11;1;7;0;0;2;4;2;B01
2,016E+11;2;7;0;0;2;4;2;B01
2,016E+11;2;7;0;0;2;1;2;A01
2,016E+11;2;7;0;0;2;4;2;C01
2,016E+11;2;7;0;0;0;4;2;D01
2,016E+11;1;7;0;0;2;2;15;A01
2,016E+11;1;7;0;1;2;8;1;B01
2,016E+11;0;1;0;16;0;0;0;A01
2,016E+11;0;1;0;16;0;0;0;A01
2,016E+11;0;1;0;16;0;0;0;A01
2,016E+11;1;7;0;16;0;0;0;A01
2,016E+11;0;33;0;16;0;0;0;A01
2,016E+11;0;33;0;16;0;0;0;A01
2,016E+11;0;2;0;16;0;0;0;A01
2,016E+11;0;7;0;0;1;1;1;A01
2,016E+11;1;30;0;1;0;7;1;A01
2,016E+11;1;33;0;0;0;7;1;A01
2,016E+11;2;7;0;0;2;1;2;A01
2,016E+11;2;7;0;0;2;4;2;B01
2,016E+11;2;7;0;0;2;4;2;C01
2,016E+11;2;1;0;0;1;1;2;A01
2,016E+11;2;7;0;0;2;3;13;A01
2,016E+11;1;7;0;0;2;3;1;B01
2,016E+11;1;7;0;0;0;0;0;B01
2,016E+11;1;30;0;0;0;0;0;A01
2,016E+11;2;7;0;0;2;1;2;A01
2,016E+11;2;7;0;0;2;4;2;B01
2,016E+11;0;30;0;0;0;0;0;A01
2,016E+11;2;7;0;0;2;4;2;B01
2,016E+11;2;1;0;0;2;1;2;A01
2,016E+11;1;2;0;0;2;1;1;B01
2,016E+11;1;7;0;0;2;4;4;A01
2,016E+11;1;7;0;0;1;2;1;A01
2,016E+11;1;7;0;0;2;7;12;A01
2,016E+11;1;14;0;0;2;3;1;B01
2,016E+11;2;7;0;0;2;3;15;B01
2,016E+11;2;2;0;0;2;1;17;A01
2,016E+11;1;7;0;0;2;2;2;A01
2,016E+11;1;7;0;0;2;4;2;B01
2,016E+11;0;7;0;0;2;0;0;B01
2,016E+11;0;7;0;0;2;0;0;A01
2,016E+11;1;7;0;0;2;4;1;B01
2,016E+11;1;7;0;0;2;1;2;A01
2,016E+11;1;7;0;0;2;8;15;B01
2,016E+11;1;33;0;0;2;7;17;A01
2,016E+11;2;7;0;0;1;1;1;A01
2,016E+11;1;7;0;0;2;2;16;A01
2,016E+11;1;1;0;0;2;1;1;B01
2,016E+11;0;7;0;0;1;4;4;A01
2,016E+11;1;7;0;0;2;4;2;A01
2,016E+11;1;7;0;0;2;4;2;B01
2,016E+11;1;7;0;0;2;1;2;C01
2,016E+11;1;30;0;0;2;1;2;A01
2,016E+11;1;7;0;0;2;4;1;B01
2,016E+11;1;7;0;0;1;2;16;A01
2,016E+11;1;7;0;0;2;3;9;A01
2,016E+11;1;30;0;0;2;1;1;B01
2,016E+11;1;7;0;0;1;2;17;A01
2,016E+11;1;7;0;4;0;3;16;A01
2,016E+11;2;30;0;0;2;7;15;A01
2,016E+11;1;2;0;0;2;1;1;B01
2,016E+11;0;2;0;0;0;0;0;A01
2,016E+11;0;7;0;0;2;8;0;B01
2,016E+11;0;2;0;12;0;1;0;A01
2,016E+11;0;14;0;0;1;0;0;Z01
2,016E+11;1;7;0;0;2;1;1;B01
2,016E+11;2;7;0;0;2;3;15;A01
2,016E+11;1;10;0;2;0;1;13;A01
2,016E+11;2;7;0;0;2;3;13;A01
2,016E+11;1;7;0;0;2;3;1;B01
2,016E+11;2;7;0;0;2;1;2;A01
2,016E+11;2;7;0;0;2;4;2;B01
2,016E+11;1;7;0;11;0;1;1;A01
2,016E+11;1;7;0;6;0;1;1;A01
2,016E+11;1;7;0;13;0;1;1;A01
2,016E+11;2;1;0;0;2;5;1;B01
2,016E+11;2;7;0;0;2;2;1;A01
2,016E+11;1;7;0;0;1;1;1;A01
2,016E+11;1;33;0;12;0;1;15;A01
2,016E+11;2;7;0;6;0;1;1;A01
2,016E+11;2;7;0;0;1;1;1;A01
2,016E+11;1;7;0;0;2;1;2;A01
2,016E+11;1;7;0;0;2;4;2;B01
2,016E+11;1;7;0;0;2;6;2;C01
2,016E+11;2;7;0;0;2;1;1;A01
2,016E+11;1;7;0;0;2;1;1;B01
2,016E+11;2;7;0;0;2;1;1;A01
2,016E+11;2;7;0;0;2;4;1;B01
2,016E+11;2;7;0;0;2;4;1;C01
2,016E+11;1;31;0;0;0;0;1;A01
2,016E+11;1;7;0;1;0;1;1;A01
2,016E+11;2;7;0;0;1;2;15;A01
2,016E+11;0;7;0;0;2;1;2;A01
2,016E+11;0;7;0;0;2;4;2;B01
2,016E+11;2;7;0;0;2;8;2;A01
2,016E+11;2;30;0;0;2;7;2;B01
2,016E+11;2;7;0;1;0;2;14;A01
2,016E+11;1;14;0;0;2;1;2;A01
2,016E+11;1;7;0;0;2;4;2;B01
2,016E+11;0;1;0;0;0;0;21;A01
2,016E+11;2;1;0;0;1;1;7;A01
2,016E+11;0;2;0;0;0;0;1;A01
2,016E+11;0;7;0;2;0;1;1;A01
2,016E+11;1;7;0;0;2;7;15;A01
2,016E+11;2;30;0;0;2;1;1;B01
2,016E+11;1;33;0;0;0;8;1;A01
2,016E+11;0;7;0;0;2;8;0;A01
2,016E+11;0;20;0;0;2;1;0;B01
2,016E+11;2;7;0;0;2;1;1;A01
2,016E+11;1;1;0;0;2;8;0;B01
2,016E+11;1;7;0;0;2;1;15;A01
2,016E+11;2;2;0;0;2;1;1;B01
2,016E+11;1;7;0;0;2;1;15;A01
2,016E+11;2;7;0;0;2;1;1;B01
2,016E+11;1;7;0;0;2;2;15;B01
2,016E+11;2;7;0;0;2;3;1;A01
2,016E+11;0;2;0;0;2;4;2;A01
2,016E+11;0;7;0;0;2;1;2;Z01
2,016E+11;0;7;0;0;1;0;1;A01
2,016E+11;0;7;0;0;2;1;2;A01
2,016E+11;0;7;0;0;2;4;2;B01
2,016E+11;0;7;0;0;2;0;0;A01
2,016E+11;0;2;0;0;2;0;0;B01
2,016E+11;1;7;0;0;1;1;1;A01
2,016E+11;2;2;0;0;2;1;1;A01
2,016E+11;1;7;0;0;2;7;15;B01
2,016E+11;0;33;0;0;0;0;15;A01
2,016E+11;0;2;0;0;0;0;1;A01
2,016E+11;2;7;0;0;2;1;13;A01
2,016E+11;1;7;0;14;0;8;1;C03
2,016E+11;1;7;0;0;2;1;1;B02
2,016E+11;1;17;0;0;2;8;1;C03
2,016E+11;1;7;0;0;2;1;1;B02
2,016E+11;2;7;0;0;2;7;13;A01
2,016E+11;2;1;0;0;0;3;0;B02
2,016E+11;1;10;0;0;0;7;0;A01
2,016E+11;0;7;0;13;0;1;1;A01
2,016E+11;2;31;0;0;2;8;17;A01
2,016E+11;1;14;0;0;2;8;1;B02
2,016E+11;1;34;0;0;0;1;1;A01
2,016E+11;2;2;0;0;2;8;0;B01
2,016E+11;2;7;0;0;2;3;0;A01
2,016E+11;1;10;0;0;2;1;2;A01
2,016E+11;1;34;0;0;2;4;23;B01
2,016E+11;1;1;0;0;9;0;1;A01
2,016E+11;2;2;0;0;0;0;0;A01
2,016E+11;2;7;0;0;0;0;9;C01
2,016E+11;2;7;0;0;2;1;1;A01
2,016E+11;1;7;0;0;2;4;12;B01
2,016E+11;2;7;0;8;2;3;1;B01
2,016E+11;1;7;0;0;2;1;15;A01
2,016E+11;2;30;0;15;2;3;1;A01
2,016E+11;1;7;0;0;2;4;2;B01
2,016E+11;1;31;0;0;2;1;21;A01
2,016E+11;2;7;0;0;2;5;15;B01
2,016E+11;1;7;0;0;1;0;0;A01
2,016E+11;1;7;0;0;2;4;23;C01
2,016E+11;1;7;0;14;2;1;1;A01
2,016E+11;1;10;0;0;2;4;23;B01
2,016E+11;1;1;0;0;2;1;21;B01
2,016E+11;2;7;0;0;2;2;23;A01
2,016E+11;0;7;0;0;1;3;15;A01
2,016E+11;1;7;0;0;2;1;2;A01
2,016E+11;1;7;0;0;2;4;23;B01
2,016E+11;1;7;0;0;2;2;15;A01
2,016E+11;1;30;0;0;2;7;21;B01
2,016E+11;0;2;0;0;2;3;1;B01
2,016E+11;0;7;0;0;2;2;15;A01
2,016E+11;2;7;0;0;1;3;1;A01
2,016E+11;1;2;0;0;2;1;1;B01
2,016E+11;2;1;0;0;2;2;17;A01
2,016E+11;1;7;0;0;2;7;16;B01
2,016E+11;1;2;0;0;2;8;2;A01
2,016E+11;2;7;0;0;1;7;1;A01
2,016E+11;1;7;0;0;2;6;23;B01
2,016E+11;1;7;0;0;2;1;1;A01
2,016E+11;1;7;0;0;2;7;1;B01
2,016E+11;1;7;0;0;2;3;1;A01
2,016E+11;2;1;0;0;2;1;1;B01
2,016E+11;2;10;0;0;2;2;15;A01
2,016E+11;1;7;0;0;2;4;23;C01
2,016E+11;1;7;0;0;2;1;2;A01
2,016E+11;1;7;0;0;2;4;2;B01
2,016E+11;1;7;0;0;2;8;16;A01
2,016E+11;2;33;0;0;2;1;1;B01
2,016E+11;1;7;0;0;2;1;2;A01
2,016E+11;1;7;0;0;2;4;2;B01
2,016E+11;1;7;0;0;2;4;1;C01
2,016E+11;2;7;0;0;2;4;0;B01
2,016E+11;2;2;0;0;2;1;0;A01
2,016E+11;2;7;0;0;1;1;1;A01
2,016E+11;1;7;0;0;1;1;1;A01
2,016E+11;1;7;0;0;0;9;1;A01
2,016E+11;1;1;0;0;1;1;1;A01
2,016E+11;2;7;0;6;0;1;1;A01
2,016E+11;2;7;0;0;0;0;15;B01
2,016E+11;1;30;0;0;2;1;17;A01
2,016E+11;1;7;0;0;2;8;15;B01
2,016E+11;1;1;0;0;2;0;15;B01
2,016E+11;1;7;0;0;2;2;2;A01
2,016E+11;2;7;0;0;2;3;15;B01
2,016E+11;2;33;0;0;2;2;17;A01
2,016E+11;1;7;0;2;0;1;0;A01
2,016E+11;1;33;0;0;1;1;2;A01
2,016E+11;1;31;0;0;2;1;1;B01
2,016E+11;2;7;0;0;2;1;10;A01
2,016E+11;0;2;0;0;2;8;15;A01
2,016E+11;1;33;0;0;2;7;17;B01
2,016E+11;2;7;0;0;1;1;1;A01
2,016E+11;1;33;0;0;2;8;1;B01
2,016E+11;2;7;0;0;2;2;15;A01
2,016E+11;1;33;0;0;2;8;1;B01
2,016E+11;1;7;0;0;2;3;15;A01
2,016E+11;2;7;0;0;2;4;23;E01
2,016E+11;2;7;0;0;2;4;23;B01
2,016E+11;2;7;0;0;2;1;1;A01
2,016E+11;2;7;0;0;2;4;23;D01
2,016E+11;2;7;0;0;2;4;23;C01
2,016E+11;1;33;0;0;2;1;1;B01
2,016E+11;2;7;0;0;2;1;15;A01
2,016E+11;2;7;0;0;2;1;2;A01
2,016E+11;2;7;0;0;2;4;23;C01
2,016E+11;2;33;0;0;2;4;2;B01
2,016E+11;0;7;0;0;2;7;0;Z01
2,016E+11;2;1;0;0;2;0;1;B01
2,016E+11;2;37;1;0;2;1;21;B01