Num_Acc;senc;catv;occutc;obs;obsm;choc;manv;num_veh
2,016E+11;0;7;0;0;2;6;15;A01
2,016E+11;0;33;0;0;2;1;1;B01
2,016E+11;0;30;0;0;2;0;13;A01
2,016E+11;0;7;0;0;2;3;16;B01
2,016E+11;0;7;0;0;2;3;9;A01
2,016E+11;0;2;0;0;2;2;1;B01
2,016E+11;0;7;0;0;1;4;20;A01
2,016E+11;0;7;0;0;2;4;1;B01
2,016E+11;0;30;0;0;2;1;2;A01
2,016E+11;0;7;0;0;2;7;20;A01
2,016E+11;0;30;0;0;2;8;0;B01
2,016E+11;0;7;0;0;2;1;1;A01
2,016E+11;0;7;0;0;2;4;1;B01
2,016E+11;0;7;0;0;1;0;1;A01
2,016E+11;0;33;0;0;2;1;1;B01
2,016E+11;0;7;0;0;2;5;15;A01
2,016E+11;0;7;0;0;2;2;1;A01
2,016E+11;0;1;0;0;2;1;1;B01
2,016E+11;0;7;0;0;2;8;19;B01
2,016E+11;2;33;0;0;2;1;1;A01
2,016E+11;0;7;0;0;2;1;1;B01
2,016E+11;0;7;0;0;2;1;1;A01
2,016E+11;0;7;0;0;2;2;1;A01
2,016E+11;0;7;0;0;2;4;2;B01
2,016E+11;0;7;0;0;2;7;15;B01
2,016E+11;0;33;0;0;2;3;1;A01
2,016E+11;0;7;0;0;2;5;1;A01
2,016E+11;2;7;0;0;2;1;1;B01
2,016E+11;2;7;0;0;2;8;1;B01
2,016E+11;2;7;0;0;2;2;9;A01
2,016E+11;0;7;0;0;2;5;16;A01
2,016E+11;0;1;0;0;2;8;1;B01
2,016E+11;1;7;0;0;2;4;2;B01
2,016E+11;1;7;0;0;2;4;2;D01
2,016E+11;1;7;0;0;2;4;2;C01
2,016E+11;1;7;0;0;2;1;2;A01
2,016E+11;0;7;0;0;2;1;2;A01
2,016E+11;0;7;0;0;2;4;2;B01
2,016E+11;1;7;0;0;2;3;0;A01
2,016E+11;0;1;0;0;2;0;0;B01
2,016E+11;0;7;0;0;1;1;1;A01
2,016E+11;0;7;0;0;2;4;23;B01
2,016E+11;0;7;0;0;2;4;23;C01
2,016E+11;0;7;0;0;2;1;1;A01
2,016E+11;0;7;0;0;2;0;0;A01
2,016E+11;0;1;0;0;2;0;0;B01
2,016E+11;0;1;0;0;2;7;0;B01
2,016E+11;0;7;0;0;2;3;9;A01
2,016E+11;0;7;0;0;2;3;13;B01
2,016E+11;0;7;0;0;2;3;1;A01
2,016E+11;0;7;0;0;2;3;9;A01
2,016E+11;0;1;0;0;2;1;1;B01
2,016E+11;0;7;0;0;1;3;0;A01
2,016E+11;1;7;0;0;2;1;2;A01
2,016E+11;1;7;0;0;2;4;0;B01
2,016E+11;1;33;0;0;2;8;2;A01
2,016E+11;1;7;0;0;2;4;1;B01
2,016E+11;0;1;0;0;2;1;1;B01
2,016E+11;0;10;0;0;2;2;16;A01
2,016E+11;0;7;0;0;2;4;1;B01
2,016E+11;0;7;0;0;2;1;1;A01
2,016E+11;0;7;0;0;2;4;1;C01
2,016E+11;2;31;0;0;2;1;2;B01
2,016E+11;2;7;0;0;2;8;15;A01
2,016E+11;0;7;0;0;2;0;0;B01
2,016E+11;0;32;0;0;2;8;2;A01
2,016E+11;2;7;0;0;2;9;1;B01
2,016E+11;2;7;0;0;2;4;1;C01
2,016E+11;2;10;0;0;2;1;2;A01
2,016E+11;0;10;0;0;2;5;14;A01
2,016E+11;0;2;0;0;2;8;1;B01
2,016E+11;0;7;0;0;2;2;15;A01
2,016E+11;0;30;0;0;2;1;1;B01
2,016E+11;0;7;0;0;2;3;15;B01
2,016E+11;0;2;0;0;2;2;17;A01
2,016E+11;1;7;0;0;2;8;16;B01
2,016E+11;1;7;0;0;2;2;15;A01
2,016E+11;0;7;0;0;2;3;0;A01
2,016E+11;0;2;0;0;2;1;1;B01
2,016E+11;0;1;0;0;2;1;2;A01
2,016E+11;;7;0;0;2;4;23;B01
2,016E+11;0;7;0;0;1;3;1;A01
2,016E+11;0;7;0;0;1;1;1;A01
2,016E+11;1;7;0;0;2;7;16;B01
2,016E+11;1;32;0;0;2;8;17;A01
2,016E+11;0;7;0;0;1;1;1;A01
2,016E+11;0;1;0;0;2;0;1;B01
2,016E+11;0;7;0;0;2;3;9;A01
2,016E+11;0;7;0;0;2;3;15;A01
2,016E+11;0;7;0;0;2;1;1;B01
2,016E+11;0;3;0;0;2;2;2;A01
2,016E+11;2;7;0;0;2;4;2;B01
2,016E+11;1;7;0;0;2;3;6;A01
2,016E+11;2;33;0;0;2;1;1;B01
2,016E+11;0;7;0;0;2;2;1;B01
2,016E+11;0;7;0;0;2;1;9;A01
2,016E+11;0;7;0;0;2;4;23;B01
2,016E+11;0;1;0;0;2;1;2;A01
2,016E+11;0;7;0;0;1;2;1;A01
2,016E+11;2;7;0;0;2;1;2;A01
2,016E+11;2;7;0;0;2;4;2;C01
2,016E+11;2;7;0;0;2;4;2;B01
2,016E+11;0;2;0;0;1;1;1;A01
2,016E+11;0;7;0;0;1;1;1;A01
2,016E+11;0;1;0;12;0;0;0;A01
2,016E+11;0;37;20;0;9;0;1;A01
2,016E+11;0;1;0;0;2;8;5;B01
2,016E+11;0;1;0;0;2;1;17;A01
2,016E+11;2;7;0;0;2;1;1;A01
2,016E+11;2;7;0;0;2;3;1;B01
2,016E+11;1;7;0;0;2;1;2;A01
2,016E+11;1;7;0;0;2;4;2;B01
2,016E+11;1;7;0;0;2;4;2;C01
2,016E+11;0;7;0;0;2;3;15;A01
2,016E+11;0;2;0;0;2;7;1;B01
2,016E+11;1;7;0;15;0;1;13;A01
2,016E+11;0;7;0;0;2;4;1;B01
2,016E+11;0;7;0;0;2;1;1;A01
2,016E+11;0;7;0;0;2;8;1;B01
2,016E+11;0;7;0;0;2;3;13;A01
2,016E+11;0;7;0;0;2;1;1;B01
2,016E+11;2;7;0;0;2;2;1;C01
2,016E+11;0;7;0;0;2;1;1;A01
2,016E+11;0;7;0;0;2;1;15;A01
2,016E+11;0;7;0;0;2;3;1;B01
2,016E+11;0;2;0;0;2;1;2;A01
2,016E+11;0;7;0;0;2;4;2;B01
2,016E+11;0;37;10;0;0;0;21;A01
2,016E+11;0;1;0;0;2;1;1;B01
2,016E+11;0;7;0;0;2;3;15;A01
2,016E+11;0;7;0;0;2;4;1;B01
2,016E+11;0;7;0;0;2;1;1;A01
2,016E+11;0;7;0;0;2;1;2;A01
2,016E+11;0;7;0;0;2;4;2;B01
2,016E+11;0;7;0;0;2;4;2;C01
2,016E+11;0;7;0;0;2;4;2;D01
2,016E+11;0;7;0;0;2;1;1;B01
2,016E+11;0;7;0;0;2;2;15;A01
2,016E+11;0;7;0;0;1;1;1;A01
2,016E+11;0;7;0;0;2;1;15;A01
2,016E+11;1;7;0;0;2;1;1;B01
2,016E+11;0;7;0;0;2;1;2;A01
2,016E+11;0;7;0;0;2;4;1;B01
2,016E+11;0;7;0;8;0;2;14;A01
2,016E+11;0;7;0;0;2;3;1;B01
2,016E+11;0;7;0;0;2;1;1;A01
2,016E+11;0;7;0;0;2;1;1;C01
2,016E+11;;7;0;0;2;1;13;A01
2,016E+11;0;7;0;0;2;6;1;B01
2,016E+11;0;7;0;0;1;1;0;A01
2,016E+11;0;7;0;0;2;1;2;A01
2,016E+11;2;7;0;0;2;4;2;C01
2,016E+11;2;7;0;0;2;4;2;B01
2,016E+11;0;7;0;0;2;6;1;B01
2,016E+11;;30;0;0;2;1;1;A01
2,016E+11;2;1;0;0;2;1;1;B01
2,016E+11;2;7;0;0;2;5;16;A01
2,016E+11;0;7;0;0;2;1;15;A01
2,016E+11;0;7;0;0;2;1;1;B01
2,016E+11;0;3;0;0;2;1;19;B01
2,016E+11;0;7;0;0;2;2;15;A01
2,016E+11;0;7;0;0;2;1;1;B01
2,016E+11;0;7;0;0;2;1;15;A01
2,016E+11;2;33;0;0;2;1;17;B01
2,016E+11;1;7;0;0;2;3;1;A01
2,016E+11;2;7;0;0;2;2;1;B01
2,016E+11;1;7;0;0;2;3;1;A01
2,016E+11;1;33;0;0;2;1;1;B01
2,016E+11;1;7;0;0;2;3;10;A01
2,016E+11;0;30;0;0;2;1;1;B01
2,016E+11;0;7;0;0;2;2;15;A01
2,016E+11;0;7;0;0;2;2;15;A01
2,016E+11;0;30;0;0;2;1;1;B01
2,016E+11;1;10;0;0;2;2;1;B01
2,016E+11;2;7;0;0;2;1;15;A01
2,016E+11;0;7;0;0;2;1;1;B01
2,016E+11;0;7;0;0;2;3;15;A01
2,016E+11;0;7;0;0;1;3;1;A01
2,016E+11;0;7;0;0;1;0;0;Z01
2,016E+11;0;2;0;0;2;1;2;B01
2,016E+11;0;17;0;0;2;8;10;A01
2,016E+11;0;30;0;0;2;0;1;B01
2,016E+11;0;7;0;0;2;0;15;A01
2,016E+11;;7;0;0;2;1;9;A01
2,016E+11;0;33;0;0;2;8;1;B01
2,016E+11;0;1;0;0;2;4;1;B01
2,016E+11;;7;0;0;2;2;2;A01
2,016E+11;0;7;0;0;2;3;1;B01
2,016E+11;0;7;0;0;2;1;15;A01
2,016E+11;0;7;0;0;2;6;1;C01
2,016E+11;0;30;0;0;1;2;1;A01
2,016E+11;0;7;0;0;2;4;2;C01
2,016E+11;0;7;0;0;2;1;1;A01
2,016E+11;0;7;0;0;2;4;2;B01
2,016E+11;0;30;0;0;2;1;2;A01
2,016E+11;0;7;0;0;2;4;1;B01
2,016E+11;0;2;0;0;2;7;1;B01
2,016E+11;0;7;0;0;2;0;0;Z01
2,016E+11;1;7;0;0;1;1;15;A01
2,016E+11;0;1;0;0;2;1;1;C01
2,016E+11;0;7;0;0;2;2;15;A01
2,016E+11;0;1;0;0;2;1;0;B01
2,016E+11;0;7;0;0;1;8;1;A01
2,016E+11;0;2;0;0;2;1;1;B01
2,016E+11;0;7;0;0;2;3;15;A01
2,016E+11;0;7;0;0;2;1;2;A01
2,016E+11;0;7;0;0;2;4;1;B01
2,016E+11;2;7;0;0;2;0;0;B01
2,016E+11;1;32;0;0;2;0;0;A01
2,016E+11;0;7;0;0;1;1;0;A01
2,016E+11;1;7;0;0;2;1;1;B01
2,016E+11;2;7;0;0;2;2;15;A01
2,016E+11;0;7;0;0;2;3;1;A01
2,016E+11;0;2;0;0;2;1;1;B01
2,016E+11;0;7;0;0;1;4;4;A01
2,016E+11;;7;0;0;2;4;23;C01
2,016E+11;0;7;0;0;2;4;23;B01
2,016E+11;0;7;0;0;2;1;2;A01
2,016E+11;0;7;0;0;2;6;2;B01
2,016E+11;0;7;0;0;2;2;2;A01
2,016E+11;;7;0;0;2;3;1;A01
2,016E+11;0;1;0;0;2;1;15;B01
2,016E+11;0;7;0;0;2;1;2;A01
2,016E+11;0;7;0;0;2;4;2;B01
2,016E+11;0;7;0;0;2;3;1;A01
2,016E+11;0;2;0;0;2;1;1;B01
2,016E+11;0;7;0;0;2;1;15;A01
2,016E+11;0;30;0;0;2;1;1;B01
2,016E+11;0;7;0;0;1;1;1;A01
2,016E+11;0;7;0;0;2;2;16;A01
2,016E+11;0;1;0;0;2;1;1;B01
2,016E+11;0;2;0;0;2;8;12;B01
2,016E+11;0;7;0;0;2;7;11;A01
2,016E+11;2;7;0;0;2;1;1;A01
2,016E+11;2;7;0;0;2;4;1;B01
2,016E+11;0;7;0;0;1;2;15;A01
2,016E+11;1;7;0;0;2;4;15;B01
2,016E+11;1;7;0;0;2;3;2;A01
2,016E+11;0;7;0;0;2;2;1;A01
2,016E+11;0;7;0;0;2;1;1;B01
2,016E+11;1;7;0;0;2;3;15;A01
2,016E+11;0;2;0;0;2;2;1;B01
2,016E+11;0;7;0;0;2;4;23;B01
2,016E+11;0;7;0;0;2;1;1;A01
2,016E+11;0;7;0;0;2;4;2;B01
2,016E+11;0;30;0;0;2;1;2;A01
2,016E+11;0;7;0;0;2;1;2;B01
2,016E+11;0;7;0;0;2;4;16;A01
2,016E+11;0;7;0;0;1;3;1;A01
2,016E+11;0;7;0;0;2;2;1;A01
2,016E+11;0;7;0;0;2;1;16;B01
2,016E+11;0;1;0;0;2;7;19;B01
2,016E+11;0;7;0;0;2;1;1;A01
2,016E+11;0;7;0;0;2;2;1;A01
2,016E+11;0;1;0;0;2;1;9;B01
2,016E+11;0;7;0;0;2;1;15;A01
2,016E+11;0;7;0;0;2;1;1;B01
2,016E+11;0;7;0;0;2;2;9;A01
2,016E+11;1;33;0;0;2;1;1;B01
2,016E+11;0;7;0;0;2;3;2;A01
2,016E+11;0;7;0;0;2;4;2;B01
2,016E+11;0;10;0;0;2;4;2;C01
2,016E+11;0;10;0;0;2;4;1;B01
2,016E+11;0;2;0;0;2;1;2;A01
2,016E+11;0;30;0;0;2;1;1;A01
2,016E+11;0;7;0;0;2;4;1;B01
2,016E+11;0;10;0;0;2;3;15;B01
2,016E+11;0;1;0;0;2;1;15;A01
2,016E+11;0;1;0;0;2;1;15;A01
2,016E+11;0;7;0;0;2;5;1;B01
2,016E+11;0;7;0;0;2;1;2;A01
2,016E+11;0;7;0;0;2;4;1;B01
2,016E+11;1;7;0;0;2;1;13;A01
2,016E+11;2;7;0;0;2;1;1;B01
2,016E+11;0;7;0;0;2;4;1;B01
2,016E+11;0;7;0;0;2;1;1;A01
2,016E+11;0;7;0;0;2;3;9;A01
2,016E+11;0;7;0;0;2;2;3;B01
2,016E+11;0;7;0;0;2;5;15;B01
2,016E+11;0;2;0;0;2;1;1;A01
2,016E+11;0;7;0;0;2;2;2;A01
2,016E+11;0;7;0;0;2;4;1;B01
2,016E+11;1;7;0;0;2;1;1;A01
2,016E+11;1;7;0;0;2;4;2;B01
2,016E+11;0;7;0;0;2;3;1;B01
2,016E+11;0;7;0;0;2;2;1;A01
2,016E+11;0;7;0;0;2;2;1;A01
2,016E+11;0;7;0;0;2;8;16;B01
2,016E+11;0;30;0;0;2;1;15;A01
2,016E+11;0;7;0;0;2;3;1;B01
2,016E+11;0;7;0;0;1;4;4;A01
2,016E+11;0;1;0;0;2;1;1;B01
2,016E+11;0;7;0;0;2;7;16;A01
2,016E+11;1;32;0;0;2;7;16;B01
2,016E+11;0;7;0;0;2;5;16;A01
2,016E+11;0;7;0;0;1;2;16;A01
2,016E+11;0;7;0;0;2;3;15;A01
2,016E+11;0;33;0;0;2;1;1;B01
2,016E+11;1;7;0;0;2;4;23;B01
2,016E+11;1;7;0;0;2;1;1;A01
2,016E+11;0;7;0;0;2;8;15;A01
2,016E+11;0;30;0;0;2;1;1;B01
2,016E+11;2;7;0;0;2;1;1;B01
2,016E+11;0;7;0;0;2;6;15;A01
2,016E+11;0;3;0;0;1;1;1;A01
2,016E+11;0;7;0;0;2;2;1;A01
2,016E+11;0;7;0;9;2;3;1;B01
2,016E+11;2;7;0;0;1;3;20;A01
2,016E+11;0;7;0;0;2;3;2;A01
2,016E+11;0;7;0;0;2;4;23;B01
2,016E+11;0;1;0;0;2;1;1;B01
2,016E+11;0;7;0;0;2;2;16;A01
2,016E+11;;7;0;0;2;2;15;A01
2,016E+11;0;1;0;0;2;3;16;B01
2,016E+11;0;33;0;0;2;1;1;B01
2,016E+11;0;7;0;0;2;0;19;A01
2,016E+11;0;7;0;0;2;8;0;A01
2,016E+11;0;7;0;0;2;7;23;B01
2,016E+11;0;7;0;0;2;3;9;A01
2,016E+11;0;30;0;0;2;1;1;B01
2,016E+11;0;37;10;0;2;1;1;C01
2,016E+11;0;30;0;0;2;2;0;B01
2,016E+11;0;7;0;0;2;4;4;A01
2,016E+11;0;7;0;0;2;4;1;B01
2,016E+11;0;7;0;0;2;1;2;A01
2,016E+11;0;7;0;0;2;4;1;B01
2,016E+11;0;7;0;0;2;1;2;A01
2,016E+11;0;7;0;0;2;2;15;A01
2,016E+11;0;7;0;0;2;1;1;B01
2,016E+11;0;7;0;0;2;4;2;B01
2,016E+11;0;7;0;0;2;1;2;A01
2,016E+11;0;2;0;0;2;1;2;A01
2,016E+11;0;7;0;0;2;6;1;B01
2,016E+11;0;7;0;0;2;1;1;A01
2,016E+11;0;7;0;0;2;4;20;B01
2,016E+11;0;7;0;0;1;1;1;A01
2,016E+11;0;7;0;0;2;3;1;A01
2,016E+11;0;7;0;6;2;1;1;B01
2,016E+11;1;7;0;0;2;4;2;C01
2,016E+11;0;7;0;0;2;4;2;B01
2,016E+11;0;7;0;0;2;1;2;A01
2,016E+11;1;7;0;0;2;6;11;A01
2,016E+11;1;7;0;0;2;8;1;B01
2,016E+11;0;14;0;0;2;4;2;A01
2,016E+11;0;7;0;0;0;0;0;B01
2,016E+11;0;7;0;0;2;4;2;C01
2,016E+11;0;33;0;0;2;1;1;B01
2,016E+11;0;7;0;0;2;3;15;A01
2,016E+11;0;7;0;0;2;3;1;B01
2,016E+11;0;30;0;0;2;7;17;A01
2,016E+11;0;7;0;0;1;1;15;A01
2,016E+11;0;7;0;0;2;0;0;A01
2,016E+11;0;1;0;0;2;1;19;B01
2,016E+11;0;7;0;0;2;3;15;A01
2,016E+11;0;7;0;0;2;3;1;B01
2,016E+11;0;7;0;0;2;3;20;A01
2,016E+11;0;34;0;0;2;7;1;B01
2,016E+11;0;10;0;0;2;6;24;B01
2,016E+11;0;7;0;0;2;1;2;A01
2,016E+11;0;7;0;0;2;2;10;A01
2,016E+11;0;7;0;0;2;1;1;B01
2,016E+11;2;7;0;0;2;1;1;A01
2,016E+11;2;7;0;0;2;4;1;B01
2,016E+11;0;7;0;0;1;2;15;A01
2,016E+11;0;7;0;0;2;3;16;A01
2,016E+11;0;7;0;0;2;2;1;B01
2,016E+11;0;7;0;0;2;8;11;A01
2,016E+11;0;2;0;0;2;7;1;B01
2,016E+11;0;7;0;0;2;4;1;B01
2,016E+11;0;7;0;0;2;1;2;A01
2,016E+11;0;30;0;0;2;1;16;B01
2,016E+11;0;7;0;0;2;7;15;A01
2,016E+11;0;7;0;0;2;1;15;A01
2,016E+11;0;7;0;0;2;4;1;B01
2,016E+11;0;7;0;0;2;4;1;C01
2,016E+11;0;7;0;0;2;1;2;A01
2,016E+11;0;7;0;0;2;4;2;B01
2,016E+11;0;33;0;0;2;1;1;B01
2,016E+11;0;7;0;0;2;3;15;A01
2,016E+11;0;1;0;0;2;8;2;B01
2,016E+11;0;7;0;0;2;7;2;A01
2,016E+11;0;7;0;0;1;1;1;A01
2,016E+11;2;7;0;0;0;4;0;B01
2,016E+11;2;7;0;0;2;1;1;A01
2,016E+11;1;1;0;0;2;1;1;B01
2,016E+11;1;7;0;0;2;3;15;A01
2,016E+11;1;7;0;0;2;1;1;B01
2,016E+11;2;30;0;0;2;1;1;A01
2,016E+11;2;7;0;0;0;0;0;A01
2,016E+11;2;7;0;0;1;8;1;A01
2,016E+11;2;7;0;0;2;1;2;A01
2,016E+11;2;7;0;0;2;4;2;B01
2,016E+11;1;7;0;0;2;4;2;B01
2,016E+11;1;7;0;0;2;1;2;A01
2,016E+11;1;7;0;0;2;4;0;C01
2,016E+11;1;31;0;0;2;1;1;A01
2,016E+11;2;7;0;0;2;8;1;B01
2,016E+11;2;7;0;0;2;3;5;A01
2,016E+11;1;7;0;0;2;3;1;B01
2,016E+11;2;7;0;0;2;4;1;B01
2,016E+11;2;2;0;0;2;1;2;A01
2,016E+11;0;30;0;0;2;0;1;B01
2,016E+11;0;7;0;0;2;3;15;A01
2,016E+11;1;7;0;0;2;1;1;B01
2,016E+11;2;10;0;0;2;3;0;A01
2,016E+11;;2;0;0;2;1;1;B01
2,016E+11;0;7;0;0;2;1;15;A01
2,016E+11;0;7;0;0;1;6;4;A01
2,016E+11;;7;0;0;2;1;19;A01
2,016E+11;0;2;0;0;2;1;1;B01
2,016E+11;0;7;0;0;2;1;1;B01
2,016E+11;0;1;0;0;2;8;19;A01
2,016E+11;0;7;0;0;0;4;2;B01
2,016E+11;0;7;0;0;2;1;2;A01
2,016E+11;0;7;0;0;0;4;2;C01
2,016E+11;2;7;0;0;2;7;15;A01
2,016E+11;1;31;0;0;2;1;0;B01
2,016E+11;2;7;0;0;2;8;0;B01
2,016E+11;2;7;0;0;2;1;0;A01
2,016E+11;0;10;0;0;2;3;1;A01
2,016E+11;0;38;10;0;2;3;1;B01
2,016E+11;1;7;0;0;2;4;2;B01
2,016E+11;1;37;10;0;2;1;2;A01
2,016E+11;2;31;0;0;2;1;1;B01
2,016E+11;1;7;0;0;2;8;15;A01
2,016E+11;1;7;0;0;2;6;2;B01
2,016E+11;1;32;0;0;2;1;2;A01
2,016E+11;0;7;0;0;1;4;4;A01
2,016E+11;1;7;0;0;2;3;1;B01
2,016E+11;2;7;0;0;2;1;5;A01
2,016E+11;0;7;0;0;2;2;15;A01
2,016E+11;0;31;0;0;2;1;1;B01
2,016E+11;1;7;0;0;2;8;1;C01
2,016E+11;1;7;0;0;2;1;15;A01
2,016E+11;1;32;0;0;2;1;3;B01
2,016E+11;1;7;0;0;2;4;2;B01
2,016E+11;1;10;0;0;2;1;2;A01
2,016E+11;2;7;0;0;2;1;2;A01
2,016E+11;2;7;0;0;2;0;0;B01
2,016E+11;2;7;0;0;2;0;0;D01
2,016E+11;2;7;0;0;2;0;0;C01
2,016E+11;2;7;0;0;2;3;1;A01
2,016E+11;2;2;0;0;2;5;1;B01
2,016E+11;2;33;0;0;2;1;2;A01
2,016E+11;2;7;0;0;2;4;2;B01
2,016E+11;0;7;0;0;2;4;2;B01
2,016E+11;0;7;0;0;2;2;2;A01
2,016E+11;0;7;0;0;0;0;0;C01
2,016E+11;1;7;0;0;2;5;2;C01
2,016E+11;1;7;0;0;2;4;2;B01
2,016E+11;1;7;0;0;2;4;2;A01
2,016E+11;2;2;0;0;2;1;2;B01
2,016E+11;2;7;0;0;2;6;15;A01
2,016E+11;0;1;0;0;2;1;1;A01
2,016E+11;0;7;0;0;2;0;0;Z01
2,016E+11;1;30;0;0;2;7;1;A01
2,016E+11;1;1;0;0;0;0;0;Z01
2,016E+11;2;34;0;0;2;1;1;B01
2,016E+11;1;7;0;0;2;3;15;A01
2,016E+11;0;7;0;0;1;4;4;A01
2,016E+11;2;33;0;0;2;4;2;A01
2,016E+11;2;7;0;0;2;2;2;Z01
2,016E+11;2;7;0;0;2;4;23;B01
2,016E+11;1;7;0;0;1;4;4;A01
2,016E+11;2;33;0;0;2;2;17;B01
2,016E+11;2;7;0;0;2;0;15;A01
2,016E+11;0;7;0;0;2;7;0;B01
2,016E+11;0;7;0;0;2;3;15;A01
2,016E+11;2;33;0;9;0;1;6;A01
2,016E+11;2;7;0;0;2;3;1;B01
2,016E+11;2;7;0;0;2;3;17;A01
2,016E+11;1;7;0;0;2;3;15;A01
2,016E+11;2;33;0;0;2;1;1;B01
2,016E+11;2;1;0;0;2;1;1;B01
2,016E+11;1;7;0;0;2;2;15;A01
2,016E+11;0;7;0;0;1;0;0;A01
2,016E+11;0;7;0;0;1;2;16;A01
2,016E+11;0;7;0;0;1;2;0;A01
2,016E+11;0;33;0;0;2;1;0;B01
2,016E+11;0;7;0;0;2;5;0;A01
2,016E+11;2;7;0;0;2;1;0;A01
2,016E+11;2;7;0;0;2;4;0;B01
2,016E+11;2;7;0;0;2;3;15;A01
2,016E+11;1;30;0;0;2;1;3;B01
2,016E+11;2;1;0;0;2;2;1;B01
2,016E+11;2;7;0;0;2;3;19;A01
2,016E+11;1;7;0;0;2;3;13;A01
2,016E+11;2;7;0;0;2;3;1;B01
2,016E+11;0;7;0;0;2;2;15;A01
2,016E+11;0;30;0;0;2;1;1;B01
2,016E+11;0;7;0;0;2;1;9;A01
2,016E+11;0;7;0;0;2;1;1;B01
2,016E+11;0;30;0;0;2;1;19;A01
2,016E+11;0;7;0;0;2;2;1;B01
2,016E+11;2;1;0;0;2;1;1;B01
2,016E+11;1;7;0;0;2;2;9;A01
2,016E+11;1;30;0;0;1;1;1;A01
2,016E+11;0;7;0;0;2;3;0;A01
2,016E+11;0;30;0;0;2;7;0;B01
2,016E+11;2;7;0;0;2;1;2;A01
2,016E+11;2;7;0;0;2;4;0;B01
2,016E+11;2;7;0;0;2;3;1;B01
2,016E+11;1;32;0;0;2;2;13;A01
2,016E+11;1;7;0;0;2;1;1;B01
2,016E+11;2;7;0;0;2;1;13;A01
2,016E+11;1;1;0;0;0;0;0;B01
2,016E+11;2;7;0;0;2;1;9;A01
2,016E+11;2;7;0;0;2;1;2;A01
2,016E+11;2;7;0;0;2;0;2;B01
2,016E+11;1;7;0;0;2;1;15;A01
2,016E+11;2;30;0;0;2;1;1;B01
2,016E+11;2;7;0;0;2;9;13;A01
2,016E+11;1;7;0;0;2;1;1;B01
2,016E+11;0;7;0;0;1;1;1;A01
2,016E+11;1;34;0;0;2;1;2;A01
2,016E+11;1;7;0;0;2;4;2;B01
2,016E+11;1;7;0;0;2;1;0;A01
2,016E+11;1;30;0;0;2;4;2;B01
2,016E+11;1;7;0;0;2;4;2;B01
2,016E+11;1;7;0;0;2;4;2;C01
2,016E+11;1;7;0;0;2;4;2;D01
2,016E+11;1;7;0;0;2;4;2;A01
2,016E+11;0;7;0;0;1;1;1;A01
2,016E+11;1;7;0;0;2;3;0;A01
2,016E+11;1;30;0;0;2;7;17;B01
2,016E+11;1;31;0;0;2;1;17;B01
2,016E+11;1;7;0;0;2;8;15;A01
2,016E+11;0;7;0;0;1;1;1;A01
2,016E+11;0;7;0;0;1;3;15;A01
2,016E+11;0;2;0;0;0;0;0;B01
2,016E+11;0;7;0;0;2;3;2;A01
2,016E+11;1;7;0;0;2;6;11;A01
2,016E+11;1;33;0;0;2;2;1;B01
2,016E+11;1;7;0;0;2;8;0;A01
2,016E+11;1;32;0;0;2;1;17;B01
2,016E+11;2;7;0;0;0;0;0;C01
2,016E+11;1;7;0;0;2;1;2;A01
2,016E+11;1;1;0;0;2;4;1;B01
2,016E+11;2;7;0;0;2;3;0;A01
2,016E+11;1;7;0;0;2;2;1;B01
2,016E+11;1;7;0;0;2;4;1;B01
2,016E+11;1;7;0;0;2;1;2;A01
2,016E+11;2;7;0;0;2;3;1;B01
2,016E+11;1;7;0;0;2;3;13;A01
2,016E+11;2;1;0;0;2;1;16;B01
2,016E+11;1;7;0;0;2;3;15;A01
2,016E+11;0;7;0;0;2;4;1;B01
2,016E+11;0;7;0;0;2;1;2;A01
2,016E+11;2;7;0;0;0;0;0;B01
2,016E+11;1;30;0;0;2;3;13;A01
2,016E+11;2;33;0;0;2;1;9;A01
2,016E+11;2;7;0;0;2;3;1;B01
2,016E+11;2;7;0;0;2;8;1;D01
2,016E+11;1;7;0;0;2;1;1;C01
2,016E+11;1;1;0;0;1;1;1;A01
2,016E+11;0;7;0;0;2;3;13;A01
2,016E+11;0;7;0;0;2;3;1;B01
2,016E+11;2;33;0;0;2;1;1;B01
2,016E+11;1;7;0;0;2;2;15;A01
2,016E+11;0;1;0;0;0;0;0;A01
2,016E+11;1;7;0;0;2;1;13;A01
2,016E+11;2;7;0;0;2;1;1;B01
2,016E+11;0;7;0;1;0;1;13;A01
2,016E+11;2;7;0;0;2;1;2;A01
2,016E+11;2;7;0;0;2;4;1;B01
2,016E+11;2;7;0;0;2;4;1;C01
2,016E+11;1;7;0;13;0;9;21;A01
2,016E+11;2;7;0;0;2;0;13;B01
2,016E+11;2;7;0;0;2;4;1;B01
2,016E+11;2;32;0;0;2;1;2;A01
2,016E+11;2;2;0;0;2;3;1;B01
2,016E+11;1;7;0;0;2;1;5;A01
2,016E+11;2;7;0;0;2;1;2;A01
2,016E+11;2;7;0;0;2;4;2;B01
2,016E+11;1;7;0;0;1;1;1;A01
2,016E+11;2;30;0;0;2;7;0;A01
2,016E+11;2;30;0;0;2;8;0;B01
2,016E+11;2;7;0;0;0;4;1;B01
2,016E+11;2;33;0;0;2;1;2;A01
2,016E+11;2;34;0;0;0;0;1;A01
2,016E+11;2;32;0;0;2;1;1;A01
2,016E+11;2;7;0;0;2;3;16;B01
2,016E+11;0;1;0;0;2;1;1;A01