Num_Acc;senc;catv;occutc;obs;obsm;choc;manv;num_veh
2,016E+11;2;10;0;0;9;1;1;C01
2,016E+11;2;7;0;0;2;1;1;A01
2,016E+11;1;7;0;0;2;1;13;B01
2,016E+11;1;7;0;6;0;9;0;A01
2,016E+11;2;30;0;0;2;1;1;B01
2,016E+11;1;7;0;0;2;5;15;A01
2,016E+11;1;7;0;0;2;0;0;A01
2,016E+11;1;1;0;0;2;0;0;B01
2,016E+11;1;37;0;0;1;7;13;A01
2,016E+11;1;2;0;0;1;0;1;Z01
2,016E+11;1;7;0;0;2;4;2;A01
2,016E+11;1;7;0;2;0;9;14;A01
2,016E+11;1;7;0;0;2;3;15;A01
2,016E+11;1;2;0;0;2;1;1;B01
2,016E+11;1;7;0;7;0;1;1;A01
2,016E+11;1;7;0;0;2;3;15;B01
2,016E+11;1;7;0;0;2;1;0;A01
2,016E+11;1;31;0;0;2;1;0;A01
2,016E+11;1;33;0;0;2;3;10;B01
2,016E+11;1;7;0;0;2;6;9;B01
2,016E+11;1;37;0;0;2;3;1;A01
2,016E+11;1;7;0;0;1;2;16;A01
2,016E+11;1;7;0;1;0;1;5;A01
2,016E+11;2;7;0;8;0;3;1;A01
2,016E+11;1;7;0;0;0;7;15;A01
2,016E+11;2;7;0;0;2;1;1;B02
2,016E+11;1;7;0;6;0;9;0;A01
2,016E+11;2;7;0;8;0;1;0;A01
2,016E+11;1;10;0;0;2;2;17;A01
2,016E+11;1;31;0;0;2;4;15;B02
2,016E+11;1;7;0;0;2;1;13;A01
2,016E+11;2;7;0;0;2;1;1;B02
2,016E+11;1;7;0;8;0;8;1;A01
2,016E+11;2;7;0;3;0;1;1;A01
2,016E+11;2;7;0;0;2;1;5;A01
2,016E+11;1;7;0;0;2;1;1;B02
2,016E+11;1;7;0;0;9;1;17;C03
2,016E+11;1;17;0;0;2;6;1;D04
2,016E+11;2;7;0;13;0;9;14;A01
2,016E+11;2;7;0;0;2;1;1;B02
2,016E+11;2;7;0;0;2;6;19;A01
2,016E+11;1;7;0;0;2;1;13;A01
2,016E+11;2;17;0;0;2;1;1;B02
2,016E+11;2;34;0;0;2;4;1;B02
2,016E+11;2;7;0;0;2;3;1;A01
2,016E+11;0;3;0;0;1;1;1;A01
2,016E+11;0;7;0;0;0;4;1;B02
2,016E+11;0;7;0;0;2;1;1;A01
2,016E+11;2;7;0;0;2;2;1;C03
2,016E+11;1;7;0;0;2;2;1;A01
2,016E+11;2;10;0;0;2;3;1;B02
2,016E+11;2;7;0;0;0;9;1;A01
2,016E+11;2;33;0;0;2;1;1;A01
2,016E+11;0;7;0;0;2;2;9;B02
2,016E+11;1;7;0;6;0;6;1;A01
2,016E+11;2;7;0;0;2;1;2;A01
2,016E+11;2;17;0;0;2;4;2;B02
2,016E+11;0;2;0;0;0;0;0;A01
2,016E+11;0;7;0;0;2;2;1;B02
2,016E+11;0;7;0;0;2;1;15;A01
2,016E+11;0;7;0;2;0;0;17;A01
2,016E+11;0;7;0;6;0;1;1;A01
2,016E+11;0;7;0;0;2;3;5;A01
2,016E+11;0;1;0;0;2;0;16;B02
2,016E+11;0;7;0;0;2;1;2;A01
2,016E+11;0;7;0;0;2;4;23;B02
2,016E+11;1;7;0;0;0;0;17;A01
2,016E+11;1;33;0;0;0;0;17;B02
2,016E+11;0;33;0;0;2;3;1;A01
2,016E+11;0;7;0;0;0;6;15;B02
2,016E+11;0;7;0;0;1;4;20;A01
2,016E+11;0;7;0;0;0;2;2;A01
2,016E+11;0;1;0;0;0;6;2;B02
2,016E+11;2;7;0;8;0;1;1;A01
2,016E+11;2;7;0;0;0;0;1;A01
2,016E+11;1;33;0;0;2;1;1;A01
2,016E+11;1;7;0;0;2;3;23;B02
2,016E+11;1;7;0;8;0;1;1;A01
2,016E+11;0;7;0;0;2;3;13;A01
2,016E+11;0;31;0;0;2;1;0;B02
2,016E+11;1;33;0;8;0;1;2;A01
2,016E+11;2;33;0;13;0;0;1;A01
2,016E+11;0;36;0;2;0;5;13;A01
2,016E+11;2;33;0;0;2;1;2;A01
2,016E+11;2;7;0;0;0;8;15;B02
2,016E+11;0;30;0;0;2;8;13;A01
2,016E+11;0;7;0;0;2;0;1;B02
2,016E+11;2;7;0;13;0;1;1;A01
2,016E+11;1;2;0;0;2;1;1;A01
2,016E+11;1;1;0;0;2;6;1;B01
2,016E+11;1;7;0;0;2;3;0;A01
2,016E+11;1;2;0;0;2;1;19;B01
2,016E+11;2;2;0;0;2;1;5;B01
2,016E+11;1;7;0;0;2;3;1;A01
2,016E+11;2;1;0;0;2;0;5;A01
2,016E+11;1;7;0;0;2;1;16;B01
2,016E+11;1;33;0;0;2;2;21;B01
2,016E+11;1;7;0;0;2;8;9;A01
2,016E+11;1;1;0;0;2;7;19;B01
2,016E+11;1;10;0;0;2;3;1;A01
2,016E+11;1;38;0;0;2;2;16;A01
2,016E+11;1;38;0;0;2;0;1;B01
2,016E+11;1;14;0;0;2;5;15;A01
2,016E+11;2;7;0;0;2;1;5;B01
2,016E+11;0;7;0;0;2;3;15;A01
2,016E+11;2;10;0;0;2;2;1;B01
2,016E+11;1;1;0;0;2;8;15;A01
2,016E+11;1;10;0;0;2;1;1;B01
2,016E+11;1;1;0;0;2;2;1;A01
2,016E+11;1;7;0;0;2;3;2;B01
2,016E+11;2;13;0;0;2;4;4;A01
2,016E+11;2;1;0;0;2;7;0;B01
2,016E+11;1;37;0;0;1;3;15;A01
2,016E+11;1;7;0;0;2;0;0;Z01
2,016E+11;1;1;0;0;2;0;1;A01
2,016E+11;2;7;0;0;2;1;15;A01
2,016E+11;2;7;0;0;2;1;1;Z01
2,016E+11;1;30;0;0;2;1;1;B01
2,016E+11;1;7;0;0;2;7;1;A01
2,016E+11;1;7;0;0;1;1;0;A01
2,016E+11;1;40;0;0;1;1;1;A01
2,016E+11;1;7;0;0;1;2;1;A01
2,016E+11;1;7;0;0;2;1;1;A01
2,016E+11;1;7;0;0;2;8;15;B01
2,016E+11;1;7;0;0;2;3;19;A01
2,016E+11;1;30;0;0;2;1;1;B01
2,016E+11;1;10;0;0;2;0;9;Z01
2,016E+11;1;30;0;0;2;7;1;A01
2,016E+11;1;7;0;0;2;6;9;A01
2,016E+11;1;33;0;0;2;1;1;B01
2,016E+11;1;7;0;1;1;6;4;A01
2,016E+11;1;7;0;0;1;2;1;A01
2,016E+11;1;7;0;0;1;1;1;A01
2,016E+11;1;7;0;0;1;2;1;A01
2,016E+11;1;40;0;0;1;3;1;A01
2,016E+11;1;7;0;0;1;1;1;A01
2,016E+11;1;7;0;0;1;4;4;A01
2,016E+11;1;7;0;0;1;1;15;A01
2,016E+11;1;7;0;0;1;1;1;A01
2,016E+11;1;7;0;0;2;1;15;B01
2,016E+11;1;7;0;0;2;3;12;A01
2,016E+11;1;7;0;0;2;1;1;A01
2,016E+11;1;20;0;0;2;4;4;B01
2,016E+11;1;7;0;0;2;3;15;A01
2,016E+11;1;30;0;0;2;1;1;B01
2,016E+11;1;1;0;0;2;1;13;A01
2,016E+11;1;1;0;0;2;1;1;Z01
2,016E+11;1;7;0;0;2;7;1;B01
2,016E+11;1;7;0;0;2;1;16;A01
2,016E+11;1;7;0;0;2;4;2;A01
2,016E+11;1;7;0;0;2;4;2;B01
2,016E+11;1;7;0;0;2;4;2;C01
2,016E+11;1;7;0;0;2;1;2;D01
2,016E+11;1;7;0;0;2;1;2;E01
2,016E+11;1;7;0;0;1;1;14;A01
2,016E+11;1;7;0;0;2;1;1;B01
2,016E+11;1;7;0;0;2;4;1;C01
2,016E+11;1;7;0;0;2;1;1;A01
2,016E+11;1;7;0;0;1;1;15;A01
2,016E+11;1;7;0;0;1;1;15;A01
2,016E+11;1;7;0;0;2;8;1;A01
2,016E+11;1;10;0;0;2;5;17;B01
2,016E+11;1;1;0;0;1;0;0;Z01
2,016E+11;1;1;0;0;1;1;1;A01
2,016E+11;1;1;0;0;1;1;1;A01
2,016E+11;1;7;0;0;1;1;1;A01
2,016E+11;1;7;0;0;1;0;0;A01
2,016E+11;1;7;0;0;2;7;14;A01
2,016E+11;1;7;0;0;2;3;1;B01
2,016E+11;1;10;0;0;2;1;1;A01
2,016E+11;1;7;0;0;2;3;1;B01
2,016E+11;1;7;0;0;2;1;1;B01
2,016E+11;1;7;0;0;2;7;1;A01
2,016E+11;1;7;0;0;2;1;1;B01
2,016E+11;1;7;0;0;2;7;1;A01
2,016E+11;1;7;0;0;2;6;15;B01
2,016E+11;1;7;0;0;2;1;1;A01
2,016E+11;1;7;0;0;1;3;1;A01
2,016E+11;1;30;0;0;1;1;1;Z01
2,016E+11;1;7;0;6;0;1;16;A01
2,016E+11;1;7;0;0;1;1;10;A01
2,016E+11;1;1;0;0;2;1;19;B01
2,016E+11;1;7;0;0;2;3;1;A01
2,016E+11;1;7;0;0;2;8;1;A01
2,016E+11;1;7;0;9;2;7;24;B01
2,016E+11;1;7;0;0;1;1;1;A01
2,016E+11;1;1;0;1;0;0;0;A01
2,016E+11;1;1;0;0;2;1;1;A01
2,016E+11;1;1;0;0;2;1;1;B01
2,016E+11;1;1;0;0;2;1;19;A01
2,016E+11;0;7;0;0;2;3;1;B01
2,016E+11;1;7;0;0;2;3;1;B01
2,016E+11;1;1;0;0;2;1;1;A01
2,016E+11;1;7;0;0;1;2;1;A01
2,016E+11;1;7;0;0;2;2;16;A01
2,016E+11;1;1;0;0;2;1;1;B01
2,016E+11;1;7;0;0;2;4;1;B01
2,016E+11;1;7;0;0;2;1;1;A01
2,016E+11;1;7;0;8;0;1;1;A01
2,016E+11;1;7;0;0;2;2;1;A01
2,016E+11;1;1;0;0;2;0;15;B01
2,016E+11;1;10;0;0;2;1;1;A01
2,016E+11;1;7;0;0;2;4;1;B01
2,016E+11;1;7;0;0;2;1;1;A01
2,016E+11;1;1;0;0;2;6;1;B01
2,016E+11;1;32;0;0;2;1;1;A01
2,016E+11;1;1;0;0;2;4;15;B01
2,016E+11;1;7;0;0;2;1;1;B01
2,016E+11;1;7;0;0;2;1;1;A01
2,016E+11;1;7;0;0;1;4;4;A01
2,016E+11;1;10;0;0;2;1;15;A01
2,016E+11;1;1;0;0;2;1;1;B01
2,016E+11;1;7;0;0;1;1;1;A01
2,016E+11;2;7;0;0;2;1;1;B01
2,016E+11;1;30;0;0;2;1;15;A01
2,016E+11;1;7;0;0;1;1;15;A01
2,016E+11;1;7;0;0;2;3;1;A01
2,016E+11;1;1;0;0;2;1;19;B01
2,016E+11;1;7;0;15;0;1;14;A01
2,016E+11;1;40;0;0;1;1;0;A01
2,016E+11;1;7;0;12;2;1;1;A01
2,016E+11;1;7;0;0;1;3;1;A01
2,016E+11;1;7;0;0;2;4;1;B01
2,016E+11;1;7;0;0;2;4;1;C01
2,016E+11;1;7;0;0;2;1;1;A01
2,016E+11;1;7;0;0;2;1;18;B01
2,016E+11;1;14;0;0;2;2;16;A01
2,016E+11;1;7;0;0;1;0;1;A01
2,016E+11;1;7;0;0;1;1;1;A01
2,016E+11;1;30;0;0;2;7;0;B01
2,016E+11;1;7;0;0;2;1;9;A01
2,016E+11;1;7;0;0;1;2;0;A01
2,016E+11;0;40;0;0;2;1;1;B01
2,016E+11;1;7;0;0;4;7;15;A01
2,016E+11;1;7;0;0;1;1;1;A01
2,016E+11;1;1;0;0;2;8;1;B01
2,016E+11;1;7;0;0;2;5;1;A01
2,016E+11;1;10;0;0;2;1;1;A01
2,016E+11;1;7;0;0;2;1;1;B01
2,016E+11;1;7;0;6;0;1;1;A01
2,016E+11;1;7;0;0;2;4;1;A01
2,016E+11;0;7;0;0;2;1;1;Z01
2,016E+11;1;7;0;0;2;0;16;A01
2,016E+11;1;1;0;0;2;0;1;B01
2,016E+11;1;7;0;1;0;0;0;A01
2,016E+11;1;7;0;0;2;4;1;C01
2,016E+11;1;7;0;0;2;1;1;A01
2,016E+11;1;7;0;0;2;4;1;B01
2,016E+11;1;1;0;0;1;1;1;A01
2,016E+11;1;2;0;0;2;1;1;A01
2,016E+11;1;7;0;0;2;4;1;B01
2,016E+11;1;7;0;15;0;1;0;A01
2,016E+11;1;7;0;0;0;0;0;Z01
2,016E+11;1;7;0;3;0;1;1;A01
2,016E+11;1;7;0;0;1;1;0;A01
2,016E+11;1;32;0;0;1;1;1;A01
2,016E+11;1;7;0;0;1;1;1;A01
2,016E+11;1;7;0;0;1;1;1;A01
2,016E+11;1;10;0;0;2;8;22;A01
2,016E+11;1;1;0;1;0;1;1;B01
2,016E+11;1;33;0;0;0;8;1;A01
2,016E+11;1;7;0;0;2;1;0;A01
2,016E+11;1;1;0;0;2;1;19;B01
2,016E+11;1;1;0;0;2;1;0;B01
2,016E+11;1;7;0;0;2;2;15;A01
2,016E+11;1;7;0;0;2;4;2;C01
2,016E+11;1;3;0;0;2;1;2;A01
2,016E+11;1;3;0;0;2;4;2;B01
2,016E+11;1;7;0;0;1;1;1;A01
2,016E+11;2;7;0;0;2;3;16;A01
2,016E+11;2;1;0;0;2;1;1;B01
2,016E+11;1;2;0;12;0;1;1;A01
2,016E+11;1;7;0;0;0;0;1;Z01
2,016E+11;1;2;0;0;2;1;1;B01
2,016E+11;1;7;0;0;2;7;15;A01
2,016E+11;1;7;0;0;1;0;1;Z01
2,016E+11;1;7;0;0;1;1;1;A01
2,016E+11;1;7;0;0;2;4;1;B01
2,016E+11;1;7;0;0;2;1;1;A01
2,016E+11;1;7;0;0;2;1;1;B01
2,016E+11;1;7;0;0;2;2;1;A01
2,016E+11;1;14;0;0;2;1;1;A01
2,016E+11;1;7;0;0;2;7;1;B01
2,016E+11;1;10;0;0;2;5;4;A01
2,016E+11;1;30;0;0;2;1;1;B01
2,016E+11;1;30;0;12;0;7;1;A01
2,016E+11;1;7;0;0;2;1;1;A01
2,016E+11;1;7;0;0;2;3;1;B01
2,016E+11;1;1;0;0;2;1;1;A01
2,016E+11;2;1;0;0;2;1;1;Z01
2,016E+11;1;2;0;0;2;8;1;A01
2,016E+11;1;7;0;0;2;7;1;Z01
2,016E+11;1;7;0;0;0;0;1;B01
2,016E+11;1;30;0;0;0;8;15;A01
2,016E+11;1;7;0;0;1;1;15;A01
2,016E+11;1;1;0;0;2;1;1;A01
2,016E+11;1;7;0;0;2;1;1;B01
2,016E+11;1;7;0;0;2;3;15;B01
2,016E+11;1;32;0;0;2;8;1;A01
2,016E+11;1;1;0;0;2;1;1;A01
2,016E+11;1;7;0;0;2;2;1;B01
2,016E+11;1;7;0;0;2;1;16;A01
2,016E+11;1;1;0;0;2;6;1;B01
2,016E+11;1;7;0;0;2;1;1;A01
2,016E+11;1;30;0;0;2;1;1;B01
2,016E+11;1;7;0;0;2;1;1;A01
2,016E+11;1;1;0;0;2;1;1;B01
2,016E+11;1;7;0;0;2;1;1;B01
2,016E+11;0;7;0;0;2;7;10;A01
2,016E+11;1;7;0;0;1;5;0;A01
2,016E+11;1;7;0;0;1;2;1;A01
2,016E+11;1;7;0;0;2;1;1;A01
2,016E+11;0;7;0;0;2;4;1;B01
2,016E+11;1;7;0;0;2;6;9;A01
2,016E+11;1;7;0;0;2;1;1;B01
2,016E+11;1;2;0;0;2;8;1;A01
2,016E+11;1;10;0;0;2;1;1;B01
2,016E+11;1;7;0;0;1;7;1;A01
2,016E+11;1;7;0;0;2;7;22;B01
2,016E+11;1;1;0;0;2;1;1;A01
2,016E+11;1;7;0;0;2;1;1;A01
2,016E+11;0;7;0;0;2;4;1;B01
2,016E+11;1;30;0;0;2;2;1;A01
2,016E+11;1;7;0;0;0;0;0;Z01
2,016E+11;1;7;0;0;2;2;1;A01
2,016E+11;1;1;0;0;2;1;15;B01
2,016E+11;1;1;0;0;2;1;1;B01
2,016E+11;1;1;0;0;2;1;1;A01
2,016E+11;1;7;0;0;2;7;18;A01
2,016E+11;1;7;0;0;2;7;1;B01
2,016E+11;1;7;0;0;2;2;1;A01
2,016E+11;1;1;0;0;2;8;1;B01
2,016E+11;1;7;0;0;2;1;15;A01
2,016E+11;1;1;0;0;2;1;19;B01
2,016E+11;1;7;0;0;1;1;1;A01
2,016E+11;1;7;0;0;2;3;15;A01
2,016E+11;1;2;0;0;2;8;1;B01
2,016E+11;1;7;0;0;2;4;2;B01
2,016E+11;1;10;0;0;2;1;2;A01
2,016E+11;1;10;0;0;2;1;2;A01
2,016E+11;1;7;0;0;2;4;2;B01
2,016E+11;1;7;0;0;1;1;1;A01
2,016E+11;1;7;0;0;2;6;1;B01
2,016E+11;1;7;0;0;2;5;14;A01
2,016E+11;1;1;0;0;2;1;19;A01
2,016E+11;1;7;0;0;2;2;16;B01
2,016E+11;1;1;0;0;2;1;1;A01
2,016E+11;1;1;0;0;2;8;19;B01
2,016E+11;1;7;0;0;2;1;15;B01
2,016E+11;1;1;0;0;2;8;1;A01
2,016E+11;1;2;0;0;2;1;1;B01
2,016E+11;1;7;0;0;2;1;15;A01
2,016E+11;1;7;0;0;2;8;22;A01
2,016E+11;1;31;0;0;2;1;1;B01
2,016E+11;1;7;0;0;1;1;1;A01
2,016E+11;1;7;0;0;2;4;1;B01
2,016E+11;1;7;0;0;2;4;1;A01
2,016E+11;1;1;0;0;1;1;1;A01
2,016E+11;1;7;0;0;2;1;9;A01
2,016E+11;1;7;0;0;2;7;1;B01
2,016E+11;1;30;0;0;1;0;17;Z01
2,016E+11;1;7;0;0;2;1;1;A01
2,016E+11;1;7;0;0;2;4;1;B01
2,016E+11;1;36;0;0;0;0;1;A01
2,016E+11;1;7;0;0;2;1;1;A01
2,016E+11;2;30;0;0;2;1;5;B01
2,016E+11;1;1;0;0;1;0;0;A01
2,016E+11;1;1;0;0;2;8;1;B01
2,016E+11;1;7;0;0;2;2;1;A01
2,016E+11;1;31;0;0;2;4;1;B01
2,016E+11;1;10;0;0;2;1;1;A01
2,016E+11;1;30;0;0;2;7;1;B01
2,016E+11;1;7;0;0;2;2;15;A01
2,016E+11;1;1;0;0;2;2;1;B01
2,016E+11;1;1;0;0;2;1;1;A01
2,016E+11;1;7;0;0;1;1;1;A01
2,016E+11;1;7;0;0;1;1;1;A01
2,016E+11;1;7;0;0;2;1;16;A01
2,016E+11;1;1;0;0;2;1;1;B01
2,016E+11;1;7;0;0;2;1;1;A01
2,016E+11;1;7;0;0;2;4;1;B01
2,016E+11;1;1;0;0;2;1;1;B01
2,016E+11;1;10;0;0;2;5;15;A01
2,016E+11;1;7;0;0;2;3;1;A01
2,016E+11;1;7;0;0;2;1;1;B01
2,016E+11;1;1;0;0;2;0;1;A01
2,016E+11;1;1;0;0;2;1;1;B01
2,016E+11;1;7;0;0;2;2;1;A01
2,016E+11;1;7;0;0;2;5;0;B01
2,016E+11;1;7;0;0;2;1;16;A01
2,016E+11;1;1;0;0;2;4;0;B01
2,016E+11;1;7;0;0;2;1;1;A01
2,016E+11;1;1;0;0;2;7;19;B01
2,016E+11;1;33;0;0;2;7;1;A01
2,016E+11;1;7;0;0;2;1;15;B01
2,016E+11;1;7;0;0;2;0;0;A01
2,016E+11;1;1;0;0;2;0;0;B01
2,016E+11;1;7;0;0;2;2;1;A01
2,016E+11;1;33;0;0;2;1;1;B01
2,016E+11;1;30;0;0;1;2;1;A01
2,016E+11;1;7;0;0;2;1;2;A01
2,016E+11;1;7;0;0;2;4;2;B01
2,016E+11;1;7;0;0;1;1;1;A01
2,016E+11;1;7;0;0;1;1;1;A01
2,016E+11;1;15;0;0;2;8;15;A01
2,016E+11;1;14;0;0;2;1;1;B01
2,016E+11;1;7;0;0;1;1;1;A01
2,016E+11;1;1;0;0;2;2;1;B01
2,016E+11;1;7;0;0;2;3;22;A01
2,016E+11;1;7;0;0;1;0;1;A01
2,016E+11;1;7;0;0;2;7;15;A01
2,016E+11;1;10;0;0;2;8;1;B01
2,016E+11;1;7;0;0;1;0;15;A01
2,016E+11;1;40;0;0;1;7;1;A01
2,016E+11;1;1;0;0;2;7;1;B01
2,016E+11;1;7;0;0;2;1;16;A01
2,016E+11;1;1;0;0;1;0;0;Z01
2,016E+11;1;7;0;0;2;1;1;A01
2,016E+11;2;10;0;0;2;3;1;B01
2,016E+11;2;15;0;0;2;1;1;C01
2,016E+11;1;1;0;0;2;5;15;B01
2,016E+11;1;7;0;0;2;3;16;A01
2,016E+11;1;7;0;0;2;1;2;A01
2,016E+11;1;15;0;0;2;4;2;B01
2,016E+11;1;7;0;0;2;5;16;A01
2,016E+11;1;2;0;0;2;1;1;Z01
2,016E+11;1;1;0;0;1;1;1;A01
2,016E+11;1;1;0;0;2;1;19;A01
2,016E+11;1;7;0;0;2;3;1;B01
2,016E+11;1;7;0;0;2;7;15;B01
2,016E+11;1;7;0;0;2;1;1;A01
2,016E+11;1;7;0;1;0;2;1;A01
2,016E+11;1;1;0;0;2;1;1;A01
2,016E+11;1;7;0;0;2;1;1;B01
2,016E+11;1;7;0;0;2;2;1;B01
2,016E+11;1;1;0;0;2;1;1;A01
2,016E+11;1;7;0;0;1;1;1;A01
2,016E+11;1;7;0;0;2;1;1;A01
2,016E+11;1;1;0;0;2;7;1;B01
2,016E+11;1;7;0;0;2;1;1;A01
2,016E+11;1;7;0;0;2;4;1;C01
2,016E+11;1;7;0;0;2;1;1;B01
2,016E+11;1;7;0;0;2;1;2;B01
2,016E+11;1;7;0;0;2;4;1;A01
2,016E+11;1;7;0;0;2;7;1;B01
2,016E+11;1;7;0;0;2;1;1;A01
2,016E+11;1;7;0;0;2;3;11;A01
2,016E+11;1;7;0;0;2;2;1;B01
2,016E+11;1;7;0;0;2;3;1;A01
2,016E+11;1;7;0;0;2;3;1;B01
2,016E+11;1;2;0;0;2;1;1;A01
2,016E+11;1;7;0;0;2;4;2;B01
2,016E+11;1;30;0;0;2;1;15;A01
2,016E+11;1;7;0;0;2;1;1;B01
2,016E+11;1;7;0;0;2;1;1;A01
2,016E+11;1;7;0;0;2;8;1;B01
2,016E+11;1;7;0;0;2;1;1;A01
2,016E+11;1;1;0;0;2;8;1;B01
2,016E+11;1;7;0;0;1;1;1;A01
2,016E+11;1;7;0;0;0;0;15;A01
2,016E+11;1;33;0;0;2;7;1;B01
2,016E+11;1;7;0;0;1;1;1;A01
2,016E+11;1;7;0;1;2;1;1;A01
2,016E+11;0;7;0;0;2;1;1;C01
2,016E+11;0;37;0;0;2;4;1;D01
2,016E+11;1;10;0;0;2;1;1;B01
2,016E+11;1;7;0;0;2;1;1;A01
2,016E+11;1;7;0;0;2;1;1;A01
2,016E+11;1;1;0;0;2;1;9;B01
2,016E+11;1;30;0;7;0;1;0;A01
2,016E+11;1;1;0;0;0;0;0;A01
2,016E+11;1;7;0;0;2;2;16;B01
2,016E+11;1;7;0;0;1;3;1;A01
2,016E+11;0;7;0;0;1;1;1;Z01
2,016E+11;1;7;0;0;1;1;1;A01
2,016E+11;1;7;0;0;0;1;15;A01
2,016E+11;1;7;0;0;2;2;1;B01
2,016E+11;1;7;0;0;2;4;1;B01
2,016E+11;0;7;0;0;2;4;1;C01
2,016E+11;1;10;0;0;2;1;1;A01
2,016E+11;0;7;0;0;2;3;15;A01
2,016E+11;0;31;0;0;2;1;1;B01
2,016E+11;1;7;0;0;2;6;16;A01
2,016E+11;1;1;0;0;2;7;0;B01
2,016E+11;1;7;0;2;0;1;1;A01
2,016E+11;1;7;0;0;1;4;9;Z01
2,016E+11;1;2;0;0;2;1;1;A01
2,016E+11;2;2;0;0;2;1;1;B01
2,016E+11;1;2;0;0;2;1;2;A01
2,016E+11;1;7;0;0;2;4;23;B01
2,016E+11;1;30;0;0;2;1;1;A01
2,016E+11;1;1;0;0;2;1;1;B01
2,016E+11;1;30;0;0;1;0;0;Z01
2,016E+11;1;7;0;0;1;1;1;A01
2,016E+11;1;15;0;0;2;5;19;A01
2,016E+11;1;30;0;0;2;1;1;B01
2,016E+11;1;7;0;0;1;2;1;A01
2,016E+11;1;2;0;14;0;1;2;A01
2,016E+11;1;30;0;0;2;4;23;B01
2,016E+11;1;7;0;0;2;8;16;B01
2,016E+11;1;2;0;0;2;7;14;A01
2,016E+11;1;1;0;0;1;1;1;A01
2,016E+11;1;7;0;0;2;7;14;A01
2,016E+11;1;1;0;0;2;8;1;B01
2,016E+11;1;7;0;0;2;1;1;B01
2,016E+11;1;30;0;0;0;1;19;A01
2,016E+11;1;7;0;1;0;1;1;A01
2,016E+11;1;10;0;0;2;1;16;B01
2,016E+11;1;1;0;0;2;8;19;A01
2,016E+11;1;7;0;0;2;2;15;A01
2,016E+11;1;7;0;0;2;1;1;B01
2,016E+11;1;2;0;0;2;1;1;B01
2,016E+11;1;7;0;0;2;6;9;A01
2,016E+11;1;7;0;0;2;1;15;A01
2,016E+11;1;31;0;0;2;1;1;B01
2,016E+11;1;7;0;0;2;1;2;A01
2,016E+11;1;7;0;0;2;4;2;C01
2,016E+11;1;7;0;0;2;4;2;B01
2,016E+11;1;7;0;0;2;3;15;A01
2,016E+11;1;33;0;0;2;1;0;B01
2,016E+11;1;7;0;0;1;1;1;A01
2,016E+11;1;7;0;0;2;1;1;B01
2,016E+11;1;7;0;0;2;1;15;A01
2,016E+11;1;7;0;0;2;3;15;B01
2,016E+11;1;30;0;0;2;1;1;Z01
2,016E+11;0;1;0;0;2;7;1;B01
2,016E+11;1;7;0;0;2;8;24;A01
2,016E+11;2;7;0;0;2;1;1;B01
2,016E+11;1;1;0;0;2;1;13;A01
2,016E+11;1;7;0;0;2;4;2;B01
2,016E+11;1;7;0;0;2;1;2;A01
2,016E+11;1;7;0;0;2;0;0;A01
2,016E+11;1;7;0;0;2;1;1;B01
2,016E+11;1;2;0;0;2;1;1;B01
2,016E+11;1;7;0;0;2;7;1;A01
2,016E+11;0;7;0;0;2;1;1;Z01
2,016E+11;1;1;0;0;2;8;19;A01
2,016E+11;1;7;0;1;0;1;1;A01
2,016E+11;1;7;0;0;2;1;15;A01
2,016E+11;1;1;0;0;2;1;1;B01
2,016E+11;1;7;0;11;0;1;1;A01
2,016E+11;1;10;0;0;2;3;20;A01
2,016E+11;1;32;0;0;2;1;1;B01
2,016E+11;1;1;0;0;1;1;1;A01
2,016E+11;1;33;0;8;0;1;13;Z01
2,016E+11;1;1;0;0;2;5;1;A01
2,016E+11;1;7;0;0;2;1;14;Z01
2,016E+11;1;7;0;0;2;1;15;A01
2,016E+11;1;1;0;0;2;1;1;B01
2,016E+11;1;32;0;0;2;1;1;B01
2,016E+11;1;7;0;0;2;7;1;A01
2,016E+11;1;7;0;0;2;2;1;B01
2,016E+11;1;7;0;0;2;6;1;A01
2,016E+11;1;1;0;0;2;1;1;A01
2,016E+11;1;1;0;0;2;1;1;B01
2,016E+11;1;1;0;0;2;1;1;A01
2,016E+11;1;1;0;0;2;1;1;B01
2,016E+11;1;7;0;0;2;1;1;A01
2,016E+11;1;1;0;0;2;1;1;B01
2,016E+11;1;1;0;0;2;7;18;A01
2,016E+11;1;1;0;0;2;6;1;B01
2,016E+11;1;7;0;0;2;1;1;B01
2,016E+11;1;7;0;0;2;2;1;A01
2,016E+11;1;32;0;0;2;5;1;B01
2,016E+11;1;7;0;0;2;0;1;Z01
2,016E+11;1;1;0;0;2;1;1;A01
2,016E+11;1;7;0;0;2;1;1;B01
2,016E+11;1;7;0;0;2;1;15;A01
2,016E+11;1;1;0;0;2;1;19;B01
2,016E+11;1;7;0;0;2;0;0;Z01
2,016E+11;1;1;0;0;2;1;1;B01
2,016E+11;1;7;0;0;2;2;15;A01
2,016E+11;1;7;0;0;2;3;1;B01
2,016E+11;1;40;0;0;1;1;1;A01
2,016E+11;2;1;0;0;2;8;1;B01
2,016E+11;1;7;0;0;2;1;15;A01
2,016E+11;1;7;0;0;2;1;1;A01
2,016E+11;2;1;0;0;2;7;19;B01
2,016E+11;1;7;0;0;1;4;4;A01
2,016E+11;1;14;0;0;4;8;1;A01
2,016E+11;1;40;0;0;2;1;1;B01
2,016E+11;1;7;0;0;2;8;1;A01