Num_Acc;senc;catv;occutc;obs;obsm;choc;manv;num_veh
2,016E+11;2;7;0;0;1;1;0;A01
2,016E+11;2;1;0;0;1;0;1;A01
2,016E+11;1;2;0;0;1;1;1;A01
2,016E+11;1;2;0;0;1;0;0;A01
2,016E+11;2;7;0;0;1;4;4;A01
2,016E+11;1;33;0;12;0;1;1;A01
2,016E+11;2;32;0;14;0;6;16;A01
2,016E+11;1;31;0;0;2;7;2;B01
2,016E+11;1;7;0;0;2;3;15;A01
2,016E+11;1;7;0;0;2;1;1;B01
2,016E+11;2;2;0;0;2;1;15;A01
2,016E+11;1;33;0;0;2;1;17;A01
2,016E+11;2;7;0;0;2;7;15;B01
2,016E+11;1;2;0;0;0;1;1;A01
2,016E+11;1;30;0;0;2;1;5;A01
2,016E+11;0;10;0;0;2;7;16;B01
2,016E+11;2;7;0;8;1;4;4;A01
2,016E+11;1;99;0;0;2;4;0;B01
2,016E+11;1;7;0;0;2;1;2;A01
2,016E+11;1;7;0;0;0;0;0;A01
2,016E+11;1;7;0;0;0;0;0;B01
2,016E+11;1;7;0;0;1;2;14;A01
2,016E+11;2;7;0;0;2;2;19;A01
2,016E+11;2;7;0;0;2;1;1;B01
2,016E+11;1;7;0;0;1;1;11;A01
2,016E+11;1;7;0;0;1;1;1;A01
2,016E+11;2;7;0;0;2;3;0;A01
2,016E+11;1;7;0;0;2;6;0;B01
2,016E+11;1;7;0;1;2;1;2;B01
2,016E+11;2;7;0;0;2;2;2;A01
2,016E+11;1;33;0;1;2;3;0;A01
2,016E+11;1;7;0;8;2;3;19;B01
2,016E+11;2;31;0;0;2;0;1;B01
2,016E+11;2;7;0;0;2;0;0;A01
2,016E+11;1;14;0;0;1;2;1;A01
2,016E+11;1;10;0;0;1;2;1;A01
2,016E+11;2;7;0;0;1;2;15;A01
2,016E+11;2;2;0;0;2;1;1;B01
2,016E+11;1;7;0;0;2;3;19;A01
2,016E+11;2;7;0;8;0;0;0;B01
2,016E+11;1;7;0;8;1;1;5;A01
2,016E+11;1;7;0;0;2;2;15;A01
2,016E+11;2;33;0;0;2;1;1;B01
2,016E+11;1;7;0;0;2;1;1;B01
2,016E+11;1;30;0;0;2;1;2;A01
2,016E+11;2;2;0;0;2;1;1;A01
2,016E+11;1;37;0;0;2;7;15;B01
2,016E+11;1;10;0;0;1;1;2;A01
2,016E+11;1;10;0;0;1;2;15;A01
2,016E+11;1;30;0;0;2;7;2;B01
2,016E+11;1;7;0;0;2;7;9;A01
2,016E+11;0;7;0;0;2;3;15;A01
2,016E+11;0;33;0;0;2;1;17;B01
2,016E+11;0;39;0;0;1;3;1;A01
2,016E+11;2;33;0;0;2;1;21;B01
2,016E+11;1;7;0;0;2;5;15;A01
2,016E+11;0;10;0;0;2;3;1;B01
2,016E+11;0;7;0;0;2;3;13;A01
2,016E+11;0;7;0;0;1;2;1;A01
2,016E+11;0;7;0;0;2;8;19;B01
2,016E+11;0;32;0;0;2;1;1;A01
2,016E+11;0;7;0;0;1;2;1;A01
2,016E+11;0;7;0;0;1;1;16;A01
2,016E+11;0;30;0;0;2;1;1;B01
2,016E+11;0;30;0;0;2;1;15;A01
2,016E+11;1;30;0;0;1;1;3;A01
2,016E+11;0;37;0;14;0;0;1;A01
2,016E+11;0;7;0;0;1;1;16;A01
2,016E+11;0;1;0;0;1;1;1;Y01
2,016E+11;1;7;0;0;2;1;16;A01
2,016E+11;2;31;0;0;2;1;1;B01
2,016E+11;1;7;0;0;2;1;1;A01
2,016E+11;1;1;0;0;2;8;15;B01
2,016E+11;1;7;0;0;1;1;17;A01
2,016E+11;1;7;0;0;0;4;1;C01
2,016E+11;1;7;0;14;0;1;2;A01
2,016E+11;1;7;0;14;0;4;1;B01
2,016E+11;0;37;0;0;0;0;13;B01
2,016E+11;0;7;0;0;2;5;9;A01
2,016E+11;0;7;0;0;2;3;15;A01
2,016E+11;0;33;0;0;2;1;18;B01
2,016E+11;0;7;0;0;2;5;17;Z01
2,016E+11;0;1;0;0;2;8;1;B01
2,016E+11;0;33;0;2;0;1;14;A01
2,016E+11;0;32;0;0;2;1;1;B01
2,016E+11;0;32;0;0;2;6;15;A01
2,016E+11;0;7;0;0;1;3;1;A01
2,016E+11;0;7;0;0;1;2;1;A01
2,016E+11;1;7;0;0;2;1;1;A01
2,016E+11;0;7;0;0;2;3;19;B01
2,016E+11;1;7;0;0;2;6;11;B01
2,016E+11;1;32;0;0;2;1;17;A01
2,016E+11;0;33;0;0;2;1;1;A01
2,016E+11;0;7;0;0;0;0;0;C01
2,016E+11;0;7;0;0;2;4;1;B01
2,016E+11;0;7;0;0;2;1;1;A01
2,016E+11;0;7;0;0;2;8;1;B01
2,016E+11;2;10;0;0;2;1;1;C01
2,016E+11;2;1;0;0;2;4;1;B01
2,016E+11;2;10;0;0;2;1;1;A01
2,016E+11;0;1;0;0;2;1;1;B01
2,016E+11;0;10;0;0;2;3;24;A01
2,016E+11;0;7;0;9;2;3;15;A01
2,016E+11;0;33;0;9;2;1;1;B01
2,016E+11;2;33;0;0;2;1;1;B01
2,016E+11;1;7;0;0;2;3;15;A01
2,016E+11;1;7;0;0;2;6;20;B01
2,016E+11;1;31;0;0;2;1;2;A01
2,016E+11;1;33;0;0;0;0;1;A01
2,016E+11;0;7;0;0;1;4;4;A01
2,016E+11;1;7;0;0;2;2;1;B01
2,016E+11;1;30;0;0;2;3;11;A01
2,016E+11;0;7;0;0;1;2;1;A01
2,016E+11;0;7;0;0;1;1;1;Z01
2,016E+11;1;7;0;14;0;1;1;A01
2,016E+11;1;7;0;0;2;4;23;B01
2,016E+11;2;7;0;0;2;4;23;A01
2,016E+11;2;7;0;0;2;1;1;B01
2,016E+11;2;1;0;0;2;4;12;B01
2,016E+11;2;10;0;0;2;1;9;A01
2,016E+11;0;33;0;0;1;1;1;A01
2,016E+11;0;33;0;0;2;1;1;B01
2,016E+11;0;7;0;0;2;2;9;A01
2,016E+11;0;33;0;0;2;1;18;A01
2,016E+11;0;38;0;0;2;2;16;B01
2,016E+11;0;1;0;0;2;1;1;B01
2,016E+11;0;7;0;0;2;1;9;A01
2,016E+11;0;7;0;0;2;8;11;A01
2,016E+11;0;34;0;0;0;0;0;B01
2,016E+11;0;7;0;0;2;3;10;A01
2,016E+11;0;7;0;0;2;2;1;B01
2,016E+11;0;7;0;0;1;3;1;A01
2,016E+11;0;10;0;0;1;1;1;A01
2,016E+11;0;7;0;0;2;3;15;B01
2,016E+11;0;30;0;0;2;1;17;A01
2,016E+11;0;33;0;0;2;1;1;B01
2,016E+11;0;7;0;0;2;2;10;A01
2,016E+11;0;3;0;0;1;1;1;A01
2,016E+11;0;33;0;0;2;1;5;A01
2,016E+11;0;7;0;0;2;8;15;B01
2,016E+11;1;13;0;0;1;0;0;A01
2,016E+11;1;7;0;0;1;1;17;A01
2,016E+11;1;7;0;0;1;2;1;A01
2,016E+11;0;7;0;0;1;1;15;A01
2,016E+11;1;7;0;0;9;7;2;B01
2,016E+11;1;1;0;0;2;2;19;A01
2,016E+11;0;7;0;0;2;8;1;A01
2,016E+11;0;1;0;0;2;1;19;B01
2,016E+11;1;33;0;0;2;2;1;B01
2,016E+11;0;7;0;0;2;7;15;A01
2,016E+11;0;7;0;1;0;3;1;A01
2,016E+11;0;2;0;0;2;1;17;B01
2,016E+11;0;7;0;0;2;8;15;A01
2,016E+11;0;7;0;0;1;1;1;A01
2,016E+11;0;2;0;0;2;1;2;A01
2,016E+11;0;2;0;0;2;4;2;B01
2,016E+11;2;7;0;0;2;3;13;A01
2,016E+11;1;7;0;0;2;3;1;B01
2,016E+11;0;7;0;0;1;1;1;B01
2,016E+11;0;7;0;0;2;1;2;A01
2,016E+11;0;7;0;0;1;1;1;A01
2,016E+11;0;7;0;0;2;3;9;A01
2,016E+11;0;2;0;0;2;7;1;B01
2,016E+11;0;7;0;0;1;2;1;A01
2,016E+11;0;7;0;0;1;4;4;A01
2,016E+11;0;7;0;0;1;3;1;A01
2,016E+11;0;7;0;0;0;0;15;A01
2,016E+11;0;2;0;0;2;0;21;B01
2,016E+11;1;10;0;0;2;1;2;A01
2,016E+11;2;7;0;0;2;4;2;B01
2,016E+11;0;7;0;1;0;2;14;A01
2,016E+11;0;10;0;0;2;1;9;A01
2,016E+11;2;1;0;0;2;4;1;B01
2,016E+11;1;7;0;0;2;1;2;A01
2,016E+11;1;7;0;0;2;4;2;B01
2,016E+11;1;10;0;0;2;4;2;C01
2,016E+11;1;10;0;0;2;3;17;A01
2,016E+11;1;33;0;0;2;7;1;B01
2,016E+11;0;7;0;0;1;3;1;A01
2,016E+11;1;7;0;0;2;2;16;B01
2,016E+11;1;32;0;0;2;8;18;A01
2,016E+11;0;2;0;0;2;7;1;B01
2,016E+11;0;7;0;0;2;1;15;A01
2,016E+11;1;33;0;0;2;3;11;A01
2,016E+11;1;7;0;0;2;7;1;B01
2,016E+11;0;7;0;0;9;3;23;C01
2,016E+11;0;1;0;0;2;8;1;B01
2,016E+11;0;2;0;0;9;1;19;A01
2,016E+11;0;7;0;15;0;2;0;A01
2,016E+11;1;10;0;0;2;4;1;B01
2,016E+11;0;7;0;0;2;1;1;A01
2,016E+11;2;7;0;0;1;3;1;A01
2,016E+11;0;1;0;0;2;8;19;A01
2,016E+11;0;7;0;0;2;1;1;B01
2,016E+11;2;7;0;0;2;1;13;A01
2,016E+11;1;7;0;0;2;1;1;B01
2,016E+11;1;7;0;0;2;2;2;A01
2,016E+11;1;20;0;0;2;6;1;B01
2,016E+11;2;7;0;0;2;3;19;A01
2,016E+11;2;30;0;0;2;1;1;B01
2,016E+11;0;7;0;0;2;5;1;A01
2,016E+11;0;1;0;0;2;3;1;B01
2,016E+11;0;7;0;0;2;2;5;A01
2,016E+11;0;33;0;0;2;1;1;B01
2,016E+11;1;1;0;0;2;3;1;A01
2,016E+11;0;7;0;0;2;3;1;B01
2,016E+11;0;33;0;0;2;2;1;B01
2,016E+11;0;2;0;0;2;2;5;A01
2,016E+11;0;33;0;0;2;1;1;B01
2,016E+11;0;10;0;0;2;3;19;A01
2,016E+11;0;7;0;0;1;1;1;A01
2,016E+11;0;33;0;0;2;1;1;B01
2,016E+11;0;7;0;0;2;3;10;A01
2,016E+11;2;30;0;0;2;1;1;B01
2,016E+11;1;7;0;0;2;8;1;A01
2,016E+11;1;30;0;0;2;0;1;B01
2,016E+11;0;7;0;0;2;0;9;A01
2,016E+11;1;7;0;0;1;2;1;A01
2,016E+11;0;7;0;0;1;1;1;A01
2,016E+11;1;2;0;0;2;1;5;A01
2,016E+11;2;7;0;0;2;1;1;B01
2,016E+11;0;7;0;0;2;2;1;A01
2,016E+11;0;30;0;0;2;1;1;B01
2,016E+11;0;7;0;1;1;3;4;A01
2,016E+11;1;7;0;0;2;3;1;B01
2,016E+11;2;2;0;0;2;1;17;A01
2,016E+11;1;33;0;0;0;0;2;A01
2,016E+11;1;2;0;0;0;0;1;A01
2,016E+11;0;7;0;0;1;0;0;A01
2,016E+11;2;7;0;16;0;9;19;A01
2,016E+11;1;7;0;6;0;1;1;A01
2,016E+11;2;21;0;0;2;5;15;B01
2,016E+11;1;33;0;0;2;1;21;A01
2,016E+11;0;2;0;0;2;7;2;B01
2,016E+11;0;1;0;0;2;1;15;A01
2,016E+11;2;7;0;0;2;1;19;A01
2,016E+11;1;7;0;0;2;3;1;B01
2,016E+11;0;7;0;0;2;3;9;A01
2,016E+11;0;1;0;0;0;0;0;B01
2,016E+11;1;30;0;0;2;1;1;B01
2,016E+11;0;7;0;0;2;2;19;A01
2,016E+11;0;7;0;0;2;2;19;A01
2,016E+11;0;2;0;0;2;0;1;B01
2,016E+11;2;7;0;0;2;3;9;A01
2,016E+11;1;1;0;0;2;7;1;B01
2,016E+11;0;7;0;0;2;1;1;B01
2,016E+11;0;7;0;0;1;9;1;A01
2,016E+11;0;2;0;0;0;0;0;A01
2,016E+11;0;7;0;0;2;4;2;B01
2,016E+11;0;2;0;0;2;1;2;A01
2,016E+11;0;2;0;0;2;1;17;A01
2,016E+11;0;7;0;0;2;8;15;B01
2,016E+11;2;10;0;0;2;3;1;B01
2,016E+11;1;7;0;0;2;1;16;A01
2,016E+11;0;2;0;0;0;0;0;A01
2,016E+11;1;36;0;0;2;1;1;B01
2,016E+11;0;7;0;0;2;8;16;A01
2,016E+11;1;7;0;13;0;9;14;A01
2,016E+11;0;2;0;0;0;2;1;A01
2,016E+11;1;7;0;0;1;1;1;A01
2,016E+11;1;31;0;0;1;7;1;Z01
2,016E+11;2;7;0;0;2;2;16;A01
2,016E+11;2;1;0;0;2;6;18;B01
2,016E+11;0;7;0;0;1;0;2;A01
2,016E+11;2;7;0;0;1;2;1;A01
2,016E+11;1;7;0;0;1;2;1;A01
2,016E+11;1;7;0;1;0;1;14;A01
2,016E+11;2;2;0;0;1;0;0;A01
2,016E+11;1;2;0;0;2;1;1;B01
2,016E+11;2;7;0;0;2;3;10;A01
2,016E+11;1;7;0;2;0;1;14;A01
2,016E+11;1;7;0;0;1;2;1;A01
2,016E+11;2;7;0;10;0;7;2;A01
2,016E+11;0;2;0;0;2;1;17;A01
2,016E+11;0;7;0;0;2;8;15;B01
2,016E+11;0;7;0;0;1;0;0;A01
2,016E+11;0;7;0;0;0;0;0;A01
2,016E+11;2;7;0;0;2;2;15;A01
2,016E+11;1;7;0;0;2;1;1;B01
2,016E+11;1;7;0;0;2;1;1;C01
2,016E+11;1;7;0;15;0;1;1;A01
2,016E+11;0;7;0;0;2;1;1;A01
2,016E+11;0;7;0;0;2;4;1;B01
2,016E+11;0;2;0;0;1;1;1;A01
2,016E+11;0;7;0;0;1;3;1;B01
2,016E+11;0;7;0;0;1;3;15;A01
2,016E+11;0;7;0;0;2;1;13;A01
2,016E+11;0;7;0;0;2;1;1;B01
2,016E+11;1;7;0;0;2;1;1;A01
2,016E+11;1;7;0;0;2;4;1;B01
2,016E+11;1;7;0;0;2;4;1;C01
2,016E+11;1;7;0;0;2;3;15;A01
2,016E+11;2;7;0;0;2;3;1;B01
2,016E+11;0;7;0;0;1;3;1;A01
2,016E+11;0;7;0;0;2;1;1;A01
2,016E+11;0;7;0;0;1;4;1;B01
2,016E+11;0;7;0;0;1;1;1;A01
2,016E+11;2;7;0;0;2;1;1;A01
2,016E+11;2;7;0;0;2;4;1;B01
2,016E+11;0;7;0;6;0;1;1;A01
2,016E+11;2;1;0;0;2;7;1;A01
2,016E+11;1;7;0;0;9;3;9;B01
2,016E+11;0;7;0;0;1;1;1;A01
2,016E+11;0;33;0;0;2;3;1;A01
2,016E+11;0;7;0;0;2;7;16;B01
2,016E+11;0;10;0;0;1;2;1;A01
2,016E+11;0;7;0;0;2;1;1;A01
2,016E+11;0;7;0;0;2;4;1;B01
2,016E+11;0;7;0;0;2;1;1;A01
2,016E+11;0;7;0;0;2;4;1;B01
2,016E+11;0;7;0;0;2;4;1;C01
2,016E+11;0;7;0;0;2;3;15;A01
2,016E+11;0;2;0;0;2;1;1;B01
2,016E+11;1;7;0;0;2;1;1;A01
2,016E+11;2;7;0;0;2;1;1;B01
2,016E+11;0;7;0;0;1;3;1;A01
2,016E+11;0;7;0;0;1;0;0;A01
2,016E+11;0;2;0;0;2;3;14;A01
2,016E+11;0;7;0;0;2;6;17;B01
2,016E+11;0;7;0;0;1;0;15;A01
2,016E+11;0;7;0;0;2;1;1;A01
2,016E+11;0;7;0;0;2;8;15;B01
2,016E+11;0;7;0;15;0;0;0;A01
2,016E+11;2;7;0;0;2;1;1;B01
2,016E+11;0;7;0;0;2;8;15;A01
2,016E+11;0;7;0;0;1;0;0;A01
2,016E+11;0;7;0;0;1;0;0;A01
2,016E+11;0;7;0;0;1;1;1;A01
2,016E+11;0;2;0;0;1;1;7;A01
2,016E+11;0;7;0;0;2;3;10;B01
2,016E+11;0;7;0;0;2;2;1;C01
2,016E+11;0;33;0;0;2;1;17;A01
2,016E+11;0;7;0;0;2;4;15;B01
2,016E+11;0;7;0;0;2;3;10;A01
2,016E+11;0;7;0;0;2;5;1;B01
2,016E+11;0;7;0;0;1;1;1;A01
2,016E+11;0;37;1;0;1;2;1;A01
2,016E+11;0;7;0;0;1;1;1;A01
2,016E+11;0;33;0;0;1;1;1;A01
2,016E+11;0;7;0;0;2;2;15;A01
2,016E+11;0;33;0;0;2;1;1;B01
2,016E+11;1;33;0;0;2;1;1;A01
2,016E+11;1;7;0;0;2;1;10;B01
2,016E+11;0;7;0;0;2;3;15;A01
2,016E+11;0;2;0;0;2;2;1;B01
2,016E+11;0;7;0;0;2;1;1;A01
2,016E+11;0;7;0;0;2;4;23;B01
2,016E+11;0;7;0;0;1;6;4;A01
2,016E+11;0;1;0;0;2;7;1;B01
2,016E+11;0;7;0;0;9;7;20;A01
2,016E+11;1;7;0;0;1;1;1;A01
2,016E+11;0;7;0;0;2;1;1;A01
2,016E+11;0;7;0;0;2;4;23;B01
2,016E+11;0;7;0;0;2;4;23;C01
2,016E+11;0;7;0;0;2;1;1;A01
2,016E+11;0;7;0;0;2;7;1;B01
2,016E+11;0;7;0;0;2;2;1;A01
2,016E+11;0;2;0;0;2;1;1;B01
2,016E+11;0;2;0;0;2;1;1;A01
2,016E+11;0;7;0;0;2;7;16;B01
2,016E+11;0;33;0;1;2;7;21;A01
2,016E+11;0;15;0;0;2;6;9;A01
2,016E+11;0;33;0;0;2;1;1;B01
2,016E+11;0;7;0;0;2;1;1;A01
2,016E+11;0;7;0;0;2;4;1;B01
2,016E+11;0;7;0;0;2;4;1;C01
2,016E+11;0;7;0;0;1;2;1;A01
2,016E+11;0;7;0;0;1;3;1;A01
2,016E+11;1;10;0;0;2;1;1;A01
2,016E+11;1;7;0;0;2;4;1;B01
2,016E+11;0;7;0;0;2;3;1;A01
2,016E+11;0;7;0;0;1;4;10;B01
2,016E+11;0;7;0;12;0;1;1;A01
2,016E+11;1;7;0;0;2;1;1;B01
2,016E+11;0;2;0;0;2;1;16;A01
2,016E+11;0;7;0;9;0;1;13;A01
2,016E+11;2;7;0;1;2;1;1;A01
2,016E+11;0;37;1;0;2;8;15;B01
2,016E+11;0;33;0;14;2;0;2;A01
2,016E+11;0;7;0;0;0;0;0;B01
2,016E+11;0;7;0;0;2;2;0;A01
2,016E+11;0;7;0;0;2;0;0;B01
2,016E+11;0;7;0;0;2;3;15;A01
2,016E+11;1;1;0;0;2;1;1;B01
2,016E+11;0;7;0;0;0;0;0;A01
2,016E+11;0;1;0;0;0;5;0;B01
2,016E+11;0;7;0;0;9;3;0;A01
2,016E+11;0;33;0;0;0;0;0;B01
2,016E+11;0;7;0;0;2;2;0;A01
2,016E+11;0;2;0;0;0;8;0;B01
2,016E+11;0;7;0;13;0;9;0;A01
2,016E+11;0;7;0;0;2;0;1;A01
2,016E+11;0;2;0;0;2;1;1;B01
2,016E+11;0;7;0;0;2;0;0;A01
2,016E+11;0;7;0;0;0;0;0;B01
2,016E+11;0;7;0;0;0;0;0;C01
2,016E+11;0;7;0;0;2;0;0;D01
2,016E+11;0;7;0;0;2;0;0;E01
2,016E+11;0;7;0;0;2;3;0;A01
2,016E+11;0;7;0;0;0;3;0;B01
2,016E+11;0;7;0;0;1;0;0;A01
2,016E+11;0;1;0;0;2;0;7;A01
2,016E+11;0;7;0;0;2;8;0;B01
2,016E+11;0;7;0;2;1;1;0;A01
2,016E+11;0;7;0;0;1;0;0;A01
2,016E+11;0;7;0;0;2;9;16;A01
2,016E+11;0;7;0;0;2;2;19;B01
2,016E+11;0;7;0;9;0;3;0;A01
2,016E+11;0;7;0;14;0;6;15;A01
2,016E+11;0;33;0;0;2;8;0;B01
2,016E+11;2;33;0;0;2;1;13;A01
2,016E+11;1;7;0;0;2;1;1;B01
2,016E+11;2;7;0;1;0;1;1;A01
2,016E+11;1;7;0;0;2;1;0;A01
2,016E+11;2;7;0;0;2;1;0;B01
2,016E+11;0;7;0;0;9;0;0;A01
2,016E+11;0;2;0;0;2;3;0;B01
2,016E+11;0;7;0;0;0;2;0;A01
2,016E+11;0;33;0;0;0;0;0;B01
2,016E+11;0;7;0;0;2;4;0;A01
2,016E+11;0;7;0;0;2;4;0;B01
2,016E+11;0;7;0;0;0;0;0;C01
2,016E+11;0;7;0;0;2;3;0;A01
2,016E+11;0;7;0;0;2;0;0;B01
2,016E+11;0;7;0;0;2;6;0;B01
2,016E+11;0;7;0;0;2;1;0;A01
2,016E+11;0;7;0;0;1;1;19;A01
2,016E+11;0;7;0;0;1;0;0;A01
2,016E+11;1;15;0;0;2;7;0;A01
2,016E+11;1;7;0;0;0;0;0;B01
2,016E+11;0;33;0;0;1;0;0;A01
2,016E+11;0;7;0;0;0;0;0;A01
2,016E+11;0;7;0;0;0;0;0;B01
2,016E+11;0;7;0;0;1;0;0;A01
2,016E+11;0;7;0;0;2;0;0;A01
2,016E+11;0;7;0;0;2;0;0;B01
2,016E+11;0;7;0;0;0;0;0;C01
2,016E+11;0;33;0;14;0;1;0;A01
2,016E+11;0;7;0;0;2;3;0;B01
2,016E+11;0;7;0;0;2;1;0;A01
2,016E+11;0;7;0;0;2;3;0;B01
2,016E+11;1;33;0;15;0;0;0;A01
2,016E+11;0;10;0;0;2;5;0;A01
2,016E+11;0;10;0;0;2;1;0;B01
2,016E+11;0;7;0;14;9;1;0;B01
2,016E+11;0;1;0;14;0;0;0;A01
2,016E+11;0;33;0;0;2;0;0;B01
2,016E+11;0;7;0;0;2;2;0;A01
2,016E+11;0;10;0;0;2;0;0;A01
2,016E+11;0;7;0;0;2;0;0;B01
2,016E+11;0;10;0;0;1;2;0;A01
2,016E+11;0;1;0;0;0;0;0;B01
2,016E+11;0;7;0;0;0;0;0;A01
2,016E+11;0;7;0;0;2;2;16;A01
2,016E+11;0;33;0;0;2;3;0;B01
2,016E+11;0;7;0;0;2;7;15;A01
2,016E+11;0;7;0;0;2;1;0;B01
2,016E+11;1;7;0;0;2;4;0;B01
2,016E+11;1;15;0;0;2;1;0;A01
2,016E+11;1;7;0;0;2;0;0;D01
2,016E+11;1;7;0;0;2;1;0;C01
2,016E+11;0;7;0;0;1;3;0;A01
2,016E+11;0;1;0;0;0;1;0;B01
2,016E+11;0;31;0;0;2;0;0;A01
2,016E+11;0;7;0;0;0;7;0;A01
2,016E+11;2;7;0;0;2;0;0;A01
2,016E+11;2;7;0;0;9;0;0;B01
2,016E+11;2;1;0;0;2;0;0;B01
2,016E+11;2;7;0;0;9;7;14;A01
2,016E+11;0;7;0;0;1;3;0;A01
2,016E+11;0;7;0;0;2;6;0;B01
2,016E+11;0;33;0;0;2;1;0;A01
2,016E+11;0;30;0;0;2;0;0;A01
2,016E+11;0;7;0;0;2;5;0;B01
2,016E+11;0;7;0;9;1;0;0;A01
2,016E+11;0;7;0;0;2;2;19;A01
2,016E+11;0;7;0;0;2;1;0;B01
2,016E+11;1;7;0;0;1;7;0;A01
2,016E+11;0;7;0;0;1;0;0;A01
2,016E+11;0;7;0;0;1;0;0;A01
2,016E+11;0;37;4;0;2;2;0;A01
2,016E+11;0;7;0;0;2;3;0;B01
2,016E+11;0;7;0;1;0;1;0;A01
2,016E+11;0;7;0;9;0;1;0;A01
2,016E+11;0;10;0;0;2;0;0;A01
2,016E+11;0;1;0;0;2;1;0;B01
2,016E+11;0;7;0;0;2;3;0;B01
2,016E+11;0;7;0;0;2;3;0;A01
2,016E+11;0;7;0;0;1;0;0;A01
2,016E+11;0;7;0;0;2;1;0;A01
2,016E+11;0;7;0;0;2;4;0;B01
2,016E+11;0;7;0;0;2;8;0;B01
2,016E+11;0;7;0;0;2;3;0;A01
2,016E+11;0;7;0;0;1;8;0;A01
2,016E+11;0;2;0;0;2;0;0;A01
2,016E+11;0;7;0;0;2;6;0;B01
2,016E+11;0;7;0;0;2;1;0;B01
2,016E+11;0;7;0;0;2;8;0;A01
2,016E+11;2;30;0;0;2;1;1;B01
2,016E+11;0;37;1;0;2;8;1;A01
2,016E+11;0;7;0;0;0;0;0;A01
2,016E+11;0;7;0;0;2;5;0;A01
2,016E+11;0;37;0;0;2;3;0;B01
2,016E+11;1;7;0;0;2;7;0;B01
2,016E+11;1;7;0;0;2;8;0;A01
2,016E+11;0;7;0;0;2;6;0;A01
2,016E+11;0;7;0;0;2;1;0;B01
2,016E+11;0;7;0;0;1;0;0;A01
2,016E+11;1;7;0;0;2;8;0;A01
2,016E+11;0;33;0;0;2;0;0;B01
2,016E+11;0;1;0;0;2;0;0;B01
2,016E+11;0;7;0;0;9;1;0;A01
2,016E+11;2;7;0;3;0;0;0;A01
2,016E+11;1;1;0;0;2;0;0;B01
2,016E+11;0;7;0;0;2;0;0;A01
2,016E+11;0;7;0;0;2;4;0;B01
2,016E+11;0;2;0;0;2;1;0;A01
2,016E+11;0;7;0;2;0;1;0;A01
2,016E+11;0;1;0;1;0;0;0;A01
2,016E+11;0;14;0;0;9;5;0;B01
2,016E+11;1;7;0;0;2;1;0;A01
2,016E+11;1;7;0;0;9;4;0;B01
2,016E+11;0;7;0;1;0;1;0;A01
2,016E+11;0;7;0;6;0;1;0;A01
2,016E+11;0;7;0;0;2;1;0;A01
2,016E+11;0;30;0;0;2;0;0;B01
2,016E+11;0;37;2;0;1;0;0;A01
2,016E+11;0;7;0;0;1;1;0;A01
2,016E+11;0;7;0;0;1;0;0;A01
2,016E+11;1;7;0;0;2;1;19;A01
2,016E+11;1;7;0;0;1;3;13;B01
2,016E+11;1;7;0;0;1;3;17;A01
2,016E+11;2;7;0;0;2;2;19;A01
2,016E+11;1;33;0;0;2;1;1;B01
2,016E+11;2;7;0;0;2;1;11;B01
2,016E+11;1;14;0;0;2;3;1;C01
2,016E+11;0;7;0;0;2;3;19;A01
2,016E+11;1;13;0;0;9;1;1;A01
2,016E+11;0;1;0;0;0;0;0;B01
2,016E+11;2;30;0;0;2;7;19;A01
2,016E+11;1;7;0;0;2;1;1;B01
2,016E+11;2;7;0;0;1;2;0;A01
2,016E+11;0;7;0;0;0;3;9;A01
2,016E+11;1;1;0;0;0;4;1;B01
2,016E+11;2;7;0;0;1;3;1;A01
2,016E+11;1;7;0;0;2;8;1;B01
2,016E+11;0;7;0;0;2;1;1;A01
2,016E+11;1;7;0;0;2;1;1;B01
2,016E+11;2;7;0;0;2;2;1;A01
2,016E+11;1;7;0;0;2;3;13;A01
2,016E+11;2;7;0;0;2;2;21;B01
2,016E+11;2;7;0;0;2;1;13;A01
2,016E+11;2;7;0;0;2;1;21;C01
2,016E+11;1;10;0;0;2;1;21;B01
2,016E+11;2;7;0;2;0;2;14;A01
2,016E+11;1;7;0;0;1;3;1;A01
2,016E+11;2;7;0;3;2;1;1;B01
2,016E+11;1;7;0;3;2;1;13;A01
2,016E+11;2;7;0;13;0;8;21;C01
2,016E+11;2;10;0;0;2;1;13;A01
2,016E+11;1;7;0;0;2;1;1;B01
2,016E+11;2;33;0;13;0;7;14;A01
2,016E+11;1;33;0;0;2;1;13;A01
2,016E+11;0;7;0;0;2;1;1;B01
2,016E+11;1;30;0;12;0;7;14;A01
2,016E+11;2;7;0;0;2;1;13;A01
2,016E+11;1;7;0;0;2;1;1;B01
2,016E+11;2;33;0;0;0;1;1;A01
2,016E+11;1;7;0;13;0;1;1;A01
2,016E+11;1;33;0;0;0;1;1;A01
2,016E+11;2;33;0;0;0;2;1;A01
2,016E+11;1;7;0;0;2;7;15;A01
2,016E+11;2;33;0;0;2;1;1;B01
2,016E+11;1;7;0;2;0;1;1;A01
2,016E+11;2;33;0;0;2;8;1;B01
2,016E+11;1;2;0;0;2;1;1;A01
2,016E+11;1;2;0;0;2;2;17;A01
2,016E+11;1;7;0;0;2;8;15;B01
2,016E+11;1;2;0;0;2;1;17;B01
2,016E+11;1;7;0;0;2;3;10;A01
2,016E+11;2;7;0;2;0;1;1;A01