Num_Acc;senc;catv;occutc;obs;obsm;choc;manv;num_veh
2,016E+11;0;7;0;0;2;6;15;A01
2,016E+11;0;2;0;0;2;1;17;B01
2,016E+11;0;7;0;0;2;3;15;A01
2,016E+11;0;7;0;0;2;2;1;B01
2,016E+11;0;7;0;0;2;3;1;B01
2,016E+11;0;7;0;0;2;2;9;A01
2,016E+11;0;7;0;0;2;3;16;A01
2,016E+11;0;1;0;0;2;1;1;B01
2,016E+11;0;7;0;0;2;6;1;B01
2,016E+11;0;99;0;0;2;1;0;Z01
2,016E+11;0;7;0;0;0;0;5;A01
2,016E+11;0;33;0;0;0;0;21;B01
2,016E+11;0;7;0;0;1;4;4;Z01
2,016E+11;0;7;0;0;2;7;9;B01
2,016E+11;0;7;0;0;2;1;1;A01
2,016E+11;0;30;0;12;0;3;1;A01
2,016E+11;0;7;0;0;1;1;0;A01
2,016E+11;0;30;0;0;2;0;0;Z01
2,016E+11;0;30;0;0;0;1;0;A01
2,016E+11;0;7;0;0;2;1;0;A01
2,016E+11;0;33;0;0;2;0;0;B01
2,016E+11;0;7;0;0;2;1;0;A01
2,016E+11;0;30;0;0;0;3;0;B01
2,016E+11;0;37;1;0;1;7;1;A01
2,016E+11;0;30;0;0;1;1;0;A01
2,016E+11;0;31;0;0;9;1;0;A01
2,016E+11;2;7;0;0;2;1;1;A01
2,016E+11;0;7;0;0;2;5;16;A01
2,016E+11;0;2;0;0;2;1;1;B01
2,016E+11;0;7;0;0;2;2;1;A01
2,016E+11;0;2;0;0;2;1;1;B01
2,016E+11;0;7;0;0;0;0;0;A01
2,016E+11;2;7;0;0;1;1;1;A01
2,016E+11;0;7;0;0;2;1;15;A01
2,016E+11;0;33;0;0;2;1;1;B01
2,016E+11;0;7;0;0;2;1;0;A01
2,016E+11;0;7;0;0;0;3;0;B01
2,016E+11;0;7;0;0;1;1;0;A01
2,016E+11;0;2;0;0;0;0;0;A01
2,016E+11;0;7;0;0;2;7;0;B01
2,016E+11;0;30;0;0;9;8;0;A01
2,016E+11;0;30;0;0;2;1;0;A01
2,016E+11;0;7;0;0;2;4;0;B01
2,016E+11;0;7;0;0;1;0;0;Z01
2,016E+11;0;30;0;1;0;1;1;A01
2,016E+11;0;7;0;0;2;1;2;A01
2,016E+11;0;7;0;0;2;4;2;C01
2,016E+11;0;7;0;0;2;4;2;B01
2,016E+11;0;7;0;0;2;2;16;A01
2,016E+11;0;7;0;0;2;2;0;A01
2,016E+11;0;30;0;0;2;3;0;B01
2,016E+11;0;1;0;0;9;1;0;A01
2,016E+11;0;33;0;0;0;1;0;B01
2,016E+11;0;7;0;0;2;7;0;A01
2,016E+11;0;30;0;0;0;8;0;B01
2,016E+11;0;7;0;0;9;1;0;A01
2,016E+11;0;7;0;0;1;2;0;A01
2,016E+11;0;7;0;0;0;3;15;A01
2,016E+11;0;30;0;0;0;7;0;B01
2,016E+11;0;33;0;0;0;0;0;A01
2,016E+11;0;37;1;0;2;5;0;B01
2,016E+11;0;7;0;0;0;3;0;A01
2,016E+11;0;13;0;0;0;7;0;B01
2,016E+11;0;32;0;0;2;2;0;A01
2,016E+11;0;7;0;1;2;3;10;A01
2,016E+11;0;7;0;0;2;2;1;B01
2,016E+11;0;7;0;0;0;4;0;B01
2,016E+11;0;7;0;0;0;1;0;A01
2,016E+11;1;7;0;0;2;5;1;A01
2,016E+11;0;7;0;0;2;3;1;B01
2,016E+11;0;7;0;0;1;1;0;A01
2,016E+11;0;7;0;0;2;4;0;B01
2,016E+11;0;7;0;0;2;4;0;C01
2,016E+11;0;7;0;0;2;1;0;A01
2,016E+11;0;7;0;8;0;1;1;A01
2,016E+11;0;1;0;0;0;1;0;B01
2,016E+11;0;7;0;0;2;1;0;A01
2,016E+11;0;30;0;0;5;1;21;B01
2,016E+11;0;13;0;0;2;3;2;A01
2,016E+11;0;34;0;0;2;4;10;B01
2,016E+11;0;7;0;0;2;2;0;A01
2,016E+11;0;33;0;1;2;1;1;B01
2,016E+11;0;1;0;0;0;0;0;B01
2,016E+11;0;7;0;0;2;0;0;A01
2,016E+11;0;7;0;0;2;1;0;A01
2,016E+11;0;7;0;0;0;3;0;B01
2,016E+11;0;7;0;0;0;0;0;A01
2,016E+11;0;7;0;0;1;1;0;A01
2,016E+11;0;1;0;0;2;1;1;B01
2,016E+11;0;7;0;0;2;1;15;A01
2,016E+11;0;7;0;0;1;1;1;A01
2,016E+11;0;1;0;0;0;0;0;B01
2,016E+11;0;7;0;0;9;0;0;A01
2,016E+11;0;7;0;0;2;4;1;C01
2,016E+11;0;7;0;0;2;2;5;A01
2,016E+11;0;7;0;0;2;9;15;B01
2,016E+11;0;7;0;0;0;0;4;A01
2,016E+11;0;33;0;0;0;0;21;B01
2,016E+11;0;7;0;0;1;1;1;A01
2,016E+11;0;7;0;0;1;8;1;A01
2,016E+11;0;7;0;6;0;1;1;A01
2,016E+11;0;7;0;0;0;0;0;B01
2,016E+11;0;30;0;0;2;1;0;A01
2,016E+11;0;7;0;0;2;0;0;A01
2,016E+11;0;7;0;0;0;0;0;B01
2,016E+11;0;7;0;0;1;2;1;A01
2,016E+11;0;1;0;0;0;0;0;B01
2,016E+11;0;7;0;0;0;0;0;A01
2,016E+11;0;7;0;0;2;3;0;A01
2,016E+11;0;30;0;0;2;7;0;B01
2,016E+11;0;7;0;9;2;4;0;A01
2,016E+11;0;10;0;0;2;1;0;B01
2,016E+11;0;7;0;0;2;3;0;B01
2,016E+11;0;7;0;0;2;2;0;A01
2,016E+11;0;7;0;0;2;3;15;A01
2,016E+11;0;31;0;0;2;1;1;B01
2,016E+11;0;14;0;0;2;0;1;C01
2,016E+11;0;31;0;0;2;7;3;A01
2,016E+11;0;10;0;0;2;5;1;B01
2,016E+11;0;10;0;0;2;4;4;A01
2,016E+11;0;2;0;0;2;1;0;B01
2,016E+11;0;31;0;0;2;1;1;B01
2,016E+11;0;7;0;0;2;1;15;A01
2,016E+11;0;7;0;0;2;5;17;A01
2,016E+11;0;32;0;0;2;8;1;B01
2,016E+11;0;32;0;0;2;1;1;B01
2,016E+11;0;7;0;0;2;8;10;A01
2,016E+11;0;31;0;0;0;0;0;A01
2,016E+11;0;33;0;0;2;1;0;B01
2,016E+11;0;10;0;0;2;1;0;A01
2,016E+11;0;7;0;0;1;1;0;A01
2,016E+11;0;7;0;0;1;1;0;A01
2,016E+11;0;34;0;0;2;1;17;A01
2,016E+11;0;7;0;0;2;3;15;B01
2,016E+11;0;7;0;0;2;3;1;B01
2,016E+11;0;7;0;0;2;3;15;A01
2,016E+11;0;2;0;0;2;2;17;A01
2,016E+11;0;7;0;0;2;3;2;B01
2,016E+11;0;10;0;0;1;4;4;A01
2,016E+11;0;7;0;0;1;1;2;A01
2,016E+11;0;7;0;0;1;4;4;A01
2,016E+11;1;33;0;0;2;2;1;B01
2,016E+11;1;10;0;0;2;3;13;A01
2,016E+11;0;99;0;0;0;1;2;A01
2,016E+11;0;7;0;0;0;5;0;B01
2,016E+11;0;10;0;0;1;0;1;A01
2,016E+11;0;7;0;1;0;2;1;A01
2,016E+11;0;2;0;0;1;1;1;A01
2,016E+11;0;2;0;8;2;3;0;A01
2,016E+11;0;10;0;0;2;5;0;B01
2,016E+11;0;7;0;0;2;3;15;A01
2,016E+11;0;2;0;0;2;1;0;B01
2,016E+11;0;7;0;0;2;1;2;B01
2,016E+11;0;33;0;0;2;4;2;A01
2,016E+11;0;7;0;0;2;7;0;B01
2,016E+11;0;7;0;8;2;8;15;A01
2,016E+11;0;7;0;0;1;1;15;A01
2,016E+11;0;7;0;14;2;7;0;B01
2,016E+11;0;7;0;0;2;8;0;A01
2,016E+11;0;31;0;0;1;1;0;A01
2,016E+11;0;2;0;0;2;1;0;B01
2,016E+11;0;7;0;0;2;2;15;A01
2,016E+11;0;7;0;0;1;1;0;A01
2,016E+11;0;7;0;0;1;1;0;A01
2,016E+11;1;7;0;0;2;4;1;B01
2,016E+11;1;7;0;14;2;9;1;A01
2,016E+11;0;34;0;0;1;3;0;A01
2,016E+11;0;7;0;0;2;3;0;B01
2,016E+11;0;33;0;0;2;1;0;A01
2,016E+11;0;7;0;0;1;1;0;A01
2,016E+11;0;31;0;0;2;2;1;B01
2,016E+11;0;7;0;0;2;1;9;A01
2,016E+11;0;7;0;0;1;3;15;A01
2,016E+11;0;7;0;8;2;1;0;B01
2,016E+11;0;7;0;0;2;3;15;A01
2,016E+11;0;7;0;0;2;4;2;B01
2,016E+11;0;10;0;0;2;1;2;A01
2,016E+11;0;7;0;0;0;4;2;C01
2,016E+11;0;7;0;14;2;3;15;A01
2,016E+11;0;34;0;0;2;1;0;B01
2,016E+11;0;7;0;0;1;2;23;A01
2,016E+11;0;7;0;1;0;1;1;A01
2,016E+11;0;32;0;0;2;4;11;A01
2,016E+11;0;33;0;0;2;1;0;B01
2,016E+11;0;31;0;0;2;4;11;A01
2,016E+11;0;33;0;0;2;1;3;B01
2,016E+11;0;33;0;0;2;1;0;B01
2,016E+11;0;7;0;0;2;3;0;A01
2,016E+11;0;7;0;0;1;1;0;A01
2,016E+11;0;7;0;0;2;5;12;A01
2,016E+11;0;30;0;0;2;1;1;B01
2,016E+11;0;7;0;0;1;2;1;A01
2,016E+11;0;7;0;0;2;3;1;B01
2,016E+11;0;7;0;0;2;1;15;A01
2,016E+11;0;7;0;0;2;7;2;B01
2,016E+11;0;1;0;0;2;3;2;A01
2,016E+11;0;30;0;0;2;1;1;A01
2,016E+11;0;7;0;0;2;3;1;B01
2,016E+11;0;32;0;0;2;1;2;A01
2,016E+11;0;7;0;0;2;6;23;C01
2,016E+11;0;10;0;0;2;5;23;B01
2,016E+11;0;7;0;0;2;4;2;B01
2,016E+11;0;7;0;0;2;1;2;A01
2,016E+11;0;2;0;0;2;1;0;A01
2,016E+11;0;7;0;0;2;7;0;B01
2,016E+11;0;1;0;0;2;1;2;A01
2,016E+11;0;7;0;0;9;4;2;B01
2,016E+11;0;32;0;0;2;1;2;A01
2,016E+11;0;7;0;0;2;4;2;B01
2,016E+11;0;99;0;0;9;7;22;A01
2,016E+11;0;1;0;0;2;1;0;B01
2,016E+11;0;31;0;0;2;1;18;A01
2,016E+11;0;7;0;0;2;2;16;B01
2,016E+11;0;7;0;0;1;4;1;A01
2,016E+11;0;7;0;0;2;1;17;A01
2,016E+11;0;7;0;0;2;4;2;B01
2,016E+11;0;1;0;0;2;4;2;Y01
2,016E+11;0;10;0;0;1;7;0;A01
2,016E+11;0;10;0;0;2;3;0;A01
2,016E+11;0;33;0;9;2;1;0;B01
2,016E+11;0;7;0;0;1;1;0;A01
2,016E+11;0;7;0;1;0;0;0;A01
2,016E+11;0;1;0;0;2;4;1;B01
2,016E+11;0;7;0;0;2;2;17;A01
2,016E+11;0;1;0;1;0;1;0;B01
2,016E+11;0;7;0;0;9;8;22;A01
2,016E+11;0;34;0;0;2;8;3;B01
2,016E+11;0;7;0;0;2;7;12;A01
2,016E+11;0;10;0;0;2;3;1;A01
2,016E+11;0;33;0;0;2;2;3;B01
2,016E+11;0;7;0;0;2;4;2;B01
2,016E+11;0;31;0;0;2;1;2;A01
2,016E+11;0;7;0;0;1;1;16;A01
2,016E+11;0;34;0;0;2;1;0;B01
2,016E+11;0;7;0;1;2;1;0;A01
2,016E+11;0;7;0;0;2;3;0;A01
2,016E+11;0;30;0;0;2;2;0;B01
2,016E+11;0;33;0;6;0;1;0;A01
2,016E+11;0;7;0;0;1;2;0;A01
2,016E+11;0;7;0;0;2;1;2;A01
2,016E+11;0;37;5;0;2;4;23;B01
2,016E+11;0;32;0;0;2;1;17;A01
2,016E+11;0;10;0;0;2;8;15;B01
2,016E+11;0;2;0;0;2;1;0;A01
2,016E+11;0;7;0;0;2;7;0;B01
2,016E+11;0;33;0;0;2;1;0;A01
2,016E+11;0;7;0;0;2;4;0;B01
2,016E+11;0;31;0;0;2;1;1;B01
2,016E+11;0;7;0;0;2;7;9;A01
2,016E+11;0;7;0;0;2;1;0;A01
2,016E+11;0;7;0;0;2;1;0;B01
2,016E+11;0;7;0;0;1;1;0;A01
2,016E+11;0;33;0;0;1;1;0;A01
2,016E+11;0;7;0;9;0;2;0;A01
2,016E+11;0;2;0;0;2;7;15;A01
2,016E+11;0;7;0;0;2;3;20;B01
2,016E+11;0;7;0;0;1;3;1;A01
2,016E+11;0;7;0;0;1;3;1;A01
2,016E+11;0;7;0;0;2;4;1;B01
2,016E+11;0;30;0;0;2;1;2;A01
2,016E+11;0;7;0;0;2;2;16;B01
2,016E+11;0;30;0;0;2;2;2;A01
2,016E+11;0;7;0;0;2;3;9;B01
2,016E+11;0;33;0;0;2;7;1;A01
2,016E+11;0;34;0;0;2;8;13;B01
2,016E+11;0;14;0;0;2;2;1;A01
2,016E+11;0;30;0;0;2;9;0;A01
2,016E+11;0;14;0;0;2;1;0;B01
2,016E+11;0;14;0;0;2;1;2;A01
2,016E+11;0;7;0;0;2;4;2;B01
2,016E+11;0;7;0;0;2;7;1;C01
2,016E+11;0;7;0;0;1;0;1;A01
2,016E+11;0;7;0;0;2;1;1;A01
2,016E+11;0;7;0;0;0;4;1;B01
2,016E+11;0;7;0;0;2;1;2;A01
2,016E+11;0;7;0;0;2;1;2;B01
2,016E+11;0;10;0;0;2;4;2;C01
2,016E+11;0;30;0;0;2;0;21;A01
2,016E+11;0;34;0;0;1;1;1;A01
2,016E+11;0;1;0;1;0;0;1;B01
2,016E+11;0;7;0;0;2;8;1;A01
2,016E+11;0;7;0;0;2;2;2;C01
2,016E+11;0;7;0;0;2;1;2;A01
2,016E+11;0;7;0;0;2;4;2;B01
2,016E+11;0;32;0;0;1;1;1;A01
2,016E+11;0;7;0;0;2;2;15;A01
2,016E+11;0;33;0;0;2;8;1;B01
2,016E+11;0;37;1;0;2;1;2;A01
2,016E+11;0;7;0;0;2;4;2;B01
2,016E+11;0;7;0;0;1;1;0;A01
2,016E+11;0;33;0;0;2;8;18;A01
2,016E+11;0;33;0;0;2;7;16;B01
2,016E+11;0;7;0;0;1;3;1;A01
2,016E+11;0;7;0;0;1;0;0;A01
2,016E+11;0;7;0;0;2;3;9;A01
2,016E+11;0;16;0;0;2;1;1;B01
2,016E+11;0;33;0;0;2;1;2;A01
2,016E+11;0;7;0;0;2;3;23;B01
2,016E+11;0;10;0;0;2;2;1;A01
2,016E+11;0;37;2;0;2;3;1;B01
2,016E+11;0;7;0;0;1;2;17;Z01
2,016E+11;0;2;0;1;0;4;0;A01
2,016E+11;0;7;0;0;2;4;23;B01
2,016E+11;0;7;0;0;1;1;0;A01
2,016E+11;1;7;0;0;1;3;0;A01
2,016E+11;0;30;0;0;2;1;23;A01
2,016E+11;0;7;0;0;0;4;23;B01
2,016E+11;2;7;0;0;2;2;16;A01
2,016E+11;2;34;0;0;2;1;2;B01
2,016E+11;0;10;0;0;1;1;0;A01
2,016E+11;0;33;0;0;2;8;0;B01
2,016E+11;0;30;0;0;2;2;0;A01
2,016E+11;0;7;0;0;2;3;0;A01
2,016E+11;0;34;0;0;2;1;0;B01
2,016E+11;0;7;0;1;0;1;0;A01
2,016E+11;0;7;0;0;1;1;1;A01
2,016E+11;0;37;1;0;2;4;0;B01
2,016E+11;0;10;0;0;2;1;0;A01
2,016E+11;0;7;0;0;2;9;1;B01
2,016E+11;0;7;0;0;2;7;16;A01
2,016E+11;0;7;0;0;2;1;15;A01
2,016E+11;0;7;0;0;2;9;1;B01
2,016E+11;0;7;0;0;2;3;9;A01
2,016E+11;0;7;0;0;2;2;1;B01
2,016E+11;0;7;0;0;2;4;1;C01
2,016E+11;0;7;0;0;2;1;1;B01
2,016E+11;0;7;0;0;2;4;1;A01
2,016E+11;0;31;0;0;2;1;1;A01
2,016E+11;0;7;0;0;2;7;9;B01
2,016E+11;0;33;0;0;2;1;1;B01
2,016E+11;0;7;0;0;2;1;1;A01
2,016E+11;0;7;0;0;2;4;1;C01
2,016E+11;0;7;0;0;1;1;1;A01
2,016E+11;0;30;0;16;0;7;1;A01
2,016E+11;0;10;0;0;2;7;1;B01
2,016E+11;0;7;0;0;2;1;9;A01
2,016E+11;0;7;0;0;1;0;0;Z01
2,016E+11;0;33;0;0;2;4;15;B01
2,016E+11;0;7;0;0;2;1;1;A01
2,016E+11;0;33;0;0;9;2;1;A01
2,016E+11;0;7;0;0;2;1;2;A01
2,016E+11;0;7;0;0;2;4;2;C01
2,016E+11;0;7;0;0;2;4;2;B01
2,016E+11;0;7;0;9;0;1;11;A01
2,016E+11;0;2;0;9;0;1;1;A01
2,016E+11;0;34;0;0;2;1;21;B01
2,016E+11;0;7;0;0;2;8;23;A01
2,016E+11;0;7;0;0;2;3;16;B01
2,016E+11;0;33;0;0;2;3;1;A01
2,016E+11;0;7;0;1;0;1;1;A01
2,016E+11;0;7;0;0;2;3;19;A01
2,016E+11;0;33;0;0;2;1;1;B01
2,016E+11;0;33;0;0;2;1;1;B01
2,016E+11;0;7;0;0;2;3;10;A01
2,016E+11;0;7;0;0;2;3;1;A01
2,016E+11;0;2;0;0;2;9;15;B01
2,016E+11;0;10;0;0;1;4;4;A01
2,016E+11;0;7;0;0;2;8;1;A01
2,016E+11;0;33;0;0;2;8;1;B01
2,016E+11;0;2;0;0;2;9;1;A01
2,016E+11;0;7;0;0;2;2;0;B01
2,016E+11;0;7;0;0;1;7;17;A01
2,016E+11;0;2;0;0;2;7;21;A01
2,016E+11;0;2;0;0;2;1;1;B01
2,016E+11;0;7;0;0;2;1;1;C01
2,016E+11;0;7;0;0;2;1;1;A01
2,016E+11;0;2;0;0;2;7;21;B01
2,016E+11;0;7;0;0;2;1;1;A01
2,016E+11;0;7;0;0;1;4;4;A01
2,016E+11;0;7;0;1;0;9;1;A01
2,016E+11;0;7;0;0;0;0;16;B01
2,016E+11;0;2;0;0;0;7;1;A01
2,016E+11;0;33;0;0;2;1;0;A01
2,016E+11;0;7;0;0;2;4;0;B01
2,016E+11;0;99;0;0;2;4;4;A01
2,016E+11;0;7;0;0;2;8;0;B01
2,016E+11;0;99;0;0;2;1;1;C01
2,016E+11;0;7;0;0;1;1;0;A01
2,016E+11;0;33;0;0;2;1;1;B01
2,016E+11;0;7;0;0;2;4;15;Z01
2,016E+11;0;7;0;0;2;4;16;B01
2,016E+11;0;2;0;0;2;7;1;A01
2,016E+11;0;7;0;0;1;1;1;A01
2,016E+11;2;10;0;0;2;4;1;B02
2,016E+11;2;7;0;12;2;9;6;A01
2,016E+11;2;7;0;0;2;4;23;B02
2,016E+11;2;2;0;0;2;1;2;A01
2,016E+11;2;7;0;0;2;7;16;A01
2,016E+11;2;2;0;0;2;9;1;A02
2,016E+11;1;7;0;12;0;4;1;A01
2,016E+11;2;30;0;0;2;4;1;B02
2,016E+11;2;7;0;0;2;1;2;A01
2,016E+11;0;7;0;0;2;4;0;C01
2,016E+11;0;7;0;0;2;4;0;B01
2,016E+11;0;7;0;0;2;1;0;A01
2,016E+11;0;33;0;0;0;8;23;A01
2,016E+11;0;7;0;0;2;4;0;B01
2,016E+11;0;99;0;0;2;1;0;A01
2,016E+11;0;20;0;0;1;1;0;A01
2,016E+11;1;7;0;0;2;4;1;B02
2,016E+11;1;7;0;0;2;1;2;A01
2,016E+11;0;7;0;0;0;1;0;A01
2,016E+11;0;7;0;0;2;4;1;B01
2,016E+11;1;7;0;0;2;1;1;A01
2,016E+11;0;7;0;0;0;1;2;A01
2,016E+11;0;2;0;0;0;0;0;B01
2,016E+11;0;7;0;0;2;1;1;A01
2,016E+11;0;7;0;0;2;4;1;B01
2,016E+11;0;34;0;0;0;8;21;A01
2,016E+11;0;7;0;0;1;4;4;A01
2,016E+11;2;7;0;0;2;6;1;C02
2,016E+11;2;30;0;0;2;1;12;A01
2,016E+11;0;13;0;0;0;3;1;B01
2,016E+11;0;7;0;0;0;2;1;A01
2,016E+11;0;7;0;0;1;2;0;A01
2,016E+11;0;7;0;0;2;1;0;A01
2,016E+11;0;7;0;0;2;4;0;B01
2,016E+11;2;1;0;0;2;1;1;A01
2,016E+11;0;7;0;0;2;8;1;B01
2,016E+11;1;33;0;7;2;1;1;A01
2,016E+11;1;7;0;0;2;3;11;B01
2,016E+11;2;33;0;0;0;7;1;A01
2,016E+11;1;33;0;0;0;8;1;A01
2,016E+11;0;7;0;0;1;7;1;A01
2,016E+11;2;1;0;1;0;1;1;B01
2,016E+11;2;7;0;0;2;8;22;A01
2,016E+11;1;7;0;0;2;2;15;B01
2,016E+11;2;32;0;0;2;1;1;A01
2,016E+11;2;1;0;0;2;4;23;B01
2,016E+11;2;7;0;0;2;1;1;A01
2,016E+11;1;30;0;0;1;7;20;A01
2,016E+11;1;7;0;0;2;1;2;A01
2,016E+11;1;7;0;0;2;4;2;C01
2,016E+11;1;10;0;0;2;4;2;B01
2,016E+11;1;30;0;0;2;8;2;B01
2,016E+11;1;7;0;0;2;7;17;A01
2,016E+11;2;14;0;15;2;1;2;A01
2,016E+11;2;7;0;0;2;4;2;B01
2,016E+11;2;30;0;0;2;8;1;A01
2,016E+11;1;38;2;0;2;8;1;B01
2,016E+11;1;1;0;0;2;4;2;B01
2,016E+11;1;7;0;0;2;1;2;A01
2,016E+11;1;30;0;0;0;7;1;A01
2,016E+11;2;10;0;0;2;4;2;B01
2,016E+11;2;7;0;0;2;1;2;A01
2,016E+11;1;7;0;0;2;3;2;A01
2,016E+11;1;30;0;0;2;7;2;B01
2,016E+11;1;7;0;0;1;8;1;A01
2,016E+11;1;30;0;0;0;7;1;A01
2,016E+11;1;7;0;0;1;2;1;A01
2,016E+11;2;7;0;0;2;1;9;A01
2,016E+11;1;30;0;0;2;7;1;B01
2,016E+11;2;33;0;0;0;0;1;A01
2,016E+11;1;33;0;0;2;1;1;A01
2,016E+11;2;10;0;0;2;8;1;B01
2,016E+11;1;7;0;0;1;1;1;A01
2,016E+11;1;7;0;0;2;1;1;A01
2,016E+11;2;34;0;0;2;8;15;B01
2,016E+11;2;30;0;0;0;1;1;A01
2,016E+11;2;1;0;0;1;5;1;A01
2,016E+11;1;7;0;0;2;3;15;A01
2,016E+11;2;33;0;0;2;1;1;B01
2,016E+11;2;7;0;0;1;4;4;A01
2,016E+11;2;7;0;0;1;7;1;A01
2,016E+11;1;10;0;0;1;8;15;A01
2,016E+11;2;7;0;0;2;3;1;B01
2,016E+11;1;7;0;0;2;2;16;A01
2,016E+11;1;7;0;1;0;8;1;A01
2,016E+11;0;7;0;0;2;1;1;A01
2,016E+11;0;1;0;0;2;8;19;B01
2,016E+11;1;7;0;0;1;2;1;A01
2,016E+11;1;30;0;0;0;7;1;A01
2,016E+11;2;7;0;0;2;2;15;A01
2,016E+11;1;33;0;0;2;1;1;B01
2,016E+11;2;7;0;0;2;3;16;A01
2,016E+11;1;30;0;0;2;1;1;B01
2,016E+11;1;7;0;0;1;1;1;A01
2,016E+11;2;30;0;0;2;1;1;A01
2,016E+11;2;7;0;0;2;6;15;B01
2,016E+11;1;7;0;0;1;1;1;A01
2,016E+11;1;14;0;0;2;2;2;A01
2,016E+11;1;7;0;0;2;8;2;B01
2,016E+11;2;34;0;0;2;1;12;A01
2,016E+11;2;7;0;0;2;6;1;B01
2,016E+11;1;7;0;0;1;7;1;A01
2,016E+11;1;7;0;0;2;1;1;B01
2,016E+11;1;7;0;0;2;7;1;A01
2,016E+11;1;33;0;0;2;1;17;A01
2,016E+11;2;7;0;0;2;1;15;B01
2,016E+11;1;7;0;0;1;1;9;A01
2,016E+11;1;7;0;0;1;8;1;A01
2,016E+11;1;33;0;0;2;7;1;A01
2,016E+11;1;7;0;0;2;8;10;B01
2,016E+11;2;30;0;0;0;8;1;A01
2,016E+11;2;7;0;0;2;5;15;B01
2,016E+11;1;32;0;0;2;1;1;A01
2,016E+11;0;1;0;0;2;6;19;B01
2,016E+11;2;7;0;0;2;3;1;A01
2,016E+11;1;30;0;0;0;7;15;A01
2,016E+11;2;7;0;8;0;1;15;A01
2,016E+11;1;32;0;0;0;8;1;A01
2,016E+11;1;33;0;0;0;6;1;A01
2,016E+11;1;33;0;0;2;8;1;A01
2,016E+11;1;7;0;0;2;7;1;B01
2,016E+11;1;33;0;0;2;7;1;C01
2,016E+11;1;30;0;0;0;7;21;B01
2,016E+11;1;7;0;0;0;0;5;A01
2,016E+11;2;7;0;0;2;7;12;A01
2,016E+11;2;1;0;0;2;1;9;B01
2,016E+11;2;1;0;0;0;7;1;A01
2,016E+11;1;7;0;0;2;3;16;A01
2,016E+11;2;7;0;0;2;3;1;B01
2,016E+11;2;1;0;8;0;7;1;A01
2,016E+11;2;7;0;7;0;1;19;A01
2,016E+11;1;38;1;0;2;7;12;A01
2,016E+11;1;31;0;0;2;8;1;B01
2,016E+11;1;34;0;0;2;1;1;B01
2,016E+11;2;7;0;0;2;3;15;A01
2,016E+11;1;7;0;0;2;6;23;A01
2,016E+11;1;7;0;0;2;1;2;B01
2,016E+11;2;1;0;0;2;1;1;B01
2,016E+11;2;10;0;0;2;0;22;A01
2,016E+11;2;1;0;0;2;8;5;A01
2,016E+11;1;32;0;1;2;1;1;B01
2,016E+11;1;7;0;0;1;1;1;A01
2,016E+11;2;7;0;1;0;2;1;A01
2,016E+11;2;32;0;0;2;1;2;A01
2,016E+11;2;7;0;0;2;4;2;B01
2,016E+11;2;7;0;1;0;3;1;A01
2,016E+11;2;7;0;0;2;4;2;B01
2,016E+11;2;7;0;0;2;1;2;A01
2,016E+11;2;30;0;0;0;8;1;A01
2,016E+11;2;33;0;0;0;9;1;A01
2,016E+11;2;7;0;0;2;1;2;A01
2,016E+11;2;7;0;0;2;4;2;B01
2,016E+11;2;10;0;0;2;4;2;C01
2,016E+11;1;7;0;0;2;3;1;C01
2,016E+11;2;7;0;0;2;8;1;B01
2,016E+11;1;1;0;0;2;7;15;A01
2,016E+11;1;38;1;0;1;7;16;A01
2,016E+11;2;7;0;0;2;3;13;B01
2,016E+11;2;33;0;0;2;7;17;A01
2,016E+11;2;7;0;8;0;1;1;A01
2,016E+11;2;33;0;0;2;1;1;A01
2,016E+11;2;7;0;0;2;6;1;B01
2,016E+11;1;7;0;0;1;7;16;A01
2,016E+11;1;7;0;0;1;2;1;A01
2,016E+11;1;7;0;0;1;1;1;Z01
2,016E+11;2;31;0;0;2;3;2;A01
2,016E+11;2;7;0;0;2;6;2;B01
2,016E+11;1;7;0;0;1;1;1;A01
2,016E+11;2;7;0;0;1;1;15;A01
2,016E+11;1;7;0;0;2;3;11;A01
2,016E+11;1;33;0;0;2;2;17;B01
2,016E+11;1;7;0;0;1;1;1;A01
2,016E+11;1;32;0;0;2;1;2;A01
2,016E+11;1;7;0;0;2;4;2;B01
2,016E+11;2;7;0;0;2;8;9;A01
2,016E+11;0;30;0;0;2;7;1;B01
2,016E+11;2;7;0;0;2;6;15;C01
2,016E+11;1;10;0;0;2;1;2;A01
2,016E+11;1;7;0;0;2;1;2;B01
2,016E+11;1;7;0;0;2;1;16;B01
2,016E+11;2;10;0;0;2;1;13;A01
2,016E+11;2;7;0;0;1;5;1;A01
2,016E+11;2;7;0;0;1;3;1;A01
2,016E+11;1;32;0;0;2;8;1;B01
2,016E+11;2;7;0;0;2;1;15;A01
2,016E+11;0;7;0;0;2;4;1;B01
2,016E+11;0;7;0;0;2;1;1;A01
2,016E+11;0;7;0;0;0;0;0;A01
2,016E+11;0;30;0;0;2;8;2;B01
2,016E+11;0;2;0;0;2;1;1;B01
2,016E+11;0;7;0;0;2;7;15;A01
2,016E+11;0;7;0;0;2;1;1;A01
2,016E+11;0;7;0;0;1;1;1;A01
2,016E+11;0;7;0;0;2;3;15;A01
2,016E+11;0;30;0;0;2;1;17;B01
2,016E+11;0;2;0;0;1;0;17;A01
2,016E+11;0;30;0;0;1;1;3;A01