Num_Acc;senc;catv;occutc;obs;obsm;choc;manv;num_veh
2,016E+11;0;7;0;0;2;1;23;C01
2,016E+11;0;7;0;0;2;6;23;B01
2,016E+11;0;2;0;0;0;7;1;A01
2,016E+11;0;33;0;0;2;1;1;B01
2,016E+11;0;10;0;0;2;3;15;A01
2,016E+11;0;2;0;0;0;7;1;A01
2,016E+11;0;7;0;0;2;3;15;A01
2,016E+11;0;2;0;0;2;1;1;B01
2,016E+11;0;30;0;12;0;7;1;A01
2,016E+11;0;1;0;12;0;0;1;A01
2,016E+11;0;33;0;0;1;1;17;A01
2,016E+11;0;7;0;4;0;3;1;A01
2,016E+11;0;37;1;0;2;0;1;A01
2,016E+11;0;7;0;0;0;1;15;A01
2,016E+11;0;33;0;0;0;0;1;A01
2,016E+11;0;33;0;0;2;7;1;B01
2,016E+11;0;7;0;0;2;4;4;A01
2,016E+11;0;2;0;0;2;1;1;B01
2,016E+11;0;7;0;0;2;2;15;A01
2,016E+11;0;33;0;0;2;7;2;A01
2,016E+11;0;7;0;0;2;8;15;B01
2,016E+11;0;7;0;0;2;1;1;A01
2,016E+11;0;2;0;0;2;1;1;B01
2,016E+11;0;7;0;8;0;1;1;A01
2,016E+11;0;7;0;0;2;3;2;A01
2,016E+11;0;7;0;0;2;5;15;B01
2,016E+11;0;7;0;0;2;6;1;C01
2,016E+11;0;30;0;0;2;1;1;A01
2,016E+11;0;7;0;0;2;1;15;B01
2,016E+11;0;1;0;0;2;1;0;A01
2,016E+11;0;7;0;0;2;3;15;B01
2,016E+11;0;7;0;0;2;3;10;A01
2,016E+11;0;7;0;0;2;2;1;B01
2,016E+11;0;7;0;0;1;1;16;A01
2,016E+11;0;7;0;0;2;4;1;A01
2,016E+11;0;7;0;0;2;1;2;B01
2,016E+11;0;7;0;1;2;3;1;B01
2,016E+11;0;7;0;0;2;2;20;A01
2,016E+11;0;34;0;0;2;1;1;B01
2,016E+11;0;7;0;0;2;1;10;A01
2,016E+11;0;2;0;0;0;0;1;A01
2,016E+11;0;7;0;0;1;1;20;A01
2,016E+11;0;35;0;0;2;4;23;B01
2,016E+11;0;20;0;0;2;1;2;A01
2,016E+11;0;10;0;0;2;3;1;A01
2,016E+11;0;33;0;0;2;7;15;B01
2,016E+11;0;7;0;0;2;7;2;B01
2,016E+11;0;7;0;0;2;1;16;A01
2,016E+11;0;2;0;0;0;0;1;A01
2,016E+11;0;30;0;0;2;1;2;A01
2,016E+11;0;13;0;0;2;4;23;B01
2,016E+11;0;7;0;0;2;3;15;B01
2,016E+11;0;30;0;0;2;1;13;A01
2,016E+11;0;15;0;0;2;7;1;B01
2,016E+11;0;30;0;0;2;1;1;A01
2,016E+11;0;37;1;0;1;1;1;A01
2,016E+11;0;7;0;0;1;1;1;A01
2,016E+11;0;33;0;0;1;1;1;A01
2,016E+11;0;1;0;0;2;4;2;A01
2,016E+11;0;13;0;0;2;4;23;B01
2,016E+11;0;33;0;0;2;1;1;A01
2,016E+11;0;13;0;0;2;3;15;B01
2,016E+11;0;30;0;0;0;8;1;A01
2,016E+11;0;13;0;0;2;3;10;A01
2,016E+11;0;30;0;0;2;1;1;B01
2,016E+11;0;13;0;0;2;1;1;A01
2,016E+11;0;33;0;0;2;4;23;B01
2,016E+11;0;13;0;0;2;1;1;A01
2,016E+11;0;13;0;0;2;4;1;B01
2,016E+11;0;33;0;0;2;1;2;A01
2,016E+11;0;7;0;0;2;4;2;B01
2,016E+11;0;33;0;0;2;7;2;A01
2,016E+11;0;13;0;0;2;1;2;B01
2,016E+11;0;7;0;0;2;1;15;A01
2,016E+11;0;33;0;0;2;7;1;B01
2,016E+11;0;7;0;0;2;1;1;B01
2,016E+11;0;1;0;0;2;1;5;A01
2,016E+11;0;33;0;0;0;9;1;B01
2,016E+11;0;7;0;0;2;0;15;A01
2,016E+11;0;7;0;1;0;1;1;A01
2,016E+11;0;7;0;0;1;1;15;A01
2,016E+11;0;31;0;0;2;2;1;B01
2,016E+11;0;7;0;0;2;3;10;A01
2,016E+11;0;7;0;0;2;8;15;B01
2,016E+11;0;33;0;0;2;7;17;A01
2,016E+11;0;15;0;0;2;3;13;A01
2,016E+11;0;7;0;0;2;8;1;B01
2,016E+11;0;7;0;0;2;1;1;A01
2,016E+11;0;33;0;0;2;4;1;B01
2,016E+11;0;17;0;0;2;1;15;A01
2,016E+11;0;33;0;0;2;1;13;B01
2,016E+11;0;15;0;0;1;1;15;A01
2,016E+11;0;7;0;15;2;1;2;A01
2,016E+11;0;7;0;0;2;1;2;B01
2,016E+11;0;7;0;0;2;0;2;C01
2,016E+11;0;13;0;0;2;4;2;D01
2,016E+11;0;13;0;0;2;4;2;B01
2,016E+11;0;15;0;0;2;4;2;C01
2,016E+11;0;13;0;0;2;1;2;A01
2,016E+11;0;13;0;11;0;1;1;A01
2,016E+11;0;7;0;0;2;3;1;A01
2,016E+11;0;7;0;0;2;5;1;B01
2,016E+11;0;33;0;0;2;1;1;C01
2,016E+11;0;7;0;0;1;2;1;A01
2,016E+11;0;20;0;0;2;7;12;A01
2,016E+11;0;15;0;0;2;8;1;B01
2,016E+11;0;7;0;0;1;1;2;A01
2,016E+11;0;7;0;0;2;4;1;B01
2,016E+11;0;37;1;0;2;1;1;A01
2,016E+11;0;7;0;0;2;1;1;A01
2,016E+11;0;7;0;0;2;4;1;B01
2,016E+11;0;33;0;0;2;4;1;B01
2,016E+11;0;7;0;1;2;1;1;A01
2,016E+11;0;7;0;0;1;1;1;A01
2,016E+11;0;31;0;0;2;1;1;A01
2,016E+11;0;7;0;0;2;1;1;A01
2,016E+11;0;7;0;0;2;8;1;B01
2,016E+11;0;32;0;0;1;2;18;A01
2,016E+11;0;7;0;9;0;3;1;A01
2,016E+11;0;32;0;0;2;8;1;A01
2,016E+11;0;30;0;0;0;8;1;B01
2,016E+11;0;32;0;0;1;1;1;A01
2,016E+11;0;30;0;0;0;8;1;A01
2,016E+11;0;7;0;0;1;3;16;A01
2,016E+11;0;10;0;0;1;4;24;A01
2,016E+11;0;7;0;0;1;1;1;A01
2,016E+11;0;7;0;0;0;9;1;A01
2,016E+11;0;7;0;0;2;3;15;A01
2,016E+11;0;31;0;0;2;8;1;B01
2,016E+11;0;7;0;0;1;2;1;A01
2,016E+11;0;7;0;0;2;9;2;B01
2,016E+11;0;7;0;0;2;1;1;A01
2,016E+11;0;7;0;0;2;1;1;B01
2,016E+11;0;7;0;0;2;2;1;A01
2,016E+11;0;7;0;0;2;1;2;B01
2,016E+11;0;30;0;0;2;1;17;A01
2,016E+11;0;7;0;0;2;8;1;A01
2,016E+11;0;2;0;0;2;8;1;B01
2,016E+11;0;7;0;0;2;4;1;B01
2,016E+11;0;33;0;0;2;1;17;A01
2,016E+11;0;7;0;0;2;3;13;A01
2,016E+11;0;31;0;0;2;8;17;B01
2,016E+11;0;33;0;0;2;7;17;B01
2,016E+11;0;7;0;0;2;3;15;A01
2,016E+11;0;7;0;0;2;4;1;C01
2,016E+11;0;7;0;0;2;1;1;A01
2,016E+11;0;7;0;0;2;4;1;B01
2,016E+11;0;2;0;0;2;8;0;A01
2,016E+11;0;7;0;0;2;4;1;B01
2,016E+11;0;7;0;0;2;1;1;A01
2,016E+11;0;30;0;0;2;1;1;A01
2,016E+11;0;7;0;0;2;2;15;B01
2,016E+11;0;7;0;0;2;3;15;A01
2,016E+11;0;30;0;0;2;1;17;B01
2,016E+11;0;7;0;0;0;1;0;A01
2,016E+11;0;7;0;0;2;4;23;C01
2,016E+11;0;7;0;0;2;1;1;A01
2,016E+11;0;7;0;0;2;9;23;B01
2,016E+11;0;14;0;1;0;7;1;A01
2,016E+11;0;7;0;0;2;8;23;B01
2,016E+11;0;7;0;0;1;1;1;A01
2,016E+11;0;32;0;0;0;0;21;A01
2,016E+11;0;30;0;0;0;7;0;A01
2,016E+11;0;7;0;0;2;1;1;A01
2,016E+11;0;7;0;0;2;8;1;B01
2,016E+11;0;10;0;0;2;2;5;A01
2,016E+11;0;7;0;0;2;3;15;B01
2,016E+11;0;31;0;0;2;1;1;A01
2,016E+11;0;7;0;0;2;4;23;B01
2,016E+11;0;7;0;0;2;1;15;A01
2,016E+11;0;34;0;0;2;1;1;B01
2,016E+11;0;7;0;0;2;3;15;A01
2,016E+11;0;33;0;0;2;6;1;B01
2,016E+11;0;7;0;4;0;3;1;A01
2,016E+11;0;10;0;0;2;8;15;A01
2,016E+11;0;33;0;0;2;5;17;B01
2,016E+11;0;7;0;0;1;1;1;A01
2,016E+11;0;7;0;4;0;1;1;A01
2,016E+11;0;7;0;1;0;3;1;A01
2,016E+11;0;32;0;0;2;1;17;B01
2,016E+11;0;7;0;0;2;3;9;A01
2,016E+11;0;1;0;0;2;1;1;A01
2,016E+11;0;7;0;0;2;4;23;B01
2,016E+11;0;7;0;0;1;1;1;A01
2,016E+11;0;30;0;0;0;0;1;A01
2,016E+11;0;34;0;0;2;1;5;A01
2,016E+11;0;7;0;0;2;1;1;B01
2,016E+11;0;7;0;1;0;1;13;A01
2,016E+11;0;32;0;0;0;0;1;A01
2,016E+11;0;7;0;0;2;7;14;A01
2,016E+11;0;33;0;0;2;1;1;B01
2,016E+11;0;7;0;0;1;1;1;A01
2,016E+11;0;10;0;0;2;8;23;A01
2,016E+11;0;1;0;1;0;1;17;B01
2,016E+11;0;32;0;0;1;2;1;A01
2,016E+11;0;7;0;0;2;1;1;A01
2,016E+11;0;7;0;0;2;4;23;B01
2,016E+11;0;32;0;0;0;0;1;A01
2,016E+11;0;1;0;0;0;0;1;A01
2,016E+11;0;7;0;0;0;0;16;B01
2,016E+11;0;7;0;0;0;0;15;A01
2,016E+11;0;7;0;0;2;4;1;B01
2,016E+11;0;33;0;0;2;1;1;C01
2,016E+11;0;7;0;0;2;8;15;A01
2,016E+11;0;1;0;0;2;1;17;B01
2,016E+11;0;7;0;0;2;1;12;A01
2,016E+11;1;31;0;0;2;4;11;B01
2,016E+11;0;7;0;0;2;5;10;A01
2,016E+11;0;1;0;0;2;1;1;B01
2,016E+11;0;33;0;4;0;1;1;A01
2,016E+11;0;10;0;0;1;4;4;A01
2,016E+11;0;7;0;0;2;3;9;A01
2,016E+11;0;33;0;0;2;1;17;B01
2,016E+11;0;7;0;0;1;1;1;A01
2,016E+11;0;7;0;4;0;3;1;A01
2,016E+11;0;7;0;4;0;1;1;A01
2,016E+11;0;32;0;1;2;1;1;A01
2,016E+11;0;7;0;0;2;4;1;B01
2,016E+11;0;99;0;0;2;2;16;B01
2,016E+11;0;32;0;4;2;1;18;A01
2,016E+11;0;2;0;0;2;1;18;A01
2,016E+11;0;7;0;0;2;2;16;B01
2,016E+11;0;7;0;4;0;6;1;A01
2,016E+11;0;7;0;0;1;1;15;A01
2,016E+11;0;33;0;0;0;0;1;A01
2,016E+11;0;31;0;0;0;7;1;A01
2,016E+11;0;32;0;0;0;0;17;A01
2,016E+11;0;10;0;0;0;0;15;B01
2,016E+11;0;30;0;0;9;1;1;A01
2,016E+11;0;30;0;0;0;0;0;A01
2,016E+11;0;7;0;0;2;7;9;A01
2,016E+11;0;7;0;0;2;1;1;B01
2,016E+11;0;1;0;14;0;1;1;A01
2,016E+11;0;37;20;0;1;2;1;A01
2,016E+11;0;37;20;0;2;7;1;C01
2,016E+11;0;7;0;0;2;8;24;B01
2,016E+11;0;7;0;1;2;1;1;A01
2,016E+11;0;32;0;0;2;1;17;A01
2,016E+11;0;7;0;0;2;1;15;B01
2,016E+11;0;7;0;0;2;4;23;C01
2,016E+11;0;7;0;0;2;4;23;B01
2,016E+11;0;14;0;0;2;1;1;A01
2,016E+11;0;34;0;0;0;0;1;A01
2,016E+11;0;30;0;1;0;1;1;A01
2,016E+11;0;10;0;0;2;1;1;B01
2,016E+11;0;7;0;0;2;7;1;B01
2,016E+11;0;30;0;0;2;8;11;A01
2,016E+11;0;7;0;0;2;8;15;B01
2,016E+11;0;33;0;0;2;1;17;A01
2,016E+11;0;7;0;0;2;4;23;C01
2,016E+11;0;10;0;0;2;1;1;A01
2,016E+11;0;7;0;0;2;4;23;B01
2,016E+11;0;7;0;0;2;4;12;B01
2,016E+11;0;7;0;0;2;1;1;A01
2,016E+11;0;7;0;0;2;4;23;D01
2,016E+11;0;7;0;0;2;4;23;C01
2,016E+11;0;1;0;1;0;1;13;B01
2,016E+11;0;7;0;0;0;0;17;A01
2,016E+11;0;1;0;0;2;1;1;A01
2,016E+11;0;7;0;0;2;8;10;B01
2,016E+11;0;7;0;0;2;6;10;A01
2,016E+11;0;32;0;0;2;1;1;B01
2,016E+11;0;33;0;0;2;1;1;B01
2,016E+11;0;7;0;0;2;3;15;A01
2,016E+11;0;7;0;0;1;1;16;A01
2,016E+11;0;7;0;0;2;4;23;B01
2,016E+11;0;7;0;0;2;1;1;A01
2,016E+11;0;7;0;0;2;2;15;A01
2,016E+11;0;7;0;0;2;1;1;B01
2,016E+11;0;33;0;0;2;1;1;B01
2,016E+11;0;7;0;0;2;8;10;A01
2,016E+11;0;7;0;0;2;2;12;A01
2,016E+11;0;7;0;0;2;3;11;B01
2,016E+11;0;7;0;0;2;2;15;A01
2,016E+11;0;34;0;0;2;1;1;B01
2,016E+11;0;33;0;0;1;1;1;A01
2,016E+11;0;7;0;0;1;1;1;A01
2,016E+11;0;10;0;0;2;3;23;A01
2,016E+11;0;1;0;0;2;2;1;B01
2,016E+11;0;37;1;0;1;1;1;A01
2,016E+11;0;7;0;0;2;7;10;A01
2,016E+11;0;31;0;0;2;1;1;B01
2,016E+11;0;7;0;0;1;1;15;A01
2,016E+11;0;38;1;0;2;4;23;B01
2,016E+11;0;33;0;0;2;1;2;A01
2,016E+11;0;10;0;0;2;1;2;A01
2,016E+11;0;7;0;0;2;4;23;B01
2,016E+11;0;7;0;0;2;7;2;B01
2,016E+11;0;7;0;0;2;6;2;C01
2,016E+11;0;31;0;0;2;8;0;A01
2,016E+11;0;7;0;0;2;1;2;B01
2,016E+11;0;7;0;0;1;1;2;A01
2,016E+11;0;2;0;0;0;8;15;A01
2,016E+11;0;7;0;0;2;2;2;A01
2,016E+11;0;33;0;0;2;4;2;B01
2,016E+11;2;7;0;0;1;1;16;A01
2,016E+11;0;7;0;14;0;1;21;A01
2,016E+11;0;32;0;0;2;1;5;A01
2,016E+11;0;10;0;0;2;2;15;B01
2,016E+11;0;7;0;0;0;0;2;A01
2,016E+11;0;32;0;12;0;4;9;B01
2,016E+11;0;7;0;0;2;1;2;A01
2,016E+11;0;7;0;0;2;4;2;B01
2,016E+11;0;7;0;0;2;6;16;A01
2,016E+11;0;1;0;0;2;1;7;B01
2,016E+11;0;7;0;0;2;4;11;B01
2,016E+11;0;7;0;0;2;1;2;A01
2,016E+11;0;34;0;0;2;7;17;A01
2,016E+11;0;7;0;0;2;3;15;B01
2,016E+11;0;7;0;1;0;3;0;A01
2,016E+11;0;7;0;0;1;2;2;A01
2,016E+11;0;7;0;0;2;4;2;B01
2,016E+11;0;7;0;0;2;1;2;A01
2,016E+11;0;7;0;0;1;5;15;A01
2,016E+11;0;32;0;0;1;1;2;A01
2,016E+11;0;34;0;0;2;1;0;A01
2,016E+11;0;30;0;0;2;8;1;B01
2,016E+11;0;34;0;0;1;1;9;A01
2,016E+11;0;7;0;0;2;4;2;C01
2,016E+11;0;7;0;0;2;1;2;A01
2,016E+11;0;7;0;0;2;1;2;B01
2,016E+11;0;30;0;0;0;0;21;A01
2,016E+11;0;7;0;0;1;1;2;A01
2,016E+11;0;7;0;0;2;3;3;A01
2,016E+11;0;1;0;0;2;3;19;B01
2,016E+11;0;7;0;12;0;1;21;A01
2,016E+11;0;33;0;0;0;6;5;A01
2,016E+11;0;7;0;0;0;3;0;B01
2,016E+11;0;33;0;0;0;0;0;A01
2,016E+11;0;34;0;0;0;2;2;A01
2,016E+11;0;34;0;0;2;2;2;B01
2,016E+11;0;7;0;0;0;3;2;A01
2,016E+11;0;7;0;0;2;4;2;B01
2,016E+11;0;30;0;0;2;1;2;A01
2,016E+11;0;7;0;0;2;1;19;Z01
2,016E+11;0;1;0;0;2;8;15;A01
2,016E+11;0;2;0;0;2;7;13;B01
2,016E+11;0;7;0;0;2;8;13;A01
2,016E+11;0;7;0;0;2;3;2;B01
2,016E+11;0;7;0;0;2;1;15;A01
2,016E+11;0;1;0;0;2;8;0;B01
2,016E+11;0;10;0;0;2;2;12;Z01
2,016E+11;0;7;0;0;0;5;4;A01
2,016E+11;0;7;0;0;1;3;2;A01
2,016E+11;0;7;0;1;0;1;0;A01
2,016E+11;0;7;0;0;1;1;16;A01
2,016E+11;0;32;0;0;0;7;0;A01
2,016E+11;0;7;0;0;0;7;5;B01
2,016E+11;0;30;0;1;0;0;2;A01
2,016E+11;0;7;0;0;0;1;13;B01
2,016E+11;0;33;0;0;0;1;5;A01
2,016E+11;0;7;0;0;2;1;12;A01
2,016E+11;0;33;0;0;2;1;2;B01
2,016E+11;0;30;0;0;0;1;0;A01
2,016E+11;0;7;0;0;2;2;1;B01
2,016E+11;0;15;0;0;2;1;15;A01
2,016E+11;0;30;0;0;0;7;0;A01
2,016E+11;0;7;0;0;1;0;0;A01
2,016E+11;0;7;0;0;0;5;4;A01
2,016E+11;0;7;0;0;2;4;2;B01
2,016E+11;0;33;0;0;2;1;2;A01
2,016E+11;0;30;0;0;0;1;0;B01
2,016E+11;0;7;0;0;0;7;0;A01
2,016E+11;0;7;0;0;2;2;2;A01
2,016E+11;0;7;0;0;2;6;2;B01
2,016E+11;0;33;0;0;0;3;0;A01
2,016E+11;0;7;0;0;0;3;0;B01
2,016E+11;0;7;0;0;1;8;0;A01
2,016E+11;0;2;0;0;0;0;1;A01
2,016E+11;2;7;0;0;2;2;15;A01
2,016E+11;1;32;0;0;2;1;1;B01
2,016E+11;0;7;0;0;2;3;15;A01
2,016E+11;0;33;0;0;2;1;1;B01
2,016E+11;0;7;0;0;2;3;1;B01
2,016E+11;0;30;0;0;2;1;1;A01
2,016E+11;0;7;0;0;2;3;1;B01
2,016E+11;0;10;0;0;2;5;4;A01
2,016E+11;0;33;0;0;2;1;1;A01
2,016E+11;0;7;0;0;2;2;15;B01
2,016E+11;0;7;0;0;2;2;16;A01
2,016E+11;0;30;0;0;2;2;1;B01
2,016E+11;0;1;0;0;2;1;23;B01
2,016E+11;0;7;0;0;2;1;16;A01
2,016E+11;2;2;0;0;2;1;1;B01
2,016E+11;2;7;0;0;2;3;15;A01
2,016E+11;0;34;0;0;2;8;1;B01
2,016E+11;0;7;0;0;2;5;20;A01
2,016E+11;0;31;0;0;2;1;1;B01
2,016E+11;0;7;0;0;2;1;1;A01
2,016E+11;0;7;0;0;2;3;1;B01
2,016E+11;0;30;0;0;2;1;1;A01
2,016E+11;0;30;0;0;2;5;1;B01
2,016E+11;0;33;0;0;2;3;1;A01
2,016E+11;0;7;0;0;2;3;13;A01
2,016E+11;0;33;0;0;2;7;1;B01
2,016E+11;0;30;0;0;2;1;1;B01
2,016E+11;0;7;0;0;2;3;15;A01
2,016E+11;2;33;0;0;2;1;1;B01
2,016E+11;0;7;0;0;2;3;10;A01
2,016E+11;0;10;0;0;1;1;1;A01
2,016E+11;0;7;0;0;2;3;9;A01
2,016E+11;0;32;0;0;2;1;1;B01
2,016E+11;0;7;0;0;2;5;1;A01
2,016E+11;0;33;0;0;2;8;1;B01
2,016E+11;0;33;0;0;2;1;1;A01
2,016E+11;0;7;0;0;2;4;1;B01
2,016E+11;0;7;0;0;2;0;1;A01
2,016E+11;0;33;0;0;2;1;1;B01
2,016E+11;0;7;0;0;2;1;15;B01
2,016E+11;0;33;0;0;2;8;9;A01
2,016E+11;0;7;0;0;1;1;1;A01
2,016E+11;0;7;0;0;2;2;15;A01
2,016E+11;0;7;0;0;2;1;1;B01
2,016E+11;0;30;0;8;0;0;0;A01
2,016E+11;0;7;0;0;2;1;15;A01
2,016E+11;0;31;0;0;2;8;19;B01
2,016E+11;2;7;0;0;2;5;17;A01
2,016E+11;1;7;0;1;2;1;1;B01
2,016E+11;0;37;1;0;1;2;1;A01
2,016E+11;0;10;0;0;2;2;2;A01
2,016E+11;0;31;0;0;2;4;23;B01
2,016E+11;0;7;0;12;0;1;1;A01
2,016E+11;0;1;0;0;2;7;1;B01
2,016E+11;0;7;0;0;2;3;14;A01
2,016E+11;0;7;0;0;2;4;4;A01
2,016E+11;0;7;0;0;2;5;1;B01
2,016E+11;0;10;0;0;2;3;1;A01
2,016E+11;0;31;0;0;2;1;1;B01
2,016E+11;0;7;0;0;2;7;15;B01
2,016E+11;0;7;0;0;2;4;2;B01
2,016E+11;0;7;0;0;2;1;2;A01
2,016E+11;0;7;0;0;1;1;0;A01
2,016E+11;0;30;0;0;2;1;1;A01
2,016E+11;0;7;0;0;2;3;10;B01
2,016E+11;0;33;0;0;2;8;15;B01
2,016E+11;0;30;0;0;2;1;17;A01
2,016E+11;0;10;0;0;2;1;2;A01
2,016E+11;0;7;0;0;2;4;23;B01
2,016E+11;0;30;0;0;0;0;0;A01
2,016E+11;0;7;0;0;2;1;2;A01
2,016E+11;0;7;0;0;2;4;2;B01
2,016E+11;0;10;0;0;2;4;23;C01
2,016E+11;0;31;0;0;1;1;1;A01
2,016E+11;0;1;0;12;0;1;1;A01
2,016E+11;0;1;0;0;2;1;1;B01
2,016E+11;0;7;0;0;2;3;15;A01
2,016E+11;0;2;0;0;0;0;1;A01
2,016E+11;0;7;0;0;1;1;2;A01
2,016E+11;0;33;0;1;2;0;0;A01
2,016E+11;0;14;0;0;2;5;0;B01
2,016E+11;0;30;0;0;2;1;5;A01
2,016E+11;0;7;0;0;2;8;15;B01
2,016E+11;0;7;0;0;1;0;0;A01
2,016E+11;0;7;0;0;1;2;1;A01
2,016E+11;0;32;0;0;0;0;1;A01
2,016E+11;0;7;0;0;0;0;1;B01
2,016E+11;0;7;0;1;0;2;1;A01
2,016E+11;0;7;0;0;2;6;1;B01
2,016E+11;0;7;0;15;2;3;2;A01
2,016E+11;0;33;0;0;2;7;15;B01
2,016E+11;0;10;0;0;1;4;4;A01
2,016E+11;0;32;0;0;0;0;21;B01
2,016E+11;0;30;0;0;0;0;16;A01
2,016E+11;0;2;0;0;2;2;1;A01
2,016E+11;0;7;0;0;2;3;9;B01
2,016E+11;0;7;0;0;1;3;1;A01
2,016E+11;0;34;0;0;2;3;1;A01
2,016E+11;0;7;0;0;2;3;15;B01
2,016E+11;0;34;0;0;0;8;0;A01
2,016E+11;0;30;0;0;0;6;1;A01
2,016E+11;0;10;0;0;2;4;1;B01
2,016E+11;0;7;0;0;2;1;1;A01
2,016E+11;0;2;0;0;0;1;1;A01
2,016E+11;0;32;0;0;2;4;1;A01
2,016E+11;0;31;0;0;2;1;1;B01
2,016E+11;0;33;0;0;2;7;23;B01
2,016E+11;0;10;0;0;2;1;1;A01
2,016E+11;0;7;0;0;1;1;15;A01
2,016E+11;0;30;0;0;2;1;1;A01
2,016E+11;0;7;0;0;2;7;15;B01
2,016E+11;0;1;0;0;2;8;19;B01
2,016E+11;0;7;0;0;2;1;15;A01
2,016E+11;0;7;0;0;9;2;0;B01
2,016E+11;0;1;0;0;2;1;1;A01
2,016E+11;0;30;0;10;0;1;1;A01
2,016E+11;0;10;0;0;2;2;23;B01
2,016E+11;0;1;0;0;2;1;1;A01
2,016E+11;0;7;0;8;0;1;1;A01
2,016E+11;0;32;0;0;0;1;1;A01
2,016E+11;0;33;0;0;2;1;17;A01
2,016E+11;0;7;0;0;2;3;15;B01
2,016E+11;0;30;0;0;1;1;1;A01
2,016E+11;0;7;0;0;2;4;4;A01
2,016E+11;0;31;0;1;2;1;1;B01
2,016E+11;0;7;0;0;1;1;20;A01
2,016E+11;0;7;0;0;2;6;23;B01
2,016E+11;0;7;0;0;2;5;14;B01
2,016E+11;0;33;0;0;2;1;1;A01
2,016E+11;0;13;0;0;2;8;1;Z01
2,016E+11;0;30;0;0;2;8;15;A01
2,016E+11;0;7;0;0;2;2;15;A01
2,016E+11;0;33;0;0;2;1;1;B01
2,016E+11;0;1;0;0;2;7;1;B01
2,016E+11;0;7;0;0;2;1;1;A01
2,016E+11;0;7;0;0;1;1;1;A01
2,016E+11;0;7;0;0;2;5;15;A01
2,016E+11;0;32;0;0;2;1;1;B01
2,016E+11;0;32;0;0;0;8;1;A01
2,016E+11;0;7;0;0;1;1;1;A01
2,016E+11;2;33;0;0;1;1;1;A01
2,016E+11;0;7;0;0;1;1;1;A01
2,016E+11;0;7;0;0;1;1;0;A01
2,016E+11;0;7;0;0;2;4;2;B01
2,016E+11;0;7;0;0;2;1;2;A01
2,016E+11;0;7;0;0;2;4;2;C01
2,016E+11;0;10;0;0;1;1;0;A01
2,016E+11;0;7;0;0;2;4;2;C01
2,016E+11;0;7;0;0;2;4;2;B01
2,016E+11;0;7;0;0;2;1;2;A01
2,016E+11;0;2;0;0;2;1;1;B01
2,016E+11;0;7;0;0;2;3;10;A01
2,016E+11;0;20;0;0;2;2;13;A01
2,016E+11;0;32;0;0;2;1;0;B01
2,016E+11;0;2;0;0;2;8;5;A01
2,016E+11;0;7;0;0;2;8;0;B01
2,016E+11;0;30;0;0;2;1;1;A01
2,016E+11;0;7;0;0;2;2;15;B01
2,016E+11;0;7;0;0;2;3;15;A01
2,016E+11;0;7;0;0;2;2;1;B01
2,016E+11;0;7;0;0;2;8;15;B01
2,016E+11;0;7;0;0;2;3;1;A01
2,016E+11;0;2;0;0;2;1;0;B01
2,016E+11;0;7;0;0;2;7;0;A01
2,016E+11;0;7;0;0;2;4;15;B01
2,016E+11;0;32;0;0;2;1;1;A01
2,016E+11;0;1;0;0;1;1;1;A01
2,016E+11;0;10;0;0;2;3;1;A01
2,016E+11;0;7;0;0;2;4;1;B01
2,016E+11;0;7;0;0;2;5;15;A01
2,016E+11;0;30;0;0;2;1;1;B01
2,016E+11;0;7;0;0;1;4;4;A01
2,016E+11;0;34;0;0;0;0;0;A01
2,016E+11;0;10;0;0;0;0;0;B01
2,016E+11;0;7;0;0;0;1;1;A01
2,016E+11;0;7;0;0;0;4;23;B01
2,016E+11;0;2;0;0;0;0;1;A01
2,016E+11;0;31;0;0;2;7;1;B01
2,016E+11;0;10;0;0;2;1;1;A01
2,016E+11;0;14;0;0;2;1;15;A01
2,016E+11;0;7;0;0;2;6;15;B01
2,016E+11;0;10;0;7;0;1;0;A01
2,016E+11;0;30;0;1;2;1;1;B01
2,016E+11;0;7;0;0;2;1;10;A01
2,016E+11;0;7;0;13;2;4;0;B01
2,016E+11;0;7;0;0;2;1;0;A01
2,016E+11;0;7;0;0;2;7;1;B01
2,016E+11;0;7;0;0;2;1;15;A01
2,016E+11;1;7;0;0;2;1;1;A01
2,016E+11;2;7;0;8;2;8;1;B01
2,016E+11;1;7;0;0;2;7;1;B01
2,016E+11;2;7;0;0;2;1;1;A01
2,016E+11;0;33;0;0;2;4;2;B01
2,016E+11;0;32;0;0;2;1;2;A01
2,016E+11;1;15;0;0;1;7;16;A01
2,016E+11;1;7;0;0;2;4;1;B01
2,016E+11;2;30;0;0;2;1;1;A01
2,016E+11;0;7;0;15;0;2;0;A01
2,016E+11;0;33;0;0;0;8;0;A01
2,016E+11;0;34;0;0;2;8;1;B01
2,016E+11;0;7;0;0;2;7;12;A01
2,016E+11;1;7;0;12;2;4;16;B01
2,016E+11;1;10;0;0;2;4;1;A01
2,016E+11;0;7;0;10;0;8;1;A01
2,016E+11;1;7;0;0;1;1;21;A01
2,016E+11;0;7;0;5;0;1;1;A01
2,016E+11;0;7;0;0;2;1;1;A01