Num_Acc;senc;catv;occutc;obs;obsm;choc;manv;num_veh
2,016E+11;2;7;0;0;2;8;1;B01
2,016E+11;2;7;0;0;2;8;1;C01
2,016E+11;1;7;0;0;2;3;11;A01
2,016E+11;1;33;0;0;2;2;1;B01
2,016E+11;2;34;0;0;2;1;2;A01
2,016E+11;2;7;0;0;0;4;2;B01
2,016E+11;2;31;0;0;2;8;0;A01
2,016E+11;2;7;0;0;2;7;12;B01
2,016E+11;2;33;0;0;0;0;0;A01
2,016E+11;0;34;0;0;2;1;0;A01
2,016E+11;2;13;0;0;2;6;11;B01
2,016E+11;0;7;0;0;0;0;0;B01
2,016E+11;1;33;0;0;2;8;3;A01
2,016E+11;2;7;0;0;2;4;1;D01
2,016E+11;2;7;0;0;2;4;1;C01
2,016E+11;2;33;0;0;2;1;3;A01
2,016E+11;2;7;0;0;2;6;11;B01
2,016E+11;1;7;0;0;0;8;2;B01
2,016E+11;1;7;0;0;0;0;0;C01
2,016E+11;1;7;0;4;2;2;3;A01
2,016E+11;1;7;0;0;0;4;2;D01
2,016E+11;2;7;0;0;0;0;0;A01
2,016E+11;2;7;0;0;0;5;2;B01
2,016E+11;2;7;0;4;0;1;13;A01
2,016E+11;2;31;0;0;0;8;0;A01
2,016E+11;2;31;0;0;2;6;1;B01
2,016E+11;2;7;0;0;2;2;14;A01
2,016E+11;1;7;0;0;2;5;11;B01
2,016E+11;2;31;0;0;2;1;2;A01
2,016E+11;1;10;0;0;2;4;0;A01
2,016E+11;1;31;0;0;2;1;0;B01
2,016E+11;2;7;0;0;2;6;11;B01
2,016E+11;2;32;0;0;2;1;3;A01
2,016E+11;1;32;0;0;0;0;0;B01
2,016E+11;1;7;0;0;0;0;0;A01
2,016E+11;1;7;0;0;2;3;2;A01
2,016E+11;1;7;0;0;0;5;2;B01
2,016E+11;2;7;0;0;2;1;2;A01
2,016E+11;2;7;0;0;0;4;2;B01
2,016E+11;2;7;0;0;2;4;2;B01
2,016E+11;2;7;0;0;2;1;2;A01
2,016E+11;1;31;0;4;0;3;2;A01
2,016E+11;1;10;0;3;0;3;1;A01
2,016E+11;0;33;0;0;0;0;0;A01
2,016E+11;2;13;0;3;0;8;21;A01
2,016E+11;1;7;0;3;0;7;14;A01
2,016E+11;0;7;0;0;0;0;0;C01
2,016E+11;2;7;0;0;2;1;1;A01
2,016E+11;2;7;0;0;0;0;0;B01
2,016E+11;2;7;0;0;2;6;2;C01
2,016E+11;2;32;0;0;2;1;3;A01
2,016E+11;2;7;0;0;2;2;12;B01
2,016E+11;2;7;0;3;0;1;0;A01
2,016E+11;0;33;0;0;2;8;2;B01
2,016E+11;1;33;0;0;2;7;12;A01
2,016E+11;1;7;0;4;0;1;1;A01
2,016E+11;1;7;0;0;2;0;0;A01
2,016E+11;1;7;0;0;2;0;0;B01
2,016E+11;2;7;0;0;2;1;2;A01
2,016E+11;2;7;0;0;2;4;2;B01
2,016E+11;2;7;0;0;2;4;2;C01
2,016E+11;2;7;0;6;2;1;2;A01
2,016E+11;2;7;0;0;2;4;0;B01
2,016E+11;2;7;0;0;2;5;1;C01
2,016E+11;2;33;0;0;2;1;3;A01
2,016E+11;2;7;0;0;0;6;12;B01
2,016E+11;2;7;0;1;0;1;2;A01
2,016E+11;2;31;0;1;0;9;2;B01
2,016E+11;2;7;0;0;0;4;2;C01
2,016E+11;0;7;0;0;0;0;0;B01
2,016E+11;0;7;0;0;0;0;0;C01
2,016E+11;2;7;0;0;0;0;0;A01
2,016E+11;0;7;0;0;0;0;0;D01
2,016E+11;0;33;0;0;2;0;0;A01
2,016E+11;2;7;0;0;2;6;11;B01
2,016E+11;2;33;0;0;2;1;11;A01
2,016E+11;1;15;0;0;0;8;0;E01
2,016E+11;1;7;0;0;2;4;0;D01
2,016E+11;1;7;0;0;2;4;0;B01
2,016E+11;1;15;0;0;0;0;0;A01
2,016E+11;1;7;0;0;2;4;0;C01
2,016E+11;1;7;0;4;2;3;1;A01
2,016E+11;1;7;0;0;2;5;2;B01
2,016E+11;1;7;0;4;0;3;1;A01
2,016E+11;1;13;0;16;2;4;1;C01
2,016E+11;1;7;0;4;2;3;1;A01
2,016E+11;1;7;0;0;2;4;1;B01
2,016E+11;1;7;0;0;0;0;0;A01
2,016E+11;1;7;0;4;2;6;1;B01
2,016E+11;2;7;0;0;2;2;2;B01
2,016E+11;2;7;0;3;2;3;13;A01
2,016E+11;1;7;0;0;0;0;0;A01
2,016E+11;1;7;0;0;0;0;0;A01
2,016E+11;1;7;0;0;0;0;0;B01
2,016E+11;2;7;0;4;0;1;2;A01
2,016E+11;1;32;0;0;2;1;3;A01
2,016E+11;1;7;0;0;2;5;1;B01
2,016E+11;0;33;0;0;0;0;0;B01
2,016E+11;0;13;0;0;0;0;0;A01
2,016E+11;1;33;0;0;2;3;3;B01
2,016E+11;1;7;0;0;2;5;12;A01
2,016E+11;0;7;0;0;2;4;2;C01
2,016E+11;0;7;0;0;2;4;2;D01
2,016E+11;2;7;0;0;2;4;2;B01
2,016E+11;2;7;0;0;2;1;2;A01
2,016E+11;1;7;0;0;2;5;2;B01
2,016E+11;1;33;0;0;2;5;2;A01
2,016E+11;1;31;0;0;2;0;0;A01
2,016E+11;1;7;0;0;2;0;0;B01
2,016E+11;1;15;0;0;2;2;2;B01
2,016E+11;1;7;0;0;2;7;9;A01
2,016E+11;1;7;0;1;0;2;14;A01
2,016E+11;1;7;0;0;2;4;23;B01
2,016E+11;2;7;0;0;2;1;2;A01
2,016E+11;2;10;0;0;2;4;2;B01
2,016E+11;2;7;0;0;2;0;2;C01
2,016E+11;1;7;0;0;2;3;14;A01
2,016E+11;1;7;0;3;2;5;1;B01
2,016E+11;1;7;0;3;0;2;2;A01
2,016E+11;2;33;0;0;2;0;0;A01
2,016E+11;2;7;0;0;2;0;0;B01
2,016E+11;2;33;0;11;0;0;0;A01
2,016E+11;2;33;0;16;0;0;0;A01
2,016E+11;1;7;0;0;2;7;14;B01
2,016E+11;1;33;0;0;2;8;3;A01
2,016E+11;1;7;0;0;2;4;0;B01
2,016E+11;1;7;0;0;2;1;0;A01
2,016E+11;1;7;0;0;2;4;0;C01
2,016E+11;2;7;0;0;0;0;0;B01
2,016E+11;2;7;0;0;2;1;1;A01
2,016E+11;1;7;0;1;0;2;9;A01
2,016E+11;1;7;0;0;0;6;23;B01
2,016E+11;1;7;0;4;2;8;0;A01
2,016E+11;1;7;0;14;0;2;0;B01
2,016E+11;2;7;0;3;0;1;0;A01
2,016E+11;1;7;0;0;0;0;0;A01
2,016E+11;1;7;0;0;0;0;0;B01
2,016E+11;2;15;0;3;2;1;19;A01
2,016E+11;2;7;0;0;2;3;0;E01
2,016E+11;2;7;0;0;9;0;0;F02
2,016E+11;2;7;0;0;9;0;0;B01
2,016E+11;2;15;0;0;2;8;1;G02
2,016E+11;2;7;0;0;2;3;1;D01
2,016E+11;2;7;0;0;2;6;1;C01
2,016E+11;1;7;0;3;0;1;11;A01
2,016E+11;1;10;0;0;2;1;0;A01
2,016E+11;1;7;0;0;2;8;0;B01
2,016E+11;2;33;0;4;0;0;0;A01
2,016E+11;0;7;0;0;0;0;0;A01
2,016E+11;2;7;0;0;2;2;11;A01
2,016E+11;2;34;0;0;2;4;0;B01
2,016E+11;2;7;0;4;0;2;18;A01
2,016E+11;1;34;0;0;2;1;2;A01
2,016E+11;1;7;0;0;2;5;2;B01
2,016E+11;2;7;0;0;2;5;1;C01
2,016E+11;2;7;0;0;2;6;2;B01
2,016E+11;2;15;0;0;2;2;2;A01
2,016E+11;2;7;0;3;0;6;0;A01
2,016E+11;1;33;0;0;0;0;0;A01
2,016E+11;2;10;0;0;2;1;2;A01
2,016E+11;2;7;0;0;2;4;2;C01
2,016E+11;2;7;0;0;2;4;2;B01
2,016E+11;1;7;0;0;0;4;2;B01
2,016E+11;1;31;0;0;2;1;2;A01
2,016E+11;2;7;0;4;0;2;0;A01
2,016E+11;0;33;0;16;0;1;0;A01
2,016E+11;2;33;0;4;0;7;1;A01
2,016E+11;1;7;0;0;0;0;14;A01
2,016E+11;2;7;0;0;2;3;17;B01
2,016E+11;2;33;0;0;2;7;1;A01
2,016E+11;2;7;0;4;0;0;0;B01
2,016E+11;2;7;0;0;2;1;12;A01
2,016E+11;2;7;0;4;2;1;14;B01
2,016E+11;2;7;0;0;2;1;1;A01
2,016E+11;2;33;0;0;0;0;0;A01
2,016E+11;1;7;0;4;0;2;0;A01
2,016E+11;1;31;0;0;2;1;0;B01
2,016E+11;1;7;0;0;2;7;0;A01
2,016E+11;1;7;0;0;2;4;1;C01
2,016E+11;1;7;0;4;0;3;1;A01
2,016E+11;1;7;0;5;0;2;0;A01
2,016E+11;2;7;0;0;0;8;1;B01
2,016E+11;2;31;0;0;2;7;0;A01
2,016E+11;0;7;0;0;2;7;12;B01
2,016E+11;2;33;0;0;2;8;3;A01
2,016E+11;1;7;0;0;2;3;0;A01
2,016E+11;1;7;0;0;0;4;0;C01
2,016E+11;1;31;0;0;0;4;0;B01
2,016E+11;2;7;0;0;2;0;2;E01
2,016E+11;2;7;0;0;2;4;2;C01
2,016E+11;2;7;0;0;0;0;0;D01
2,016E+11;2;7;0;0;2;4;2;B01
2,016E+11;2;7;0;0;2;1;1;A01
2,016E+11;1;7;0;0;2;7;12;A01
2,016E+11;1;33;0;0;2;8;0;B01
2,016E+11;2;7;0;0;2;1;2;A01
2,016E+11;2;15;0;0;2;4;2;B01
2,016E+11;1;7;0;0;1;3;1;A01
2,016E+11;1;10;0;0;2;5;1;B01
2,016E+11;2;7;0;4;0;3;0;A01
2,016E+11;0;7;0;4;0;0;0;A01
2,016E+11;1;7;0;0;2;1;2;A01
2,016E+11;0;7;0;0;2;4;2;B01
2,016E+11;1;7;0;0;0;0;0;A01
2,016E+11;1;7;0;0;2;1;2;A01
2,016E+11;1;7;0;0;2;4;2;C01
2,016E+11;1;7;0;0;2;5;2;B01
2,016E+11;2;7;0;1;2;2;1;A01
2,016E+11;2;7;0;0;2;6;24;B01
2,016E+11;2;7;0;3;0;3;17;A01
2,016E+11;1;7;0;13;0;9;1;A01
2,016E+11;1;7;0;0;0;0;0;A01
2,016E+11;2;7;0;0;2;1;2;A01
2,016E+11;0;7;0;0;2;4;2;B01
2,016E+11;0;7;0;0;2;4;2;C01
2,016E+11;1;33;0;0;0;7;0;A01
2,016E+11;2;7;0;3;0;2;1;A01
2,016E+11;2;7;0;0;9;1;1;A01
2,016E+11;1;7;0;0;2;2;19;A01
2,016E+11;1;33;0;0;2;3;1;B01
2,016E+11;2;34;0;0;0;7;1;A01
2,016E+11;0;7;0;0;2;4;11;B01
2,016E+11;0;33;0;0;2;0;3;A01
2,016E+11;2;10;0;0;2;4;2;C01
2,016E+11;2;10;0;0;2;1;2;A01
2,016E+11;2;10;0;0;2;9;2;B01
2,016E+11;1;7;0;5;0;1;0;A01
2,016E+11;2;7;0;1;0;9;0;A01
2,016E+11;2;7;0;0;0;0;0;B01
2,016E+11;1;7;0;0;2;8;11;B01
2,016E+11;1;10;0;0;2;8;1;C01
2,016E+11;1;33;0;4;2;7;3;A01
2,016E+11;1;7;0;0;2;4;0;B01
2,016E+11;1;7;0;0;2;1;0;A01
2,016E+11;2;7;0;4;0;2;0;A01
2,016E+11;2;34;0;0;0;8;1;A01
2,016E+11;1;33;0;0;0;0;1;A01
2,016E+11;1;7;0;0;2;1;2;A01
2,016E+11;1;7;0;0;2;4;2;B01
2,016E+11;1;10;0;0;0;0;0;C01
2,016E+11;1;7;0;0;0;0;0;B01
2,016E+11;1;33;0;0;2;0;0;A01
2,016E+11;1;15;0;0;2;6;0;B01
2,016E+11;1;7;0;1;0;2;14;A01
2,016E+11;2;7;0;0;2;2;0;A01
2,016E+11;2;7;0;0;2;0;1;B01
2,016E+11;2;33;0;3;2;2;1;A01
2,016E+11;2;7;0;0;2;6;13;B01
2,016E+11;2;7;0;0;2;4;0;B01
2,016E+11;2;7;0;0;2;1;0;A01
2,016E+11;2;7;0;0;2;0;0;C01
2,016E+11;2;34;0;0;2;0;0;A01
2,016E+11;2;7;0;0;2;0;0;B01
2,016E+11;1;7;0;0;2;1;2;A01
2,016E+11;1;7;0;0;2;2;2;B01
2,016E+11;1;7;0;0;0;5;2;C01
2,016E+11;2;7;0;0;2;0;13;B01
2,016E+11;2;15;0;0;2;2;1;A01
2,016E+11;0;7;0;0;2;1;2;A01
2,016E+11;0;10;0;0;2;4;2;B01
2,016E+11;2;10;0;0;0;0;0;B01
2,016E+11;2;33;0;0;2;9;0;A01
2,016E+11;0;33;0;14;0;0;0;A01
2,016E+11;1;33;0;0;2;2;3;A01
2,016E+11;1;7;0;0;2;3;11;B01
2,016E+11;1;7;0;0;2;0;2;C01
2,016E+11;1;14;0;0;2;2;1;B01
2,016E+11;1;7;0;0;2;8;9;A01
2,016E+11;1;7;0;0;0;0;0;A01
2,016E+11;0;7;0;0;0;0;0;B01
2,016E+11;1;7;0;3;0;2;1;A01
2,016E+11;2;2;0;16;0;7;1;A01
2,016E+11;1;7;0;0;2;1;0;A01
2,016E+11;1;15;0;0;2;4;0;B01
2,016E+11;2;7;0;0;0;0;21;A01
2,016E+11;2;7;0;1;1;2;21;B01
2,016E+11;1;15;0;0;9;7;1;D01
2,016E+11;1;7;0;0;2;3;1;C01
2,016E+11;1;10;0;0;9;0;1;A01
2,016E+11;1;7;0;0;2;2;1;B01
2,016E+11;2;10;0;3;0;2;12;A01
2,016E+11;2;10;0;0;0;1;1;A01
2,016E+11;1;7;0;4;0;0;0;A01
2,016E+11;1;7;0;0;0;0;0;A01
2,016E+11;1;7;0;0;0;0;0;B01
2,016E+11;2;33;0;0;0;1;0;A01
2,016E+11;2;32;0;0;0;2;1;A01
2,016E+11;2;31;0;0;2;0;2;C01
2,016E+11;2;7;0;0;2;8;0;B01
2,016E+11;2;10;0;0;2;2;0;A01
2,016E+11;1;7;0;0;2;0;2;D01
2,016E+11;1;7;0;0;2;3;2;A01
2,016E+11;1;7;0;0;2;5;0;B01
2,016E+11;1;7;0;0;2;8;0;C01
2,016E+11;1;7;0;0;2;6;1;B01
2,016E+11;1;7;0;0;2;1;1;A01
2,016E+11;2;7;0;4;0;6;1;A01
2,016E+11;2;33;0;0;2;6;3;A01
2,016E+11;2;7;0;0;2;6;1;B01
2,016E+11;1;38;0;0;2;1;2;A01
2,016E+11;1;7;0;0;2;4;2;E01
2,016E+11;1;7;0;0;2;4;2;D01
2,016E+11;1;7;0;0;2;4;2;C01
2,016E+11;1;7;0;0;2;4;2;B01
2,016E+11;1;32;0;0;2;3;1;A01
2,016E+11;1;7;0;0;2;5;1;B01
2,016E+11;1;7;0;0;2;1;2;A01
2,016E+11;1;7;0;0;2;4;2;B01
2,016E+11;1;33;0;0;2;1;2;A01
2,016E+11;1;7;0;0;2;4;1;B01
2,016E+11;1;32;0;0;0;7;16;A01
2,016E+11;1;7;0;0;2;8;2;C01
2,016E+11;1;7;0;0;2;7;2;B01
2,016E+11;1;31;0;0;2;7;3;A01
2,016E+11;1;7;0;0;2;1;2;A01
2,016E+11;1;10;0;0;2;1;2;B01
2,016E+11;0;7;0;0;2;4;2;C01
2,016E+11;1;34;0;0;0;0;0;A01
2,016E+11;2;33;0;0;2;1;3;A01
2,016E+11;2;7;0;0;2;3;11;B01
2,016E+11;1;7;0;0;2;5;2;C01
2,016E+11;1;33;0;0;2;2;3;A01
2,016E+11;1;7;0;0;2;8;11;B01
2,016E+11;1;7;0;1;0;1;1;A01
2,016E+11;1;10;0;14;2;5;23;B01
2,016E+11;1;7;0;0;2;6;2;C01
2,016E+11;1;7;0;0;2;5;2;B01
2,016E+11;1;33;0;0;2;2;3;A01
2,016E+11;2;7;0;4;2;2;2;A01
2,016E+11;2;10;0;4;2;2;2;B01
2,016E+11;1;7;0;0;2;1;1;C01
2,016E+11;1;7;0;0;2;4;1;D01
2,016E+11;1;7;0;0;2;1;1;B01
2,016E+11;1;7;0;0;2;1;1;A01
2,016E+11;1;7;0;3;2;1;5;A01
2,016E+11;1;7;0;3;2;1;1;C01
2,016E+11;1;7;0;3;2;1;17;B01
2,016E+11;1;7;0;0;0;0;0;A01
2,016E+11;1;33;0;0;2;1;2;A01
2,016E+11;1;7;0;0;2;3;2;B01
2,016E+11;2;33;0;0;2;1;2;A01
2,016E+11;0;7;0;0;2;6;2;B01
2,016E+11;1;15;0;0;0;0;0;B01
2,016E+11;1;7;0;0;2;1;2;A01
2,016E+11;1;7;0;0;2;6;2;C01
2,016E+11;1;33;0;0;2;1;3;A01
2,016E+11;1;7;0;0;2;5;12;B01
2,016E+11;2;30;0;0;2;1;2;A01
2,016E+11;2;7;0;0;2;6;2;B01
2,016E+11;1;7;0;0;2;4;11;A01
2,016E+11;1;7;0;0;2;1;2;B01
2,016E+11;2;33;0;0;9;1;1;A01
2,016E+11;1;7;0;0;0;0;0;B01
2,016E+11;1;15;0;0;0;0;0;A01
2,016E+11;1;33;0;0;2;8;0;A01
2,016E+11;1;7;0;0;2;2;1;B01
2,016E+11;2;33;0;0;0;0;0;B01
2,016E+11;2;33;0;0;0;0;0;A01
2,016E+11;0;7;0;0;0;0;0;Z01
2,016E+11;1;32;0;0;2;8;2;A01
2,016E+11;1;7;0;4;0;3;2;A01
2,016E+11;0;33;0;0;2;1;2;B01
2,016E+11;2;10;0;0;2;5;12;A01
2,016E+11;2;33;0;0;0;0;0;A01
2,016E+11;2;7;0;0;0;0;0;B01
2,016E+11;1;7;0;0;2;6;12;A01
2,016E+11;1;33;0;0;2;1;3;B01
2,016E+11;2;7;0;0;0;0;0;A01
2,016E+11;2;7;0;0;2;0;0;B01
2,016E+11;1;7;0;0;2;5;1;D01
2,016E+11;1;7;0;0;2;6;1;C01
2,016E+11;1;7;0;0;2;0;0;B01
2,016E+11;1;10;0;0;2;2;1;A01
2,016E+11;0;31;0;0;9;0;0;A01
2,016E+11;1;33;0;0;2;8;1;B01
2,016E+11;1;7;0;0;2;5;12;A01
2,016E+11;1;33;0;0;2;2;3;A01
2,016E+11;1;13;0;0;2;6;2;B01
2,016E+11;2;7;0;0;2;4;2;B01
2,016E+11;2;7;0;0;2;1;2;A01
2,016E+11;1;7;0;0;0;3;2;B01
2,016E+11;1;7;0;3;2;2;13;A01
2,016E+11;1;7;0;0;2;1;2;A01
2,016E+11;1;7;0;0;2;4;2;B01
2,016E+11;2;7;0;0;2;5;12;B01
2,016E+11;2;33;0;0;2;2;3;A01
2,016E+11;2;10;0;14;0;2;16;A01
2,016E+11;2;7;0;0;2;2;12;A01
2,016E+11;2;7;0;0;2;4;2;C01
2,016E+11;2;33;0;0;2;3;3;B01
2,016E+11;2;7;0;4;0;3;13;A01
2,016E+11;1;7;0;4;0;1;0;A01
2,016E+11;2;33;0;0;0;0;0;A01
2,016E+11;2;10;0;0;2;2;0;A01
2,016E+11;2;15;0;0;0;0;0;B01
2,016E+11;2;7;0;0;0;4;2;B01
2,016E+11;2;33;0;0;2;4;2;A01
2,016E+11;1;15;0;4;0;3;1;A01
2,016E+11;1;7;0;0;2;2;2;A01
2,016E+11;1;7;0;0;2;5;2;C01
2,016E+11;1;7;0;0;2;6;2;B01
2,016E+11;1;7;0;0;2;3;11;A01
2,016E+11;1;7;0;0;2;2;2;B01
2,016E+11;2;7;0;4;2;2;0;A01
2,016E+11;2;15;0;0;2;6;0;B01
2,016E+11;1;7;0;0;0;0;0;A01
2,016E+11;2;7;0;3;2;0;0;B01
2,016E+11;2;7;0;3;0;0;0;A01
2,016E+11;2;33;0;0;2;2;3;A01
2,016E+11;2;7;0;0;2;6;2;B01
2,016E+11;0;7;0;0;2;2;0;C01
2,016E+11;1;33;0;0;0;8;18;A01
2,016E+11;2;13;0;0;2;4;2;B01
2,016E+11;2;7;0;0;2;1;2;A01
2,016E+11;2;33;0;15;0;3;1;A01
2,016E+11;1;7;0;0;2;0;0;A01
2,016E+11;1;7;0;0;2;0;0;B01
2,016E+11;1;33;0;0;2;1;3;A01
2,016E+11;1;7;0;0;2;2;12;B01
2,016E+11;0;15;0;0;0;0;0;Z01
2,016E+11;1;7;0;0;2;1;0;A01
2,016E+11;0;33;0;3;0;2;16;A01
2,016E+11;2;7;0;0;0;0;0;A01
2,016E+11;1;7;0;3;0;2;0;A01
2,016E+11;2;7;0;0;2;0;0;B01
2,016E+11;2;7;0;4;2;2;0;A01
2,016E+11;2;7;0;4;0;3;2;A01
2,016E+11;1;7;0;0;2;4;2;A01
2,016E+11;1;7;0;0;2;4;2;B01
2,016E+11;0;1;0;0;0;0;0;Z01
2,016E+11;2;7;0;0;2;1;2;A01
2,016E+11;2;7;0;0;2;4;2;B01
2,016E+11;1;7;0;0;2;0;0;D01
2,016E+11;1;7;0;0;2;0;0;A01
2,016E+11;1;7;0;0;2;0;0;B01
2,016E+11;1;7;0;0;2;0;0;C01
2,016E+11;2;7;0;0;2;0;0;C01
2,016E+11;2;7;0;0;2;0;0;B01
2,016E+11;2;7;0;0;2;4;0;A01
2,016E+11;2;7;0;0;2;2;0;D01
2,016E+11;2;7;0;0;2;0;0;E01
2,016E+11;2;32;0;4;0;0;0;A01
2,016E+11;2;33;0;0;2;1;3;A01
2,016E+11;2;7;0;0;0;0;0;B01
2,016E+11;1;7;0;4;0;0;0;A01
2,016E+11;1;7;0;3;0;6;4;A01
2,016E+11;2;7;0;3;0;8;1;A01
2,016E+11;1;7;0;0;2;1;0;A01
2,016E+11;1;7;0;0;2;4;0;B01
2,016E+11;2;33;0;0;2;7;0;B01
2,016E+11;2;7;0;0;2;3;0;A01
2,016E+11;1;33;0;0;0;0;0;A01
2,016E+11;1;7;0;4;0;7;1;A01
2,016E+11;2;7;0;6;0;1;0;A01
2,016E+11;2;7;0;0;2;1;0;A01
2,016E+11;2;7;0;0;2;4;23;B01
2,016E+11;2;7;0;0;0;1;14;A01
2,016E+11;1;7;0;0;2;1;1;A01
2,016E+11;1;7;0;0;2;4;1;B01
2,016E+11;1;7;0;4;0;3;0;A01
2,016E+11;2;34;0;3;0;0;1;A01
2,016E+11;1;17;0;3;0;1;2;A01
2,016E+11;1;7;0;0;0;6;0;B01
2,016E+11;1;15;0;0;0;2;17;A01
2,016E+11;1;7;0;0;2;2;2;A01
2,016E+11;1;34;0;0;2;4;2;B01
2,016E+11;2;33;0;0;0;0;9;A01
2,016E+11;1;15;0;0;2;2;12;A01
2,016E+11;1;7;0;0;2;8;1;B01
2,016E+11;1;7;0;0;2;6;1;B01
2,016E+11;1;14;0;0;2;2;14;A01
2,016E+11;2;7;0;0;2;3;11;A01
2,016E+11;2;33;0;0;2;2;1;B01
2,016E+11;0;7;0;0;2;4;0;B01
2,016E+11;0;7;0;0;2;0;0;C01
2,016E+11;1;7;0;0;2;1;0;A01
2,016E+11;1;7;0;0;2;4;1;A01
2,016E+11;1;7;0;0;2;0;0;B01
2,016E+11;1;33;0;4;0;3;1;A01
2,016E+11;1;33;0;12;0;3;0;A01
2,016E+11;2;7;0;0;2;0;0;B01
2,016E+11;2;7;0;0;2;4;0;A01
2,016E+11;1;10;0;3;2;8;13;A01
2,016E+11;1;7;0;0;2;7;1;B01
2,016E+11;2;7;0;4;0;0;0;A01
2,016E+11;1;31;0;0;0;0;18;A01
2,016E+11;2;7;0;0;2;4;1;D04
2,016E+11;2;7;0;0;2;1;2;A01
2,016E+11;2;7;0;0;2;9;2;C03
2,016E+11;2;7;0;0;2;9;2;B02
2,016E+11;2;33;0;16;0;7;1;A01
2,016E+11;1;7;0;4;0;1;1;A01
2,016E+11;2;14;0;0;2;6;24;B01
2,016E+11;2;14;0;3;2;2;0;A01
2,016E+11;2;7;0;0;2;1;0;A01
2,016E+11;2;7;0;0;2;4;0;B01
2,016E+11;1;33;0;3;0;1;2;A01
2,016E+11;1;13;0;0;0;0;0;Z01
2,016E+11;1;7;0;0;2;4;0;B01
2,016E+11;1;33;0;4;0;0;0;A01
2,016E+11;1;7;0;0;2;8;13;A01
2,016E+11;1;33;0;0;2;5;21;B01
2,016E+11;1;7;0;0;2;7;1;C01
2,016E+11;2;17;0;0;0;0;0;A01
2,016E+11;1;7;0;0;0;0;0;B01
2,016E+11;2;7;0;0;2;3;2;A01
2,016E+11;2;7;0;0;2;5;2;B01
2,016E+11;2;7;0;0;2;5;2;C01
2,016E+11;2;7;0;0;0;6;2;B01
2,016E+11;2;7;0;0;2;3;11;A01
2,016E+11;2;33;0;0;2;3;1;A01
2,016E+11;2;7;0;0;2;5;1;B01
2,016E+11;1;7;0;4;0;3;0;A01
2,016E+11;2;34;0;0;0;0;0;A01
2,016E+11;2;7;0;0;0;0;0;A01
2,016E+11;1;7;0;0;2;4;2;B01
2,016E+11;1;7;0;0;2;4;2;C01
2,016E+11;1;7;0;0;2;1;2;A01
2,016E+11;1;33;0;0;2;2;3;A01
2,016E+11;1;7;0;0;2;3;1;B01
2,016E+11;2;7;0;0;2;5;12;A01
2,016E+11;2;33;0;0;2;1;1;B01
2,016E+11;1;10;0;0;2;6;11;B01
2,016E+11;1;7;0;0;2;2;11;A01
2,016E+11;1;7;0;0;2;5;1;B01
2,016E+11;1;33;0;0;2;1;3;A01
2,016E+11;1;7;0;0;2;4;0;A01
2,016E+11;1;7;0;0;2;4;0;B01
2,016E+11;1;33;0;0;0;0;0;A01
2,016E+11;1;7;0;0;2;9;0;A01
2,016E+11;1;14;0;4;0;1;0;B01
2,016E+11;2;7;0;0;0;4;0;B01
2,016E+11;2;7;0;0;0;0;0;C01
2,016E+11;2;7;0;0;2;1;0;A01
2,016E+11;1;7;0;0;2;3;2;B01
2,016E+11;1;7;0;0;2;2;2;A01
2,016E+11;1;7;0;0;2;4;2;C01
2,016E+11;1;7;0;0;2;4;2;D01
2,016E+11;1;7;0;4;0;2;0;A01
2,016E+11;2;7;0;0;2;4;2;B01
2,016E+11;2;7;0;0;2;1;2;A01
2,016E+11;2;7;0;0;0;0;0;C01
2,016E+11;2;7;0;6;0;1;21;B01
2,016E+11;2;7;0;0;2;3;21;A01
2,016E+11;2;7;0;0;2;3;21;C01
2,016E+11;2;7;0;0;2;3;21;E01
2,016E+11;2;7;0;0;2;1;21;D01
2,016E+11;2;7;0;0;2;4;1;C01
2,016E+11;2;33;0;0;2;7;3;A01
2,016E+11;2;7;0;0;2;8;11;B01
2,016E+11;2;7;0;0;2;5;1;B01
2,016E+11;2;33;0;0;2;3;3;A01
2,016E+11;1;7;0;0;2;3;11;A01
2,016E+11;1;33;0;0;2;7;1;B01
2,016E+11;1;7;0;0;2;0;0;A01
2,016E+11;1;33;0;0;2;0;0;B01
2,016E+11;1;33;0;0;2;1;13;A01
2,016E+11;1;7;0;0;2;5;1;B01
2,016E+11;1;33;0;0;2;8;3;B01
2,016E+11;1;13;0;0;0;0;0;A01
2,016E+11;2;7;0;3;2;3;2;A01
2,016E+11;2;7;0;0;2;0;0;Z01
2,016E+11;1;7;0;0;2;1;2;B01
2,016E+11;1;7;0;0;2;1;2;A01
2,016E+11;0;7;0;0;2;4;2;C01
2,016E+11;0;33;0;0;2;1;2;V01
2,016E+11;0;7;0;0;2;4;1;E01
2,016E+11;1;33;0;2;0;0;1;A01
2,016E+11;1;15;0;0;2;2;1;B01
2,016E+11;1;33;0;0;2;1;18;A01
2,016E+11;1;7;0;0;2;3;2;C01
2,016E+11;2;32;0;0;2;7;0;A01
2,016E+11;1;7;0;0;2;5;2;B01
2,016E+11;0;31;0;14;0;0;0;A01
2,016E+11;1;33;0;0;2;4;3;B01
2,016E+11;1;33;0;0;2;1;3;A01
2,016E+11;1;34;0;3;0;3;0;A01
2,016E+11;1;33;0;0;0;0;21;A01
2,016E+11;1;7;0;0;2;4;2;B01
2,016E+11;1;14;0;0;2;1;2;A01
2,016E+11;2;7;0;0;9;1;2;A01
2,016E+11;2;33;0;0;2;1;3;A01