Num_Acc;senc;catv;occutc;obs;obsm;choc;manv;num_veh
2,016E+11;2;10;0;0;2;8;11;A01
2,016E+11;2;7;0;0;2;4;1;B01
2,016E+11;2;17;0;0;2;3;12;A01
2,016E+11;2;10;0;0;2;6;1;C01
2,016E+11;2;10;0;0;2;4;12;A01
2,016E+11;2;34;0;0;2;1;3;B01
2,016E+11;2;32;0;16;0;7;3;A01
2,016E+11;1;33;0;0;2;1;1;A01
2,016E+11;1;7;0;0;2;4;12;Z01
2,016E+11;1;7;0;0;2;6;11;A01
2,016E+11;2;33;0;0;2;1;1;B01
2,016E+11;2;33;0;0;2;2;1;A01
2,016E+11;2;7;0;0;2;6;11;Z01
2,016E+11;1;7;0;3;0;3;1;A01
2,016E+11;2;7;0;0;2;4;1;C01
2,016E+11;2;7;0;0;2;9;2;B01
2,016E+11;2;7;0;0;2;1;2;A01
2,016E+11;1;33;0;16;0;7;1;A01
2,016E+11;2;7;0;0;2;4;1;B01
2,016E+11;2;7;0;0;2;1;2;A01
2,016E+11;2;7;0;0;2;7;12;A01
2,016E+11;2;33;0;0;2;8;1;B01
2,016E+11;1;7;0;0;2;4;1;A01
2,016E+11;1;7;0;0;2;1;2;B01
2,016E+11;1;7;0;13;0;7;17;A01
2,016E+11;2;34;0;0;2;8;3;A01
2,016E+11;2;7;0;0;2;7;12;B01
2,016E+11;2;10;0;0;2;4;12;A01
2,016E+11;2;33;0;0;2;1;3;B01
2,016E+11;1;33;0;0;2;1;3;A01
2,016E+11;1;7;0;0;2;4;3;B01
2,016E+11;2;7;0;0;2;2;12;A01
2,016E+11;2;31;0;0;2;1;3;B01
2,016E+11;1;7;0;13;0;7;1;A01
2,016E+11;1;32;0;16;0;7;1;A01
2,016E+11;2;7;0;4;0;1;1;A01
2,016E+11;2;7;0;3;0;1;1;B01
2,016E+11;2;7;0;0;2;4;2;B01
2,016E+11;2;7;0;0;2;4;2;C01
2,016E+11;2;7;0;0;2;1;1;A01
2,016E+11;1;7;0;0;2;8;9;B01
2,016E+11;1;33;0;0;2;7;1;A01
2,016E+11;1;13;0;0;2;3;1;B01
2,016E+11;1;7;0;0;2;4;11;A01
2,016E+11;2;7;0;0;2;8;11;B01
2,016E+11;2;33;0;0;2;7;1;A01
2,016E+11;1;33;0;16;0;8;1;A01
2,016E+11;1;7;0;0;2;1;2;B01
2,016E+11;1;7;0;0;2;4;1;A01
2,016E+11;1;7;0;0;2;1;2;C01
2,016E+11;1;7;0;0;2;5;1;A01
2,016E+11;1;7;0;0;2;4;2;B01
2,016E+11;1;7;0;0;2;1;2;C01
2,016E+11;1;7;0;0;2;1;2;B01
2,016E+11;1;10;0;0;2;4;1;A01
2,016E+11;2;7;0;0;2;6;12;A01
2,016E+11;2;33;0;0;2;1;3;B01
2,016E+11;1;31;0;0;2;3;3;A01
2,016E+11;1;7;0;0;2;5;12;B01
2,016E+11;2;7;0;0;2;4;2;B01
2,016E+11;2;7;0;0;2;1;2;A01
2,016E+11;2;7;0;0;2;4;2;E01
2,016E+11;2;10;0;0;2;4;2;C01
2,016E+11;0;7;0;0;2;4;2;D01
2,016E+11;1;15;0;0;1;1;1;W01
2,016E+11;1;7;0;0;1;1;1;Z01
2,016E+11;2;7;0;0;2;2;13;B01
2,016E+11;2;7;0;0;2;1;1;A01
2,016E+11;2;7;0;0;2;6;1;C01
2,016E+11;1;7;0;0;2;6;2;B01
2,016E+11;1;7;0;0;2;1;1;A01
2,016E+11;2;33;0;16;0;8;1;A01
2,016E+11;1;7;0;3;0;1;16;A01
2,016E+11;2;7;0;0;2;4;2;C01
2,016E+11;2;7;0;0;2;4;2;B01
2,016E+11;2;7;0;0;2;3;12;A01
2,016E+11;2;7;0;0;2;4;1;B01
2,016E+11;2;7;0;0;2;1;2;A01
2,016E+11;2;7;0;0;2;4;12;A01
2,016E+11;2;33;0;0;2;1;3;B01
2,016E+11;1;7;0;0;2;1;2;B01
2,016E+11;1;13;0;0;2;1;1;A01
2,016E+11;1;7;0;0;2;4;2;C01
2,016E+11;1;7;0;0;2;4;2;D01
2,016E+11;1;7;0;0;2;4;2;E01
2,016E+11;2;7;0;0;2;1;2;A01
2,016E+11;2;7;0;0;2;4;1;C01
2,016E+11;2;7;0;0;2;9;2;B01
2,016E+11;2;10;0;0;2;8;11;B01
2,016E+11;2;33;0;0;2;7;3;A01
2,016E+11;2;7;0;0;2;4;1;C01
2,016E+11;2;7;0;0;2;4;1;A01
2,016E+11;2;7;0;0;2;1;2;B01
2,016E+11;2;7;0;0;2;4;2;B01
2,016E+11;2;7;0;0;2;4;2;C01
2,016E+11;2;7;0;0;2;4;1;A01
2,016E+11;2;7;0;0;2;1;2;D01
2,016E+11;2;7;0;0;2;8;9;C01
2,016E+11;2;7;0;0;2;1;1;A01
2,016E+11;2;7;0;0;2;4;1;B01
2,016E+11;2;33;0;0;2;1;3;B01
2,016E+11;2;31;0;0;2;4;3;A01
2,016E+11;2;7;0;0;2;4;2;F02
2,016E+11;2;13;0;0;2;1;2;G02
2,016E+11;2;7;0;0;2;4;1;A01
2,016E+11;2;7;0;0;2;4;2;B01
2,016E+11;2;7;0;0;2;4;2;C01
2,016E+11;2;10;0;0;2;4;2;D01
2,016E+11;2;7;0;0;2;4;2;E01
2,016E+11;1;7;0;0;2;1;1;A01
2,016E+11;1;13;0;0;2;4;2;B01
2,016E+11;2;7;0;0;2;8;1;A01
2,016E+11;2;33;0;0;2;2;3;B01
2,016E+11;2;13;0;0;2;4;2;D01
2,016E+11;2;10;0;0;2;1;1;A01
2,016E+11;2;10;0;0;2;4;2;C01
2,016E+11;2;10;0;0;2;4;2;B01
2,016E+11;2;13;0;0;2;4;1;B01
2,016E+11;2;7;0;0;2;1;13;A01
2,016E+11;2;10;0;0;2;8;13;A01
2,016E+11;2;33;0;0;2;7;17;B01
2,016E+11;1;31;0;16;0;8;1;A01
2,016E+11;1;7;0;0;2;3;12;A01
2,016E+11;1;7;0;0;2;5;1;B01
2,016E+11;1;33;0;0;2;4;1;C01
2,016E+11;2;7;0;0;2;8;19;B01
2,016E+11;2;14;0;0;2;1;1;A01
2,016E+11;2;7;0;0;2;7;1;C01
2,016E+11;1;7;0;4;0;1;1;A01
2,016E+11;1;7;0;0;2;1;1;E01
2,016E+11;1;10;0;0;2;6;1;D01
2,016E+11;1;7;0;6;0;1;1;A01
2,016E+11;1;7;0;0;2;1;1;F01
2,016E+11;1;7;0;0;2;5;23;B01
2,016E+11;1;10;0;0;2;2;1;C01
2,016E+11;1;7;0;4;0;2;1;A01
2,016E+11;2;7;0;4;0;1;1;A01
2,016E+11;2;31;0;0;2;7;3;B01
2,016E+11;2;7;0;0;2;6;11;A01
2,016E+11;2;10;0;0;2;4;2;A01
2,016E+11;2;7;0;0;2;1;2;B01
2,016E+11;2;7;0;0;2;2;1;C01
2,016E+11;2;7;0;0;2;5;12;Z01
2,016E+11;2;33;0;0;2;3;1;B01
2,016E+11;1;7;0;0;2;7;12;Z01
2,016E+11;1;7;0;0;2;4;1;B01
2,016E+11;1;33;0;0;2;8;1;A01
2,016E+11;1;7;0;0;2;4;1;A01
2,016E+11;1;13;0;0;2;2;12;B01
2,016E+11;2;31;0;16;0;1;1;A01
2,016E+11;2;10;0;0;2;3;11;B01
2,016E+11;2;7;0;0;2;6;1;C01
2,016E+11;2;31;0;0;2;7;3;A01
2,016E+11;2;31;0;16;0;7;1;A01
2,016E+11;1;7;0;0;0;0;1;A01
2,016E+11;1;7;0;0;2;4;1;A01
2,016E+11;1;7;0;0;2;1;2;B01
2,016E+11;2;7;0;0;2;1;1;A01
2,016E+11;2;7;0;0;2;4;2;B01
2,016E+11;2;10;0;0;2;1;1;A01
2,016E+11;2;7;0;0;2;4;2;C01
2,016E+11;2;13;0;0;2;4;2;D01
2,016E+11;2;7;0;0;2;4;2;B01
2,016E+11;1;7;0;3;0;3;1;A01
2,016E+11;1;7;0;0;2;6;24;A01
2,016E+11;1;7;0;1;0;2;1;B01
2,016E+11;1;7;0;3;0;1;1;A01
2,016E+11;1;7;0;16;0;9;1;A01
2,016E+11;2;7;0;3;0;1;1;A01
2,016E+11;2;33;0;0;2;2;3;A01
2,016E+11;2;7;0;0;2;8;11;B01
2,016E+11;2;7;0;0;2;6;9;A01
2,016E+11;2;13;0;0;2;2;1;B01
2,016E+11;2;7;0;14;0;1;1;A01
2,016E+11;1;7;0;4;0;3;1;A01
2,016E+11;1;7;0;0;2;7;1;B01
2,016E+11;1;7;0;0;2;2;1;A01
2,016E+11;2;7;0;1;0;1;1;B01
2,016E+11;2;7;0;0;2;4;23;A01
2,016E+11;2;13;0;0;2;1;1;A01
2,016E+11;2;7;0;0;2;8;1;B01
2,016E+11;2;32;0;0;2;3;3;A01
2,016E+11;2;7;0;0;2;6;12;B01
2,016E+11;1;10;0;4;0;1;1;A01
2,016E+11;2;33;0;0;2;1;3;C01
2,016E+11;2;7;0;0;2;6;1;A01
2,016E+11;2;7;0;0;2;8;11;B01
2,016E+11;2;10;0;0;2;4;2;C01
2,016E+11;2;7;0;0;2;4;2;E01
2,016E+11;2;7;0;0;2;4;2;D01
2,016E+11;2;7;0;0;2;1;2;F02
2,016E+11;2;7;0;0;2;4;1;A01
2,016E+11;2;7;0;0;2;4;2;B01
2,016E+11;1;7;0;0;2;4;1;A01
2,016E+11;1;7;0;0;2;1;2;B01
2,016E+11;1;7;0;0;2;1;2;C01
2,016E+11;1;7;0;4;0;8;1;A01
2,016E+11;1;7;0;0;2;1;1;C01
2,016E+11;1;13;0;0;2;2;1;A01
2,016E+11;1;7;0;0;2;6;12;B01
2,016E+11;1;34;0;0;2;1;5;B01
2,016E+11;1;7;0;0;2;3;1;C01
2,016E+11;1;7;0;0;2;6;1;A01
2,016E+11;1;7;0;16;0;3;1;A01
2,016E+11;2;31;0;16;0;1;1;A01
2,016E+11;2;7;0;14;0;1;1;A01
2,016E+11;1;7;0;0;2;6;1;A01
2,016E+11;1;15;0;0;2;7;1;B01
2,016E+11;1;7;0;0;2;4;1;A01
2,016E+11;1;7;0;0;2;3;11;B01
2,016E+11;1;33;0;0;2;1;3;C01
2,016E+11;2;10;0;0;2;9;1;B01
2,016E+11;2;15;0;0;2;6;1;A01
2,016E+11;2;7;0;16;0;3;1;A01
2,016E+11;2;7;0;0;2;1;11;A01
2,016E+11;2;7;0;0;2;4;1;B01
2,016E+11;1;7;0;0;2;1;1;B01
2,016E+11;1;7;0;0;2;4;1;A01
2,016E+11;2;31;0;0;2;7;3;A01
2,016E+11;2;7;0;0;2;8;1;B01
2,016E+11;2;7;0;0;2;1;2;B01
2,016E+11;2;7;0;0;2;4;1;A01
2,016E+11;2;7;0;0;2;1;2;C01
2,016E+11;2;33;0;0;2;1;1;B01
2,016E+11;2;7;0;0;2;5;21;A01
2,016E+11;2;7;0;0;2;1;2;C01
2,016E+11;2;7;0;0;2;4;2;B01
2,016E+11;2;7;0;0;2;4;1;A01
2,016E+11;2;7;0;0;2;7;19;A01
2,016E+11;2;7;0;0;2;1;1;B01
2,016E+11;2;7;0;0;2;1;2;A01
2,016E+11;2;10;0;0;2;4;23;B01
2,016E+11;2;7;0;0;2;7;1;C01
2,016E+11;2;10;0;0;2;4;14;B01
2,016E+11;2;7;0;0;2;1;1;A01
2,016E+11;2;7;0;16;0;2;14;A01
2,016E+11;2;33;0;0;2;3;1;B01
2,016E+11;2;7;0;0;2;7;12;A01
2,016E+11;2;7;0;0;2;6;1;C01
2,016E+11;2;7;0;0;2;4;2;C01
2,016E+11;2;7;0;0;2;4;2;D01
2,016E+11;2;7;0;0;2;4;2;B01
2,016E+11;2;10;0;0;2;4;1;A01
2,016E+11;2;7;0;0;2;1;2;E01
2,016E+11;1;7;0;0;2;5;11;B01
2,016E+11;1;7;0;0;2;2;1;A01
2,016E+11;2;10;0;0;2;4;1;A01
2,016E+11;2;7;0;0;2;1;1;B01
2,016E+11;1;10;0;0;2;4;1;A01
2,016E+11;1;7;0;0;2;1;2;B01
2,016E+11;1;7;0;0;2;4;1;A01
2,016E+11;1;7;0;0;2;1;2;B01
2,016E+11;2;7;0;0;2;3;1;A01
2,016E+11;2;7;0;0;2;5;1;B01
2,016E+11;1;7;0;0;2;6;1;A01
2,016E+11;1;7;0;0;2;7;1;B01
2,016E+11;2;33;0;0;2;8;3;A01
2,016E+11;2;7;0;0;2;7;12;Z01
2,016E+11;2;31;0;0;2;1;3;A01
2,016E+11;2;7;0;0;2;8;11;C01
2,016E+11;2;7;0;0;2;5;1;B01
2,016E+11;1;7;0;0;2;6;1;B01
2,016E+11;1;7;0;0;2;1;12;A01
2,016E+11;2;7;0;0;2;4;1;A01
2,016E+11;2;7;0;0;2;1;1;B01
2,016E+11;2;13;0;0;2;2;12;A01
2,016E+11;2;7;0;0;2;6;1;B01
2,016E+11;2;10;0;0;2;4;1;C01
2,016E+11;2;7;0;0;2;5;1;B01
2,016E+11;2;7;0;0;2;3;14;A01
2,016E+11;1;7;0;0;2;1;2;B01
2,016E+11;1;7;0;0;2;1;2;C01
2,016E+11;1;10;0;0;2;4;1;A01
2,016E+11;1;7;0;0;2;1;2;D01
2,016E+11;1;7;0;0;2;8;13;A01
2,016E+11;1;7;0;0;2;7;1;B01
2,016E+11;2;33;0;0;2;1;3;A01
2,016E+11;2;7;0;0;2;8;11;B01
2,016E+11;2;7;0;0;2;5;12;B01
2,016E+11;2;34;0;0;2;1;3;A01
2,016E+11;2;7;0;0;2;4;2;B01
2,016E+11;2;7;0;0;2;4;2;C01
2,016E+11;2;14;0;0;2;1;1;A01
2,016E+11;1;7;0;0;2;5;1;A01
2,016E+11;1;33;0;0;2;1;3;C01
2,016E+11;2;15;0;0;2;4;12;B01
2,016E+11;2;10;0;0;2;1;2;C01
2,016E+11;2;7;0;0;2;4;2;B01
2,016E+11;2;7;0;0;2;4;1;A01
2,016E+11;2;7;0;0;2;4;2;B01
2,016E+11;2;7;0;0;2;1;1;A01
2,016E+11;2;7;0;0;2;1;2;C01
2,016E+11;1;7;0;0;2;7;1;B01
2,016E+11;1;7;0;0;2;1;1;A01
2,016E+11;2;10;0;0;2;5;12;A01
2,016E+11;2;31;0;0;2;8;3;B01
2,016E+11;2;33;0;0;2;1;2;B01
2,016E+11;2;7;0;0;2;4;1;A01
2,016E+11;2;7;0;0;2;9;2;B01
2,016E+11;2;7;0;0;2;1;2;C01
2,016E+11;2;7;0;0;2;4;1;A01
2,016E+11;1;7;0;0;2;4;13;B01
2,016E+11;1;37;1;0;2;3;1;A01
2,016E+11;2;7;0;0;2;8;11;A01
2,016E+11;2;33;0;0;2;1;3;B01
2,016E+11;1;7;0;16;0;9;21;A01
2,016E+11;2;7;0;0;2;1;2;C01
2,016E+11;2;7;0;0;2;4;2;B01
2,016E+11;2;7;0;0;2;4;1;A01
2,016E+11;1;10;0;0;2;1;19;A01
2,016E+11;1;7;0;0;2;1;1;B01
2,016E+11;1;7;0;0;2;4;1;A01
2,016E+11;1;7;0;0;2;1;2;B01
2,016E+11;1;7;0;0;2;1;1;A01
2,016E+11;1;7;0;0;2;4;1;B01
2,016E+11;1;7;0;0;2;2;12;A01
2,016E+11;1;7;0;0;2;8;1;B01
2,016E+11;2;33;0;16;0;8;1;A01
2,016E+11;2;7;0;0;2;4;1;B01
2,016E+11;2;10;0;0;2;1;1;A01
2,016E+11;1;10;0;0;2;1;1;A01
2,016E+11;1;10;0;0;2;4;1;B01
2,016E+11;1;7;0;0;2;2;14;A01
2,016E+11;1;7;0;0;2;8;1;B01
2,016E+11;2;7;0;0;2;4;1;A01
2,016E+11;2;7;0;0;2;1;2;C01
2,016E+11;2;15;0;0;2;1;2;B01
2,016E+11;1;7;0;0;2;1;1;A01
2,016E+11;1;7;0;0;2;4;2;B01
2,016E+11;2;7;0;0;2;4;14;A01
2,016E+11;2;33;0;0;2;1;3;B01
2,016E+11;2;7;0;0;2;5;1;A01
2,016E+11;2;33;0;0;2;1;3;B01
2,016E+11;2;7;0;0;2;8;11;C01
2,016E+11;2;33;0;0;2;1;3;B01
2,016E+11;2;7;0;0;2;5;1;C01
2,016E+11;2;7;0;0;2;8;12;A01
2,016E+11;2;7;0;16;0;1;1;A01
2,016E+11;1;10;0;0;2;7;12;A01
2,016E+11;1;33;0;0;2;8;18;B01
2,016E+11;2;7;0;0;2;9;2;D01
2,016E+11;2;7;0;0;2;1;2;Z01
2,016E+11;2;7;0;0;2;4;1;A01
2,016E+11;2;10;0;0;2;9;2;C01
2,016E+11;2;10;0;0;2;9;2;B01
2,016E+11;2;13;0;0;2;9;2;E01
2,016E+11;2;7;0;0;2;1;2;F01
2,016E+11;1;7;0;0;2;4;1;A01
2,016E+11;1;7;0;0;2;1;2;B01
2,016E+11;1;7;0;0;2;1;2;C01
2,016E+11;1;7;0;0;2;4;2;B01
2,016E+11;1;10;0;0;2;1;1;C01
2,016E+11;1;13;0;0;2;3;1;A01
2,016E+11;1;7;0;0;2;1;12;A01
2,016E+11;1;7;0;0;2;6;1;B01
2,016E+11;1;7;0;0;2;1;16;C01
2,016E+11;1;7;0;0;2;1;18;Z01
2,016E+11;1;33;0;0;2;4;1;F02
2,016E+11;1;7;0;0;2;4;1;E02
2,016E+11;1;7;0;0;2;1;2;B01
2,016E+11;1;7;0;0;2;4;14;D01
2,016E+11;1;7;0;0;2;4;1;A01
2,016E+11;2;7;0;16;0;1;1;A01
2,016E+11;2;7;0;0;2;4;1;A01
2,016E+11;2;7;0;0;2;1;1;B01
2,016E+11;1;7;0;0;2;2;1;B01
2,016E+11;1;7;0;0;2;1;12;A01
2,016E+11;2;7;0;0;2;6;1;B01
2,016E+11;2;33;0;0;2;1;3;A01
2,016E+11;1;7;0;14;0;1;1;A01
2,016E+11;2;10;0;0;2;8;1;B01
2,016E+11;2;33;0;0;2;7;3;A01
2,016E+11;1;31;0;16;0;8;1;A01
2,016E+11;2;16;0;0;2;4;2;B01
2,016E+11;2;7;0;0;2;3;1;A01
2,016E+11;1;7;0;16;0;0;1;A01
2,016E+11;2;10;0;0;2;4;1;C01
2,016E+11;2;7;0;0;2;1;2;A01
2,016E+11;2;7;0;0;2;9;2;B01
2,016E+11;1;7;0;0;2;4;12;B01
2,016E+11;1;14;0;0;2;3;1;A01
2,016E+11;2;7;0;4;0;1;1;A01
2,016E+11;1;7;0;0;2;4;1;C01
2,016E+11;1;7;0;0;2;2;21;A01
2,016E+11;1;7;0;0;2;8;1;B01
2,016E+11;1;7;0;3;0;8;1;A01
2,016E+11;2;10;0;3;0;1;1;A01
2,016E+11;2;7;0;16;0;2;1;A01
2,016E+11;2;33;0;0;0;0;1;A01
2,016E+11;2;7;0;14;0;1;1;A01
2,016E+11;2;7;0;0;2;1;11;A01
2,016E+11;2;33;0;0;2;7;1;B01
2,016E+11;2;7;0;0;2;4;1;C01
2,016E+11;1;7;0;0;2;6;1;A01
2,016E+11;1;14;0;0;2;2;1;B01
2,016E+11;2;7;0;0;2;1;2;C01
2,016E+11;2;7;0;0;2;9;2;B01
2,016E+11;2;7;0;0;2;4;1;A01
2,016E+11;2;7;0;0;2;1;2;C01
2,016E+11;2;7;0;0;2;4;2;B01
2,016E+11;2;10;0;0;2;4;1;A01
2,016E+11;1;33;0;0;2;8;1;B01
2,016E+11;1;7;0;0;2;7;1;A01
2,016E+11;1;7;0;0;2;4;1;A01
2,016E+11;1;13;0;0;2;1;11;Z01
2,016E+11;1;7;0;0;2;3;9;B01
2,016E+11;1;10;0;0;2;7;1;A01
2,016E+11;2;7;0;14;0;1;1;A01
2,016E+11;1;7;0;0;2;4;2;B01
2,016E+11;1;7;0;0;2;4;2;C01
2,016E+11;1;7;0;0;2;1;2;A01
2,016E+11;1;33;0;0;2;8;3;A01
2,016E+11;1;7;0;0;2;4;1;B01
2,016E+11;1;10;0;0;2;4;23;B01
2,016E+11;1;7;0;1;0;1;1;A01
2,016E+11;2;34;0;0;2;1;1;A01
2,016E+11;2;7;0;0;2;4;2;B01
2,016E+11;1;7;0;0;2;1;1;B01
2,016E+11;1;7;0;0;2;4;1;A01
2,016E+11;2;7;0;0;2;1;5;A01
2,016E+11;2;7;0;0;2;1;17;B01
2,016E+11;1;7;0;4;0;3;2;A01
2,016E+11;2;7;0;0;2;3;13;A01
2,016E+11;1;7;0;0;2;6;0;B01
2,016E+11;1;7;0;0;2;1;2;A01
2,016E+11;1;7;0;0;2;4;2;B01
2,016E+11;1;7;0;0;2;1;2;A01
2,016E+11;2;7;0;0;2;4;2;B01
2,016E+11;2;7;0;14;0;1;2;C01
2,016E+11;1;7;0;0;0;0;1;A01
2,016E+11;2;7;0;4;2;1;1;A01
2,016E+11;2;7;0;4;2;3;20;B01
2,016E+11;2;7;0;4;2;8;24;C01
2,016E+11;1;33;0;0;2;1;1;A01
2,016E+11;2;7;0;0;2;3;15;B01
2,016E+11;1;7;0;0;2;3;15;B01
2,016E+11;1;33;0;0;2;7;1;A01
2,016E+11;2;7;0;0;2;7;15;A01
2,016E+11;1;7;0;0;2;1;1;B01
2,016E+11;1;7;0;0;2;3;13;A01
2,016E+11;1;7;0;0;2;3;1;B01
2,016E+11;1;7;0;0;1;3;0;A01
2,016E+11;1;7;0;0;1;3;4;A01
2,016E+11;1;30;0;12;0;0;1;A01
2,016E+11;2;7;0;0;2;6;0;A01
2,016E+11;1;7;0;0;2;0;0;B01
2,016E+11;1;7;0;0;1;0;0;A01
2,016E+11;2;7;0;0;2;3;1;A01
2,016E+11;1;7;0;0;2;3;1;B01
2,016E+11;2;7;0;0;2;0;5;B01
2,016E+11;1;32;0;0;2;3;2;A01
2,016E+11;1;7;0;0;2;1;0;A01
2,016E+11;1;7;0;0;2;1;0;B01
2,016E+11;1;7;0;0;2;1;2;A01
2,016E+11;1;7;0;0;2;4;2;B01
2,016E+11;2;7;0;0;2;3;1;A01
2,016E+11;1;7;0;0;2;5;1;B01
2,016E+11;1;7;0;0;2;0;0;A01
2,016E+11;1;33;0;0;2;3;1;B01
2,016E+11;1;10;0;14;0;0;16;A01
2,016E+11;1;10;0;0;2;1;1;B01
2,016E+11;1;10;0;0;2;4;1;C01
2,016E+11;2;7;0;0;1;2;1;A01
2,016E+11;1;7;0;0;2;7;0;A01
2,016E+11;1;1;0;0;2;4;2;B01
2,016E+11;1;7;0;2;0;9;2;A01
2,016E+11;2;34;0;0;2;1;0;A01
2,016E+11;2;7;0;0;2;6;0;B01
2,016E+11;1;2;0;0;0;8;0;A01
2,016E+11;1;7;0;0;1;4;4;A01
2,016E+11;1;7;0;14;0;0;0;A01
2,016E+11;1;7;0;14;2;1;2;A01
2,016E+11;1;7;0;0;2;4;0;B01
2,016E+11;1;33;0;0;2;2;0;A01
2,016E+11;2;37;1;0;0;0;0;B01
2,016E+11;1;10;0;0;0;0;0;C01
2,016E+11;2;2;0;0;2;1;2;A01
2,016E+11;1;7;0;0;2;4;2;B01
2,016E+11;2;7;0;0;2;7;1;A01
2,016E+11;2;7;0;1;0;0;0;C01
2,016E+11;1;7;0;0;2;2;15;B01
2,016E+11;1;2;0;14;0;9;2;A01
2,016E+11;2;7;0;0;2;0;2;A01
2,016E+11;2;7;0;0;2;0;2;B01
2,016E+11;2;7;0;0;2;1;0;A01
2,016E+11;2;7;0;0;2;4;1;B01
2,016E+11;1;7;0;0;2;2;2;A01
2,016E+11;1;7;0;0;2;4;2;B01
2,016E+11;1;7;0;0;2;4;2;C01
2,016E+11;1;7;0;0;2;4;2;D01
2,016E+11;0;10;0;0;1;4;4;A01
2,016E+11;1;30;0;0;2;8;2;B01
2,016E+11;2;7;0;0;2;3;15;A01
2,016E+11;2;7;0;0;2;1;0;B01
2,016E+11;1;7;0;0;2;2;15;A01
2,016E+11;2;7;0;0;2;3;15;A01
2,016E+11;1;7;0;0;2;2;1;B01
2,016E+11;2;7;0;0;2;3;15;A01
2,016E+11;2;33;0;0;2;7;17;B01
2,016E+11;1;7;0;0;2;2;0;A01
2,016E+11;1;7;0;0;2;3;0;B01
2,016E+11;1;7;0;15;0;0;0;A01
2,016E+11;0;7;0;0;0;1;0;A01
2,016E+11;0;7;0;0;0;1;0;B01
2,016E+11;1;10;0;0;1;1;1;A01
2,016E+11;1;7;0;0;2;1;1;A01
2,016E+11;1;7;0;0;2;4;2;B01
2,016E+11;2;2;0;0;2;1;0;A01
2,016E+11;2;13;0;0;2;3;0;B01
2,016E+11;1;13;0;0;2;1;2;A01
2,016E+11;1;7;0;0;2;4;2;B01
2,016E+11;1;7;0;4;0;2;14;A01
2,016E+11;1;2;0;1;0;1;1;A01
2,016E+11;2;7;0;0;2;4;0;A01
2,016E+11;2;7;0;0;2;1;0;Z01
2,016E+11;1;7;0;0;0;0;0;A01
2,016E+11;2;7;0;0;0;0;0;B01
2,016E+11;1;7;0;0;1;1;2;A01
2,016E+11;1;7;0;0;2;1;2;B01
2,016E+11;2;7;0;0;2;0;0;A01
2,016E+11;1;7;0;0;1;3;9;A01
2,016E+11;2;3;0;0;1;3;19;A01
2,016E+11;1;7;0;0;2;1;2;A01
2,016E+11;1;7;0;0;2;4;2;B01
2,016E+11;1;13;0;8;1;1;0;A01
2,016E+11;1;7;0;0;2;7;0;B01
2,016E+11;1;7;0;0;1;0;0;A01
2,016E+11;1;33;0;0;2;1;1;B01
2,016E+11;2;7;0;0;2;2;11;A01
2,016E+11;1;31;0;12;2;8;2;B01
2,016E+11;2;7;0;0;2;0;0;A01
2,016E+11;1;7;0;0;2;1;2;A01
2,016E+11;1;7;0;0;2;4;2;B01
2,016E+11;1;7;0;0;2;2;2;A01
2,016E+11;1;7;0;0;2;4;2;B01
2,016E+11;1;7;0;0;2;4;9;A01
2,016E+11;1;7;0;0;2;1;1;B01
2,016E+11;2;7;0;0;2;1;16;A01
2,016E+11;2;33;0;0;2;7;1;B01
2,016E+11;1;7;0;4;0;9;2;A01
2,016E+11;1;30;0;0;2;2;17;A01
2,016E+11;1;7;0;0;2;8;15;B01
2,016E+11;2;14;0;2;0;3;13;A01
2,016E+11;1;7;0;0;2;1;2;A01
2,016E+11;1;7;0;0;2;4;2;O01
2,016E+11;1;7;0;0;2;4;2;D01
2,016E+11;1;37;0;1;1;1;2;A01
2,016E+11;1;37;0;0;2;4;11;B01
2,016E+11;1;7;0;0;2;1;2;A01
2,016E+11;1;7;0;0;0;4;2;B01
2,016E+11;1;7;0;0;2;4;1;B01
2,016E+11;1;7;0;0;2;1;2;A01
2,016E+11;1;7;0;0;0;0;0;C01
2,016E+11;2;7;0;0;2;4;0;B01
2,016E+11;2;7;0;0;2;1;0;A01
2,016E+11;0;7;0;0;2;8;2;A01
2,016E+11;0;30;0;0;2;1;15;B01
2,016E+11;1;7;0;0;1;4;4;A01
2,016E+11;1;7;0;0;2;4;2;B01
2,016E+11;1;7;0;0;2;1;2;A01
2,016E+11;1;7;0;14;0;2;1;A01
2,016E+11;1;7;0;0;2;3;0;A01
2,016E+11;1;7;0;0;2;2;0;B01
2,016E+11;1;30;0;0;2;4;2;A01
2,016E+11;0;7;0;0;0;0;0;B01
2,016E+11;1;7;0;0;2;4;0;C01
2,016E+11;0;7;0;0;2;4;2;B01
2,016E+11;1;7;0;0;2;1;2;A01
2,016E+11;1;7;0;0;2;0;0;A01
2,016E+11;1;7;0;0;0;0;0;B01
2,016E+11;1;30;0;0;2;1;19;A01
2,016E+11;1;34;0;0;2;8;2;B01
2,016E+11;0;33;0;0;2;1;2;B01
2,016E+11;1;10;0;0;2;3;2;A01
2,016E+11;2;7;0;0;2;3;13;A01
2,016E+11;1;7;0;0;2;3;1;B01
2,016E+11;1;17;0;0;2;7;14;A01
2,016E+11;1;7;0;0;2;8;0;B01
2,016E+11;1;10;0;0;2;1;2;A01
2,016E+11;1;10;0;0;2;4;2;B01
2,016E+11;1;7;0;0;1;4;0;A01