Num_Acc;senc;catv;occutc;obs;obsm;choc;manv;num_veh
2,016E+11;1;33;0;0;2;2;0;A01
2,016E+11;1;14;0;0;2;6;2;B01
2,016E+11;2;7;0;12;0;0;0;A01
2,016E+11;1;7;0;0;2;1;2;A01
2,016E+11;1;7;0;0;2;4;2;B01
2,016E+11;1;33;0;0;2;1;0;A01
2,016E+11;1;7;0;0;2;3;15;B01
2,016E+11;2;10;0;0;0;0;23;C01
2,016E+11;1;10;0;0;2;3;17;A01
2,016E+11;2;10;0;0;2;8;1;B01
2,016E+11;2;7;0;0;2;3;1;B01
2,016E+11;1;7;0;6;2;1;6;A01
2,016E+11;1;7;0;0;2;1;2;A01
2,016E+11;1;7;0;0;2;4;0;B01
2,016E+11;1;7;0;8;0;1;2;A01
2,016E+11;2;10;0;0;0;1;1;A01
2,016E+11;2;7;0;0;2;0;0;B01
2,016E+11;2;7;0;0;0;0;0;C01
2,016E+11;1;32;0;12;0;7;2;A01
2,016E+11;2;7;0;0;1;3;1;A01
2,016E+11;0;7;0;0;2;1;1;A01
2,016E+11;1;7;0;0;2;4;0;B01
2,016E+11;0;7;0;0;2;6;2;C01
2,016E+11;1;7;0;0;2;5;16;B01
2,016E+11;1;7;0;0;2;3;9;A01
2,016E+11;1;33;0;0;2;2;17;A01
2,016E+11;0;7;0;0;2;3;15;B01
2,016E+11;1;7;0;0;2;3;15;A01
2,016E+11;1;33;0;0;2;1;1;B01
2,016E+11;1;7;0;0;2;2;2;A01
2,016E+11;1;7;0;0;0;0;0;B01
2,016E+11;1;7;0;0;2;4;2;C01
2,016E+11;1;7;0;0;2;1;2;A01
2,016E+11;1;10;0;0;2;4;0;B01
2,016E+11;1;7;0;0;2;4;2;D01
2,016E+11;1;33;0;0;2;0;0;A01
2,016E+11;2;7;0;0;2;1;0;B01
2,016E+11;1;7;0;0;2;0;0;T01
2,016E+11;1;7;0;0;2;1;2;A01
2,016E+11;1;1;0;0;2;1;13;B01
2,016E+11;1;7;0;0;1;7;1;A01
2,016E+11;1;7;0;0;2;2;13;A01
2,016E+11;1;10;0;0;2;6;0;B01
2,016E+11;1;7;0;1;0;2;1;A01
2,016E+11;1;7;0;16;0;0;0;A01
2,016E+11;1;7;0;0;2;0;0;B01
2,016E+11;2;7;0;0;2;0;0;A01
2,016E+11;2;7;0;0;2;1;2;A01
2,016E+11;2;7;0;0;2;4;2;B01
2,016E+11;1;7;0;0;2;1;1;A01
2,016E+11;1;7;0;0;2;5;2;B01
2,016E+11;1;7;0;0;2;2;0;A01
2,016E+11;2;31;0;0;2;3;1;B01
2,016E+11;1;33;0;0;2;1;18;A01
2,016E+11;2;7;0;0;2;2;2;B01
2,016E+11;2;7;0;0;2;1;2;B01
2,016E+11;1;7;0;0;2;1;13;A01
2,016E+11;2;7;0;0;2;2;2;C01
2,016E+11;1;7;0;0;2;3;2;D01
2,016E+11;0;7;0;0;2;3;0;A01
2,016E+11;0;3;0;0;2;7;0;B01
2,016E+11;1;10;0;6;0;2;2;A01
2,016E+11;1;7;0;0;1;4;4;A01
2,016E+11;1;7;0;0;1;1;1;A01
2,016E+11;2;7;0;13;0;2;0;A01
2,016E+11;1;30;0;0;2;8;13;A01
2,016E+11;0;7;0;0;2;1;16;B01
2,016E+11;2;7;0;0;0;8;15;B01
2,016E+11;2;30;0;0;2;2;17;A01
2,016E+11;1;7;0;0;2;6;15;A01
2,016E+11;1;33;0;0;2;5;17;B01
2,016E+11;1;32;0;0;0;0;0;A01
2,016E+11;1;7;0;0;2;1;2;B01
2,016E+11;1;7;0;4;0;4;16;A01
2,016E+11;1;7;0;0;2;3;1;B01
2,016E+11;1;7;0;0;2;1;15;A01
2,016E+11;1;34;0;14;0;0;0;A01
2,016E+11;1;33;0;0;2;7;17;A01
2,016E+11;1;7;0;0;2;3;1;B01
2,016E+11;1;7;0;0;2;5;17;A01
2,016E+11;1;2;0;0;2;3;0;B01
2,016E+11;1;7;0;0;2;4;0;B01
2,016E+11;1;7;0;0;2;1;2;A01
2,016E+11;1;7;0;0;2;1;2;B01
2,016E+11;1;33;0;0;2;7;3;A01
2,016E+11;1;7;0;12;0;9;2;A01
2,016E+11;1;33;0;5;0;1;2;A01
2,016E+11;2;7;0;0;2;1;1;A01
2,016E+11;2;7;0;0;2;4;2;B01
2,016E+11;2;7;0;0;2;4;2;C01
2,016E+11;1;34;0;14;0;1;2;A01
2,016E+11;1;7;0;0;2;3;13;A01
2,016E+11;2;7;0;0;2;3;1;B01
2,016E+11;1;32;0;0;0;0;16;A01
2,016E+11;1;7;0;0;2;1;1;A01
2,016E+11;1;7;0;0;2;3;15;B01
2,016E+11;1;7;0;0;2;3;11;A01
2,016E+11;2;31;0;0;2;1;1;B01
2,016E+11;1;10;0;0;2;1;2;B01
2,016E+11;1;33;0;0;2;4;2;A01
2,016E+11;1;30;0;0;2;7;1;B01
2,016E+11;1;7;0;0;2;1;0;A01
2,016E+11;1;7;0;0;2;4;4;A01
2,016E+11;1;32;0;0;2;1;2;G01
2,016E+11;1;7;0;0;2;1;9;A01
2,016E+11;1;7;0;0;2;5;16;B01
2,016E+11;1;33;0;0;2;2;0;A01
2,016E+11;1;7;0;0;2;6;0;B01
2,016E+11;1;33;0;0;2;1;2;A01
2,016E+11;1;14;0;0;2;7;16;B01
2,016E+11;1;33;0;0;2;1;17;A01
2,016E+11;1;7;0;0;2;4;13;B01
2,016E+11;2;7;0;0;0;0;0;A01
2,016E+11;1;7;0;0;1;4;4;A01
2,016E+11;1;7;0;0;2;3;13;A01
2,016E+11;1;7;0;0;2;6;0;B01
2,016E+11;1;7;0;0;2;0;0;C01
2,016E+11;2;7;0;1;0;3;13;A01
2,016E+11;0;7;0;0;2;4;2;C01
2,016E+11;0;7;0;1;2;1;0;A01
2,016E+11;0;7;0;0;2;4;2;B01
2,016E+11;1;7;0;0;2;1;1;A01
2,016E+11;2;33;0;1;2;1;1;B01
2,016E+11;1;2;0;0;2;1;18;A01
2,016E+11;1;31;0;0;2;7;0;B01
2,016E+11;1;7;0;1;0;2;1;A01
2,016E+11;1;7;0;12;0;1;1;A01
2,016E+11;2;7;0;0;2;1;1;A01
2,016E+11;2;7;0;0;2;4;1;B01
2,016E+11;2;7;0;0;2;4;1;C01
2,016E+11;2;7;0;0;2;6;1;D01
2,016E+11;1;7;0;0;2;3;0;B01
2,016E+11;1;7;0;0;2;2;0;Z01
2,016E+11;1;7;0;0;2;4;2;B01
2,016E+11;1;32;0;1;0;1;2;A01
2,016E+11;1;7;0;0;2;1;2;A01
2,016E+11;1;7;0;0;2;4;23;B01
2,016E+11;2;2;0;0;2;7;0;A01
2,016E+11;1;7;0;0;2;1;2;B01
2,016E+11;2;7;0;0;1;1;0;A01
2,016E+11;1;7;0;0;2;3;15;A01
2,016E+11;2;2;0;0;2;3;1;B01
2,016E+11;1;31;0;0;2;2;3;B01
2,016E+11;1;7;0;11;2;6;15;A01
2,016E+11;1;7;0;0;2;0;0;Z01
2,016E+11;1;7;0;0;2;8;0;A01
2,016E+11;1;7;0;0;1;2;2;Z01
2,016E+11;1;33;0;0;9;7;2;A01
2,016E+11;1;2;0;0;2;1;17;A01
2,016E+11;1;7;0;0;2;3;15;B01
2,016E+11;1;7;0;6;2;1;1;A01
2,016E+11;1;7;0;0;2;4;2;B01
2,016E+11;1;7;0;0;2;3;13;A01
2,016E+11;2;7;0;0;2;6;14;B01
2,016E+11;1;7;0;0;2;3;2;A01
2,016E+11;1;7;0;0;2;4;2;B01
2,016E+11;0;10;0;0;2;1;2;A01
2,016E+11;0;7;0;0;2;4;2;B01
2,016E+11;1;7;0;0;2;0;0;A01
2,016E+11;1;33;0;0;2;0;0;B01
2,016E+11;1;13;0;0;2;4;2;C01
2,016E+11;1;7;0;0;2;1;2;A01
2,016E+11;1;7;0;0;2;4;2;B01
2,016E+11;0;99;0;0;0;7;0;A01
2,016E+11;2;33;0;0;0;7;0;A01
2,016E+11;0;7;0;0;1;4;4;A01
2,016E+11;1;7;0;0;2;3;1;B01
2,016E+11;2;7;0;0;2;3;5;A01
2,016E+11;1;33;0;0;2;7;3;A01
2,016E+11;1;7;0;0;2;3;11;B01
2,016E+11;1;33;0;0;2;2;3;A01
2,016E+11;1;7;0;0;2;3;1;B01
2,016E+11;1;7;0;0;2;3;1;B01
2,016E+11;2;7;0;0;2;1;5;A01
2,016E+11;1;7;0;0;2;1;2;A01
2,016E+11;1;7;0;0;2;4;2;B01
2,016E+11;1;7;0;0;2;8;2;B01
2,016E+11;2;7;0;0;2;1;2;A01
2,016E+11;1;7;0;0;1;2;15;A01
2,016E+11;1;7;0;0;1;2;15;A01
2,016E+11;2;7;0;0;1;3;15;A01
2,016E+11;2;7;0;0;9;0;15;B01
2,016E+11;2;7;0;0;1;1;1;A01
2,016E+11;1;7;0;0;1;3;0;A01
2,016E+11;2;33;0;0;2;3;0;B01
2,016E+11;1;7;0;0;2;3;1;A01
2,016E+11;2;7;0;0;1;5;15;A01
2,016E+11;1;37;0;8;0;1;14;A01
2,016E+11;2;7;0;0;1;2;1;A01
2,016E+11;2;7;0;0;1;1;1;A01
2,016E+11;2;2;0;0;2;3;1;A01
2,016E+11;2;7;0;0;2;2;16;B01
2,016E+11;2;32;0;0;2;2;2;A01
2,016E+11;2;7;0;0;9;7;2;A01
2,016E+11;2;1;0;0;2;3;2;B01
2,016E+11;1;7;0;0;2;4;1;A01
2,016E+11;1;1;0;0;2;1;1;B01
2,016E+11;2;7;0;0;2;2;15;A01
2,016E+11;1;32;0;0;2;1;1;B01
2,016E+11;1;7;0;0;2;2;1;B01
2,016E+11;1;7;0;0;2;3;15;A01
2,016E+11;1;7;0;6;0;1;1;A01
2,016E+11;2;7;0;0;2;2;15;A01
2,016E+11;1;33;0;0;2;1;1;B01
2,016E+11;1;7;0;0;1;7;16;A01
2,016E+11;1;1;0;0;2;1;1;B01
2,016E+11;2;7;0;0;2;3;0;A01
2,016E+11;1;7;0;0;1;4;4;A01
2,016E+11;2;7;0;0;1;1;15;A01
2,016E+11;2;33;0;0;2;1;1;A01
2,016E+11;1;7;0;0;2;2;1;B01
2,016E+11;2;10;0;0;1;3;2;A01
2,016E+11;1;13;0;0;2;1;2;B01
2,016E+11;2;7;0;0;2;4;2;A01
2,016E+11;1;7;0;0;2;0;5;A01
2,016E+11;2;7;0;0;2;1;1;B01
2,016E+11;1;7;0;0;2;7;0;A01
2,016E+11;1;7;0;0;2;1;0;B01
2,016E+11;2;7;0;0;1;1;1;A01
2,016E+11;1;7;0;0;2;1;1;B01
2,016E+11;1;7;0;0;2;1;13;A01
2,016E+11;1;7;0;0;2;6;1;C01
2,016E+11;2;10;0;0;0;0;2;A01
2,016E+11;2;33;0;0;2;1;2;B01
2,016E+11;1;7;0;0;2;0;15;B01
2,016E+11;1;2;0;0;2;1;2;A01
2,016E+11;1;7;0;15;0;2;14;A01
2,016E+11;2;7;0;0;2;5;15;A01
2,016E+11;1;7;0;0;2;1;1;B01
2,016E+11;1;31;0;0;2;2;1;B01
2,016E+11;1;7;0;0;2;1;15;A01
2,016E+11;1;7;0;0;1;1;1;A01
2,016E+11;1;7;0;7;2;2;15;A01
2,016E+11;2;7;0;0;2;1;2;A01
2,016E+11;2;7;0;0;2;4;1;C01
2,016E+11;2;7;0;0;2;4;1;B01
2,016E+11;1;7;0;15;0;3;0;A01
2,016E+11;1;7;0;0;2;3;13;A01
2,016E+11;2;7;0;0;2;3;1;B01
2,016E+11;1;7;0;0;2;6;1;B01
2,016E+11;1;30;0;0;2;1;13;A01
2,016E+11;1;7;0;0;2;7;19;A01
2,016E+11;2;33;0;0;2;1;1;B01
2,016E+11;1;7;0;0;1;1;1;A01
2,016E+11;1;7;0;0;1;1;16;A01
2,016E+11;1;7;0;0;1;1;0;A01
2,016E+11;1;7;0;0;1;1;1;A01
2,016E+11;1;7;0;0;2;0;0;A01
2,016E+11;1;30;0;0;2;7;0;B01
2,016E+11;1;7;0;0;1;2;2;A01
2,016E+11;2;30;0;0;1;1;1;A01
2,016E+11;1;7;0;0;2;4;1;B01
2,016E+11;1;7;0;0;2;1;2;A01
2,016E+11;1;7;0;0;2;4;15;B01
2,016E+11;1;7;0;0;2;1;2;A01
2,016E+11;1;7;0;0;2;6;13;A01
2,016E+11;1;7;0;0;2;2;2;B01
2,016E+11;1;37;38;0;1;2;1;A01
2,016E+11;1;7;0;0;2;7;1;A01
2,016E+11;1;7;0;0;2;1;1;B01
2,016E+11;1;7;0;0;2;1;15;A01
2,016E+11;1;7;0;0;2;8;1;B01
2,016E+11;2;7;0;0;2;6;1;B01
2,016E+11;1;7;0;8;2;3;1;A01
2,016E+11;2;7;0;14;0;1;1;A01
2,016E+11;2;7;0;0;2;4;23;B01
2,016E+11;2;7;0;0;1;1;0;A01
2,016E+11;1;7;0;0;2;1;2;B01
2,016E+11;1;7;0;0;2;1;2;A01
2,016E+11;1;7;0;0;2;4;2;C01
2,016E+11;1;7;0;0;1;2;16;A01
2,016E+11;1;7;0;9;0;0;1;A01
2,016E+11;1;7;0;0;2;1;2;A01
2,016E+11;0;7;0;0;2;7;15;B01
2,016E+11;1;10;0;0;1;7;1;A01
2,016E+11;2;7;0;2;2;8;0;A01
2,016E+11;1;2;0;0;2;2;1;A01
2,016E+11;2;7;0;0;2;1;1;B01
2,016E+11;1;7;0;1;0;4;24;C01
2,016E+11;2;7;0;1;0;3;14;A01
2,016E+11;1;7;0;0;1;1;0;A01
2,016E+11;1;30;0;0;2;2;2;A01
2,016E+11;2;7;0;0;2;1;1;B01
2,016E+11;2;7;0;0;2;4;2;A01
2,016E+11;1;7;0;0;1;1;15;A01
2,016E+11;1;7;0;8;0;2;1;A01
2,016E+11;1;7;0;0;1;1;1;A01
2,016E+11;0;7;0;0;2;3;1;B01
2,016E+11;0;7;0;0;2;0;17;Z01
2,016E+11;1;7;0;0;2;8;1;B01
2,016E+11;1;32;0;0;2;2;11;A01
2,016E+11;1;7;0;0;0;1;1;D01
2,016E+11;2;7;0;0;0;2;15;A01
2,016E+11;1;7;0;0;0;3;1;C01
2,016E+11;2;7;0;0;2;3;1;B01
2,016E+11;1;38;0;0;1;2;1;A01
2,016E+11;1;7;0;0;1;2;0;A01
2,016E+11;2;33;0;0;2;1;21;B01
2,016E+11;1;7;0;0;2;1;15;A01
2,016E+11;1;7;0;0;1;1;1;A01
2,016E+11;1;7;0;0;1;1;1;A01
2,016E+11;1;7;0;0;2;8;19;A01
2,016E+11;2;7;0;0;2;1;1;B01
2,016E+11;1;33;0;0;1;1;1;A01
2,016E+11;2;7;0;1;2;1;2;A01
2,016E+11;2;7;0;1;2;1;2;B01
2,016E+11;2;7;0;0;2;3;10;A01
2,016E+11;2;7;0;0;1;1;1;A01
2,016E+11;1;7;0;0;1;2;2;A01
2,016E+11;2;7;0;0;2;3;1;B01
2,016E+11;1;7;0;0;2;3;5;A01
2,016E+11;2;7;0;0;2;3;15;B01
2,016E+11;2;33;0;0;2;1;5;A01
2,016E+11;1;7;0;0;2;1;19;A01
2,016E+11;2;7;0;0;2;8;1;B01
2,016E+11;1;10;0;0;2;0;0;B01
2,016E+11;1;33;0;0;2;1;0;A01
2,016E+11;0;14;0;0;2;0;0;C01
2,016E+11;1;7;0;0;2;0;0;A01
2,016E+11;1;31;0;0;2;0;0;B01
2,016E+11;1;7;0;16;1;2;1;A01
2,016E+11;1;7;0;0;2;4;23;B01
2,016E+11;1;33;0;0;2;2;3;A01
2,016E+11;1;33;0;0;2;0;0;B01
2,016E+11;1;7;0;0;2;8;2;A01
2,016E+11;2;7;0;11;0;2;1;A01
2,016E+11;1;15;0;0;2;6;24;B01
2,016E+11;1;7;0;1;0;2;1;A01
2,016E+11;1;7;0;0;2;8;1;B01
2,016E+11;1;7;0;0;2;1;1;A01
2,016E+11;1;1;0;0;1;1;1;A01
2,016E+11;1;2;0;0;2;7;1;B01
2,016E+11;1;7;0;0;2;2;15;A01
2,016E+11;1;7;0;0;2;5;16;B01
2,016E+11;2;2;0;0;2;5;2;A01
2,016E+11;1;33;0;0;0;0;0;A01
2,016E+11;1;10;0;0;0;0;2;A01
2,016E+11;1;7;0;1;0;4;2;B01
2,016E+11;0;7;0;0;2;1;15;A01
2,016E+11;2;33;0;0;2;7;1;B01
2,016E+11;1;7;0;0;0;4;2;C01
2,016E+11;1;7;0;0;2;1;2;B01
2,016E+11;1;7;0;0;2;2;2;A01
2,016E+11;2;7;0;0;2;5;15;A01
2,016E+11;2;33;0;0;2;7;3;B01
2,016E+11;1;7;0;0;2;7;1;B01
2,016E+11;1;7;0;0;2;1;0;A01
2,016E+11;2;30;0;0;0;0;0;A01
2,016E+11;1;7;0;0;2;1;19;A01
2,016E+11;2;1;0;0;2;7;1;B01
2,016E+11;2;7;0;6;2;1;15;A01
2,016E+11;1;30;0;0;1;1;1;A01
2,016E+11;1;7;0;0;2;3;1;A01
2,016E+11;2;30;0;0;2;8;1;B01
2,016E+11;1;7;0;0;2;2;2;A01
2,016E+11;1;7;0;0;2;4;2;B01
2,016E+11;0;7;0;0;2;7;15;A01
2,016E+11;0;31;0;0;2;1;1;B01
2,016E+11;1;7;0;0;2;1;1;B01
2,016E+11;1;30;0;0;2;2;9;A01
2,016E+11;1;7;0;0;2;4;2;B01
2,016E+11;1;1;0;0;2;1;2;A01
2,016E+11;1;7;0;0;2;3;1;D01
2,016E+11;2;7;0;0;2;2;1;A01
2,016E+11;2;7;0;0;2;3;9;B01
2,016E+11;2;7;0;0;2;1;1;A01
2,016E+11;1;7;0;0;2;3;15;B01
2,016E+11;2;7;0;0;1;1;1;A01
2,016E+11;1;2;0;0;2;7;1;A01
2,016E+11;2;7;0;0;2;1;9;B01
2,016E+11;1;30;0;0;2;1;2;A01
2,016E+11;1;10;0;0;2;6;2;B01
2,016E+11;1;7;0;8;0;1;1;A01
2,016E+11;1;7;0;0;2;1;2;A01
2,016E+11;1;7;0;0;2;4;2;B01
2,016E+11;1;7;0;0;2;4;2;C01
2,016E+11;1;1;0;0;0;6;1;A01
2,016E+11;1;7;0;0;0;2;17;B01
2,016E+11;2;30;0;0;2;1;2;B01
2,016E+11;1;7;0;0;2;3;15;A01
2,016E+11;1;7;0;0;1;2;1;A01
2,016E+11;1;7;0;0;1;3;1;A01
2,016E+11;1;37;1;0;1;3;7;A01
2,016E+11;1;7;0;0;2;3;15;B01
2,016E+11;2;33;0;0;2;3;1;A01
2,016E+11;1;7;0;0;2;0;20;A01
2,016E+11;1;31;0;0;2;1;1;B01
2,016E+11;2;7;0;0;2;2;15;A01
2,016E+11;1;7;0;0;2;1;1;B01
2,016E+11;0;1;0;12;0;1;1;A01
2,016E+11;1;7;0;0;1;7;1;A01
2,016E+11;1;30;0;14;0;0;1;A01
2,016E+11;1;7;0;0;2;4;2;A01
2,016E+11;1;2;0;0;2;1;2;B01
2,016E+11;2;37;35;0;2;2;1;B01
2,016E+11;2;33;0;0;2;8;11;A01
2,016E+11;2;7;0;0;2;5;2;B01
2,016E+11;2;1;0;0;2;1;2;A01
2,016E+11;1;7;0;0;2;3;1;B01
2,016E+11;2;7;0;0;2;2;15;A01
2,016E+11;2;33;0;0;1;1;1;A01
2,016E+11;1;7;0;0;2;6;15;B01
2,016E+11;1;31;0;0;2;3;17;A01
2,016E+11;1;2;0;0;0;0;0;A01
2,016E+11;2;7;0;0;1;1;1;A01
2,016E+11;2;33;0;0;2;6;1;A01
2,016E+11;1;7;0;0;2;6;15;B01
2,016E+11;2;7;0;0;1;2;1;A01
2,016E+11;1;7;0;0;2;6;1;B01
2,016E+11;1;33;0;0;2;1;2;A01
2,016E+11;1;10;0;0;1;6;4;A01
2,016E+11;2;7;0;1;0;8;13;A01
2,016E+11;0;1;0;0;2;3;15;B01
2,016E+11;1;34;0;0;2;5;2;A01
2,016E+11;2;33;0;0;0;1;2;A01
2,016E+11;2;7;0;0;2;6;11;A01
2,016E+11;2;33;0;8;0;1;2;B01
2,016E+11;1;7;0;0;2;8;1;B01
2,016E+11;1;32;0;0;2;1;1;C01
2,016E+11;2;7;0;0;2;1;1;A01
2,016E+11;1;7;0;0;2;1;1;A01
2,016E+11;2;33;0;0;2;4;2;B01
2,016E+11;1;33;0;0;0;0;17;B01
2,016E+11;1;7;0;0;0;0;17;A01
2,016E+11;2;7;0;0;2;4;1;B01
2,016E+11;1;7;0;0;2;1;1;A01
2,016E+11;1;1;0;0;0;4;0;B01
2,016E+11;1;7;0;0;9;2;2;A01
2,016E+11;1;7;0;0;2;1;2;A01
2,016E+11;1;7;0;0;2;3;2;B01
2,016E+11;1;7;0;0;1;0;0;A01
2,016E+11;1;7;0;0;2;3;1;A01
2,016E+11;2;7;0;0;2;3;1;B01
2,016E+11;2;7;0;0;2;1;5;D01
2,016E+11;1;7;0;0;2;2;1;A01
2,016E+11;1;7;0;0;2;1;1;B01
2,016E+11;2;7;0;0;2;6;5;C01
2,016E+11;0;7;0;0;1;3;2;A01
2,016E+11;2;1;0;0;2;3;1;B01
2,016E+11;1;7;0;0;2;5;10;A01
2,016E+11;1;7;0;0;2;1;1;A01
2,016E+11;1;31;0;0;2;7;1;B01
2,016E+11;2;7;0;0;1;8;1;A01
2,016E+11;2;7;0;0;1;8;2;A01
2,016E+11;1;31;0;0;2;9;2;A01
2,016E+11;1;7;0;0;2;1;2;B01
2,016E+11;1;7;0;0;1;4;0;Z01
2,016E+11;1;7;0;5;2;3;2;A01
2,016E+11;2;7;0;0;1;4;4;A01
2,016E+11;2;7;0;0;2;6;1;B01
2,016E+11;2;7;0;0;2;1;1;A01
2,016E+11;2;7;0;0;1;2;0;A01
2,016E+11;2;7;0;0;1;8;1;A01
2,016E+11;1;7;0;0;2;1;1;A01
2,016E+11;1;7;0;0;2;4;23;C01
2,016E+11;1;7;0;0;2;4;1;B01
2,016E+11;1;7;0;0;2;4;1;C01
2,016E+11;1;7;0;0;2;4;1;B01
2,016E+11;1;7;0;0;2;1;1;A01
2,016E+11;1;7;0;0;2;1;13;A01
2,016E+11;2;7;0;0;2;1;1;B01
2,016E+11;2;7;0;0;2;1;2;A01
2,016E+11;2;10;0;0;2;4;23;B01
2,016E+11;1;7;0;0;2;1;14;A01
2,016E+11;1;1;0;0;2;4;1;B01
2,016E+11;1;7;0;1;0;2;2;A01
2,016E+11;1;7;0;0;2;1;9;A01
2,016E+11;2;31;0;0;2;0;3;B01
2,016E+11;2;7;0;0;2;4;2;C01
2,016E+11;2;7;0;0;2;1;2;A01
2,016E+11;2;7;0;0;2;4;2;B01
2,016E+11;1;33;0;0;2;7;18;B01
2,016E+11;1;7;0;0;9;5;2;C01
2,016E+11;1;31;0;0;2;3;2;A01
2,016E+11;1;33;0;0;2;1;1;A01
2,016E+11;1;7;0;0;2;6;10;B01
2,016E+11;1;1;0;0;2;1;1;B01
2,016E+11;2;7;0;0;9;5;15;A01
2,016E+11;2;7;0;0;2;5;15;A01
2,016E+11;2;7;0;0;2;1;23;D01
2,016E+11;2;7;0;0;2;3;1;C01
2,016E+11;1;7;0;0;2;3;23;B01
2,016E+11;2;7;0;0;2;8;20;A01
2,016E+11;2;7;0;0;2;2;1;B01
2,016E+11;1;7;0;3;0;3;2;A01
2,016E+11;2;7;0;0;1;2;16;A01
2,016E+11;1;1;0;0;1;5;15;A01
2,016E+11;0;1;0;0;2;7;2;B01
2,016E+11;0;7;0;0;9;3;9;A01
2,016E+11;1;7;0;0;1;7;1;A01
2,016E+11;1;7;0;0;2;7;19;A01
2,016E+11;1;33;0;0;2;8;1;B01
2,016E+11;2;7;0;0;2;2;2;A01
2,016E+11;2;7;0;0;2;6;23;B01
2,016E+11;1;7;0;1;0;0;0;B01
2,016E+11;1;7;0;1;0;4;2;A01
2,016E+11;1;37;0;0;1;2;7;A01
2,016E+11;2;7;0;0;1;1;1;A01
2,016E+11;1;7;0;15;2;3;1;B01
2,016E+11;1;7;0;15;2;7;15;A01
2,016E+11;1;7;0;0;1;1;1;A01
2,016E+11;2;7;0;0;1;2;2;A01
2,016E+11;2;7;0;0;2;7;17;A01
2,016E+11;2;2;0;0;0;8;1;B01
2,016E+11;1;7;0;0;2;3;1;B01
2,016E+11;1;7;0;0;2;0;0;A01
2,016E+11;1;34;0;0;2;8;0;A01
2,016E+11;2;7;0;0;2;7;0;B01
2,016E+11;1;7;0;0;2;7;15;A01
2,016E+11;1;7;0;0;2;1;1;B01
2,016E+11;1;7;0;8;1;2;5;A01
2,016E+11;1;7;0;15;0;7;1;A01
2,016E+11;2;7;0;0;2;3;15;A01
2,016E+11;1;33;0;0;2;1;1;B01
2,016E+11;2;10;0;0;1;1;2;A01
2,016E+11;1;32;0;0;1;1;1;A01
2,016E+11;2;7;0;0;1;7;1;A01
2,016E+11;1;7;0;0;2;9;2;A01
2,016E+11;2;30;0;0;2;1;2;A01
2,016E+11;1;7;0;0;2;2;2;B01
2,016E+11;1;34;0;16;9;8;2;A01
2,016E+11;2;7;0;0;2;2;1;A01
2,016E+11;1;32;0;0;2;2;1;B01
2,016E+11;2;7;0;0;1;3;2;A01
2,016E+11;1;33;0;1;2;1;17;A01
2,016E+11;1;7;0;0;2;1;10;B01
2,016E+11;2;1;0;0;1;1;1;A01
2,016E+11;2;10;0;0;1;1;1;A01
2,016E+11;0;7;0;0;0;4;1;B01
2,016E+11;0;7;0;0;2;1;1;A01
2,016E+11;0;34;0;0;1;1;1;A01
2,016E+11;2;7;0;0;1;1;15;A01
2,016E+11;1;2;0;0;1;1;1;A01
2,016E+11;1;7;0;0;2;8;15;Z01
2,016E+11;1;30;0;0;2;7;1;A01
2,016E+11;1;7;0;0;2;2;17;A01
2,016E+11;1;7;0;0;2;3;10;B01
2,016E+11;1;7;0;0;2;2;15;A01
2,016E+11;2;7;0;0;2;6;1;B01
2,016E+11;1;7;0;3;0;1;13;A01
2,016E+11;1;10;0;0;1;0;0;A01
2,016E+11;2;32;0;0;2;1;1;B01
2,016E+11;1;7;0;0;2;2;15;A01
2,016E+11;1;1;0;0;1;0;0;A01
2,016E+11;1;32;0;0;1;2;1;A01
2,016E+11;1;7;0;0;2;2;19;A01
2,016E+11;1;7;0;0;2;3;1;B01
2,016E+11;2;7;0;0;2;2;19;A01
2,016E+11;2;31;0;0;2;1;1;B01
2,016E+11;1;7;0;0;1;4;4;A01
2,016E+11;1;7;0;0;1;4;2;B01
2,016E+11;1;7;0;0;2;1;2;A01
2,016E+11;0;30;0;0;2;1;1;B01
2,016E+11;2;7;0;0;2;8;1;A01
2,016E+11;1;7;0;0;2;7;15;B01
2,016E+11;2;32;0;0;2;8;1;A01
2,016E+11;2;7;0;9;0;0;1;A01
2,016E+11;2;7;0;0;2;1;13;A01
2,016E+11;1;7;0;0;2;1;1;B01
2,016E+11;2;7;0;0;1;1;1;A01
2,016E+11;1;33;0;12;0;7;14;A01
2,016E+11;1;7;0;0;1;1;1;A01
2,016E+11;1;7;0;0;2;5;4;A01
2,016E+11;1;7;0;0;2;2;2;B01
2,016E+11;1;7;0;0;1;0;2;A01
2,016E+11;1;33;0;0;2;1;2;A01
2,016E+11;1;7;0;0;2;4;2;B01
2,016E+11;2;32;0;0;0;0;0;A01
2,016E+11;1;7;0;0;2;0;0;B01
2,016E+11;1;33;0;0;2;0;0;A01
2,016E+11;2;7;0;1;0;4;2;B01
2,016E+11;2;7;0;0;0;4;2;D01
2,016E+11;2;7;0;1;0;4;1;C01
2,016E+11;2;7;0;0;2;1;2;A01
2,016E+11;2;7;0;0;2;1;2;A01
2,016E+11;2;1;0;0;2;4;2;B01
2,016E+11;2;30;0;0;2;1;19;A01
2,016E+11;2;7;0;0;2;7;19;B01
2,016E+11;1;7;0;2;0;1;2;A01
2,016E+11;2;7;0;0;1;2;1;A01
2,016E+11;1;33;0;0;2;1;1;B01