Num_Acc;senc;catv;occutc;obs;obsm;choc;manv;num_veh
2,016E+11;2;7;0;0;2;2;15;A01
2,016E+11;1;7;0;0;2;1;1;B01
2,016E+11;1;7;0;1;2;1;1;B01
2,016E+11;0;7;0;0;2;7;15;A01
2,016E+11;0;14;0;0;2;5;24;C01
2,016E+11;2;40;60;0;1;0;1;A01
2,016E+11;1;7;0;0;1;0;0;A01
2,016E+11;2;1;0;0;2;1;1;A01
2,016E+11;2;7;0;0;2;3;1;B01
2,016E+11;1;7;0;0;1;3;1;A01
2,016E+11;1;7;0;8;0;1;1;A01
2,016E+11;2;7;0;0;2;3;15;A01
2,016E+11;1;1;0;0;2;3;0;B01
2,016E+11;1;7;0;0;2;8;0;B01
2,016E+11;1;7;0;0;2;3;1;A01
2,016E+11;1;10;0;0;2;1;0;B01
2,016E+11;1;7;0;0;2;2;2;A01
2,016E+11;0;7;0;0;2;0;0;C01
2,016E+11;1;15;0;0;2;7;0;A01
2,016E+11;1;7;0;0;2;8;22;B01
2,016E+11;2;7;0;0;1;1;16;A01
2,016E+11;0;30;0;1;1;9;1;B01
2,016E+11;0;7;0;0;2;1;1;A01
2,016E+11;0;10;0;0;1;6;4;A01
2,016E+11;0;7;0;0;9;6;20;A01
2,016E+11;0;1;0;0;2;1;1;B01
2,016E+11;2;7;0;1;9;8;22;A01
2,016E+11;1;1;0;1;0;0;0;Y01
2,016E+11;2;1;0;0;0;5;0;B01
2,016E+11;2;7;0;1;0;3;13;A01
2,016E+11;1;7;0;0;0;3;1;A01
2,016E+11;1;1;0;0;0;0;0;B01
2,016E+11;1;1;0;0;2;7;2;A01
2,016E+11;1;7;0;0;9;2;9;B01
2,016E+11;0;7;0;0;1;1;0;Z01
2,016E+11;0;7;0;0;2;3;2;B01
2,016E+11;0;7;0;0;2;7;2;A01
2,016E+11;1;7;0;0;2;7;0;A01
2,016E+11;2;7;0;0;2;1;0;B01
2,016E+11;0;1;0;0;2;3;1;B01
2,016E+11;0;7;0;0;2;2;16;A01
2,016E+11;1;7;0;0;1;1;1;A01
2,016E+11;1;30;0;1;0;1;2;Z01
2,016E+11;1;7;0;0;2;2;24;A01
2,016E+11;2;7;0;0;0;0;0;B01
2,016E+11;2;2;0;0;2;1;2;A01
2,016E+11;0;7;0;0;2;4;2;B01
2,016E+11;0;7;0;0;2;1;2;A01
2,016E+11;0;7;0;0;2;4;2;C01
2,016E+11;1;10;0;0;2;3;10;B01
2,016E+11;0;1;0;0;2;9;13;A01
2,016E+11;1;7;0;0;1;1;1;A01
2,016E+11;2;7;0;0;2;4;2;A01
2,016E+11;2;3;0;0;2;1;2;B01
2,016E+11;1;7;0;0;1;5;15;A01
2,016E+11;1;2;0;0;2;1;17;A01
2,016E+11;1;7;0;0;2;2;15;B01
2,016E+11;2;33;0;0;1;1;8;A01
2,016E+11;0;7;0;0;2;3;1;B01
2,016E+11;0;7;0;0;2;2;15;A01
2,016E+11;2;7;0;0;1;3;1;A01
2,016E+11;2;7;0;0;2;6;1;B01
2,016E+11;1;30;0;0;2;2;12;A01
2,016E+11;1;7;0;0;2;1;1;B01
2,016E+11;2;10;0;0;2;1;1;A01
2,016E+11;2;40;80;0;2;2;1;B01
2,016E+11;1;7;0;0;4;6;10;A01
2,016E+11;1;7;0;0;0;0;0;A01
2,016E+11;1;7;0;0;0;0;0;B01
2,016E+11;1;7;0;1;2;6;23;B01
2,016E+11;1;7;0;1;0;2;2;A01
2,016E+11;1;7;0;1;0;5;23;C01
2,016E+11;1;7;0;0;1;7;0;A01
2,016E+11;0;7;0;0;1;2;0;A01
2,016E+11;0;31;0;0;0;0;0;B01
2,016E+11;0;7;0;0;0;0;0;A01
2,016E+11;2;1;0;0;2;1;1;B01
2,016E+11;2;7;0;0;2;2;16;A01
2,016E+11;1;7;0;0;0;0;0;B01
2,016E+11;1;7;0;0;0;0;0;A01
2,016E+11;0;7;0;0;9;8;9;A01
2,016E+11;0;1;0;0;2;7;1;B01
2,016E+11;1;13;0;0;2;1;2;A01
2,016E+11;1;7;0;0;2;4;2;B01
2,016E+11;1;31;0;0;9;7;0;B01
2,016E+11;1;1;0;0;2;0;0;A01
2,016E+11;1;34;0;0;2;7;2;B01
2,016E+11;1;7;0;0;2;8;15;A01
2,016E+11;2;34;0;1;0;1;17;A01
2,016E+11;0;7;0;1;1;9;0;A01
2,016E+11;0;37;0;0;2;6;0;B01
2,016E+11;1;13;0;0;1;4;4;A01
2,016E+11;1;10;0;0;0;4;2;B01
2,016E+11;1;7;0;0;2;1;2;A01
2,016E+11;2;7;0;0;2;0;11;A01
2,016E+11;2;7;0;0;2;7;1;B01
2,016E+11;1;7;0;0;2;4;2;A01
2,016E+11;1;7;0;0;2;0;0;C01
2,016E+11;1;7;0;0;2;1;2;B01
2,016E+11;1;7;0;0;9;1;0;A01
2,016E+11;1;1;0;0;2;1;19;B01
2,016E+11;2;7;0;0;2;2;13;B01
2,016E+11;2;7;0;0;2;3;15;A01
2,016E+11;0;10;0;0;0;2;15;A01
2,016E+11;0;7;0;0;0;3;1;B01
2,016E+11;1;7;0;0;1;3;19;A01
2,016E+11;2;7;0;0;2;3;16;A01
2,016E+11;2;7;0;0;2;7;1;B01
2,016E+11;2;7;0;0;2;1;19;A01
2,016E+11;2;7;0;0;2;5;19;B01
2,016E+11;2;7;0;0;2;0;0;B01
2,016E+11;2;7;0;0;2;0;0;A01
2,016E+11;0;7;0;0;2;0;0;C01
2,016E+11;1;7;0;0;1;2;1;A01
2,016E+11;1;7;0;0;2;3;23;C01
2,016E+11;1;7;0;0;2;2;23;A01
2,016E+11;1;33;0;0;2;3;3;B01
2,016E+11;1;7;0;0;1;0;0;A01
2,016E+11;2;7;0;0;2;1;1;B01
2,016E+11;1;7;0;0;2;5;15;A01
2,016E+11;1;33;0;0;0;0;0;B01
2,016E+11;1;7;0;0;2;1;19;A01
2,016E+11;2;7;0;0;1;3;15;A01
2,016E+11;0;7;0;0;2;7;15;B01
2,016E+11;0;33;0;0;2;1;1;A01
2,016E+11;2;7;0;0;2;2;15;A01
2,016E+11;2;7;0;0;2;3;1;B01
2,016E+11;0;7;0;0;1;3;0;A01
2,016E+11;1;7;0;0;1;2;15;A01
2,016E+11;0;1;0;0;0;0;0;B01
2,016E+11;1;7;0;0;0;8;0;A01
2,016E+11;1;7;0;0;9;2;2;A01
2,016E+11;1;1;0;0;2;1;1;B01
2,016E+11;1;7;0;0;1;3;1;A01
2,016E+11;1;7;0;0;1;1;15;A01
2,016E+11;1;13;0;0;2;0;2;A01
2,016E+11;1;7;0;0;2;4;2;C01
2,016E+11;1;7;0;0;2;4;2;B01
2,016E+11;0;2;0;0;1;0;0;Z01
2,016E+11;2;7;0;0;1;2;1;A01
2,016E+11;0;7;0;0;1;2;0;A01
2,016E+11;0;7;0;0;0;0;0;B01
2,016E+11;2;7;0;0;2;2;12;A01
2,016E+11;1;7;0;0;2;4;2;C01
2,016E+11;1;7;0;0;2;1;1;A01
2,016E+11;1;7;0;0;2;4;2;B01
2,016E+11;1;7;0;0;2;2;0;A01
2,016E+11;1;1;0;0;2;1;0;B01
2,016E+11;1;7;0;0;2;2;15;B01
2,016E+11;1;7;0;6;2;3;1;A01
2,016E+11;0;7;0;15;0;2;0;A01
2,016E+11;1;17;0;16;0;8;16;A01
2,016E+11;1;7;0;1;0;4;0;C01
2,016E+11;1;7;0;0;2;2;1;B01
2,016E+11;1;7;0;0;2;3;13;A01
2,016E+11;1;7;0;0;2;8;9;A01
2,016E+11;1;7;0;0;2;1;1;B01
2,016E+11;1;7;0;0;2;6;0;B01
2,016E+11;1;7;0;0;2;1;0;A01
2,016E+11;1;1;0;0;0;0;0;B01
2,016E+11;1;7;0;0;0;0;0;A01
2,016E+11;1;1;0;0;0;0;0;Y01
2,016E+11;1;7;0;0;0;0;0;A01
2,016E+11;1;30;0;0;1;0;0;A01
2,016E+11;0;7;0;0;2;3;2;B01
2,016E+11;0;7;0;0;2;2;15;A01
2,016E+11;1;7;0;0;1;1;0;A01
2,016E+11;0;32;0;0;2;3;1;A01
2,016E+11;1;7;0;0;2;1;15;B01
2,016E+11;2;7;0;0;2;3;0;B01
2,016E+11;1;7;0;0;2;1;0;A01
2,016E+11;0;7;0;0;2;7;16;A01
2,016E+11;0;33;0;0;2;8;0;B01
2,016E+11;1;7;0;0;1;0;0;A01
2,016E+11;0;7;0;0;0;0;0;B01
2,016E+11;1;7;0;0;2;0;0;A01
2,016E+11;1;2;0;0;2;8;7;A01
2,016E+11;1;7;0;0;2;7;0;Z01
2,016E+11;2;31;0;0;2;7;1;B01
2,016E+11;2;7;0;1;0;3;11;A01
2,016E+11;1;31;0;0;2;1;17;B01
2,016E+11;1;7;0;0;2;3;15;A01
2,016E+11;1;7;0;0;1;7;1;A01
2,016E+11;1;7;0;0;2;7;1;B01
2,016E+11;1;7;0;0;2;1;19;A01
2,016E+11;2;7;0;0;1;3;15;A01
2,016E+11;0;7;0;0;2;1;2;B01
2,016E+11;0;7;0;0;0;0;0;A01
2,016E+11;0;7;0;0;2;1;0;C01
2,016E+11;0;7;0;0;2;3;15;A01
2,016E+11;0;7;0;0;2;1;0;B01
2,016E+11;2;7;0;0;0;0;0;Z01
2,016E+11;0;1;0;0;0;0;0;B01
2,016E+11;0;7;0;0;0;0;12;B01
2,016E+11;0;7;0;0;1;1;1;A01
2,016E+11;1;10;0;4;0;2;1;A01
2,016E+11;2;7;0;0;1;3;15;A01
2,016E+11;1;33;0;0;2;1;18;A01
2,016E+11;1;7;0;0;0;5;23;B01
2,016E+11;0;32;0;12;0;1;0;A01
2,016E+11;0;7;0;0;0;0;0;B01
2,016E+11;1;1;0;0;2;0;0;C01
2,016E+11;1;1;0;0;2;3;19;A01
2,016E+11;1;34;0;0;2;0;0;B01
2,016E+11;1;7;0;0;1;3;2;A01
2,016E+11;0;7;0;0;2;1;2;A01
2,016E+11;0;7;0;0;2;4;2;B01
2,016E+11;2;7;0;0;1;2;1;B01
2,016E+11;1;2;0;0;2;1;1;B01
2,016E+11;1;7;0;0;2;5;16;A01
2,016E+11;0;7;0;1;1;1;13;A01
2,016E+11;0;7;0;0;2;0;0;B01
2,016E+11;2;7;0;0;1;3;1;A01
2,016E+11;1;1;0;0;4;1;1;B01
2,016E+11;2;40;0;0;2;2;1;A01
2,016E+11;1;7;0;0;2;4;23;B01
2,016E+11;1;7;0;0;2;1;15;A01
2,016E+11;2;7;0;0;1;1;15;A01
2,016E+11;1;10;0;0;1;2;16;A01
2,016E+11;1;1;0;0;4;8;19;B01
2,016E+11;1;40;40;0;2;1;1;A01
2,016E+11;0;7;0;0;1;7;0;A01
2,016E+11;2;33;0;0;2;1;1;A01
2,016E+11;1;10;0;0;2;8;9;B01
2,016E+11;1;7;0;1;9;8;1;A01
2,016E+11;1;1;0;0;2;0;1;B01
2,016E+11;0;7;0;0;0;1;2;A01
2,016E+11;0;7;0;0;0;4;2;B01
2,016E+11;1;37;0;0;1;2;7;A01
2,016E+11;2;30;0;0;2;7;9;A01
2,016E+11;0;7;0;0;0;0;0;B01
2,016E+11;1;40;0;0;2;2;1;B01
2,016E+11;1;7;0;0;4;3;9;A01
2,016E+11;0;7;0;0;2;1;16;A01
2,016E+11;0;7;0;0;2;4;12;B01
2,016E+11;2;7;0;0;1;0;1;Z01
2,016E+11;1;7;0;0;1;3;1;A01
2,016E+11;0;7;0;0;2;1;2;Z01
2,016E+11;0;1;0;0;2;6;2;A01
2,016E+11;1;7;0;0;2;1;1;A01
2,016E+11;1;7;0;0;1;8;1;B01
2,016E+11;0;7;0;0;1;1;1;A01
2,016E+11;2;30;0;0;2;0;0;B01
2,016E+11;2;37;15;0;2;2;1;A01
2,016E+11;2;7;0;0;0;1;1;B01
2,016E+11;0;7;0;0;0;2;15;A01
2,016E+11;1;7;0;1;0;2;1;A01
2,016E+11;1;7;0;0;0;3;17;A01
2,016E+11;1;1;0;0;0;0;0;B01
2,016E+11;0;7;0;0;2;2;2;B01
2,016E+11;0;7;0;0;2;1;13;A01
2,016E+11;2;7;0;15;0;1;2;A01
2,016E+11;2;7;0;0;0;4;2;B01
2,016E+11;2;7;0;0;2;1;2;A01
2,016E+11;2;7;0;0;2;1;2;A01
2,016E+11;2;7;0;0;0;4;2;B01
2,016E+11;2;7;0;0;2;8;2;B01
2,016E+11;2;7;0;0;2;6;2;C01
2,016E+11;2;7;0;0;2;1;13;A01
2,016E+11;1;7;0;4;0;1;2;A01
2,016E+11;2;7;0;0;2;4;2;B01
2,016E+11;2;7;0;0;2;1;2;A01
2,016E+11;2;7;0;0;2;4;2;C01
2,016E+11;1;7;0;4;0;1;2;A01
2,016E+11;2;7;0;3;0;1;1;A01
2,016E+11;2;7;0;15;0;1;0;A01
2,016E+11;1;7;0;4;0;4;2;A01
2,016E+11;2;7;0;0;2;1;2;C01
2,016E+11;2;15;0;0;2;2;2;B01
2,016E+11;2;7;0;0;2;6;9;A01
2,016E+11;2;15;0;0;2;1;2;A01
2,016E+11;2;14;0;0;2;4;2;B01
2,016E+11;2;15;0;0;2;4;2;C01
2,016E+11;1;7;0;0;1;1;15;A01
2,016E+11;1;14;0;0;0;4;0;B01
2,016E+11;1;7;0;0;0;2;0;A01
2,016E+11;2;17;0;0;0;3;2;C01
2,016E+11;2;7;0;0;2;4;2;B01
2,016E+11;2;7;0;0;2;1;2;A01
2,016E+11;2;15;0;0;2;6;11;B01
2,016E+11;2;7;0;0;2;1;2;A01
2,016E+11;2;7;0;0;2;8;11;A01
2,016E+11;2;14;0;0;2;8;2;B01
2,016E+11;2;99;0;0;0;0;0;Z01
2,016E+11;2;7;0;4;0;1;0;A01
2,016E+11;1;7;0;0;2;4;2;B01
2,016E+11;1;10;0;0;2;1;2;A01
2,016E+11;1;7;0;0;2;4;2;C01
2,016E+11;1;15;0;0;0;4;0;B01
2,016E+11;1;7;0;0;2;1;0;A01
2,016E+11;1;7;0;0;2;1;2;A01
2,016E+11;1;7;0;0;2;4;2;B01
2,016E+11;1;7;0;3;2;1;0;A01
2,016E+11;1;7;0;0;2;2;0;B01
2,016E+11;2;7;0;4;0;1;2;A01
2,016E+11;1;10;0;0;2;1;2;A01
2,016E+11;1;7;0;0;2;4;2;B01
2,016E+11;2;7;0;4;2;8;2;B01
2,016E+11;2;15;0;0;2;2;12;A01
2,016E+11;2;15;0;0;2;7;12;A01
2,016E+11;2;7;0;3;2;8;2;B01
2,016E+11;2;7;0;0;2;8;9;A01
2,016E+11;2;15;0;0;2;2;2;B01
2,016E+11;2;7;0;0;2;1;2;A01
2,016E+11;2;7;0;0;2;4;2;B01
2,016E+11;1;14;0;0;2;4;2;B01
2,016E+11;1;14;0;0;2;1;2;A01
2,016E+11;1;33;0;0;2;2;2;A01
2,016E+11;1;7;0;4;0;2;13;A01
2,016E+11;2;31;0;0;2;3;3;B01
2,016E+11;2;7;0;0;2;5;12;A01
2,016E+11;2;33;0;0;0;8;2;A01
2,016E+11;1;7;0;3;2;4;2;B01
2,016E+11;1;7;0;0;2;2;2;A01
2,016E+11;2;7;0;0;2;1;2;A01
2,016E+11;2;7;0;0;2;4;2;B01
2,016E+11;2;7;0;0;2;4;2;D01
2,016E+11;2;7;0;0;2;4;2;C01
2,016E+11;2;10;0;0;2;4;2;B01
2,016E+11;2;7;0;0;2;1;2;A01
2,016E+11;2;7;0;0;2;1;2;A01
2,016E+11;2;7;0;0;2;4;2;B01
2,016E+11;1;15;0;0;2;2;2;A01
2,016E+11;1;15;0;0;2;4;2;B01
2,016E+11;1;99;0;0;0;0;0;Z01
2,016E+11;2;7;0;3;2;4;0;B01
2,016E+11;2;7;0;1;0;1;11;A01
2,016E+11;2;7;0;0;2;3;1;C01
2,016E+11;1;7;0;14;2;1;2;A01
2,016E+11;1;7;0;0;2;1;2;B01
2,016E+11;1;7;0;0;2;4;2;B01
2,016E+11;1;7;0;0;2;3;2;A01
2,016E+11;1;31;0;4;2;1;1;A01
2,016E+11;1;7;0;0;2;8;2;B01
2,016E+11;2;7;0;3;0;1;2;A01
2,016E+11;1;7;0;4;0;1;1;A01
2,016E+11;2;7;0;0;2;4;2;B01
2,016E+11;2;7;0;0;2;1;2;C01
2,016E+11;2;7;0;0;2;1;2;A01
2,016E+11;2;7;0;0;2;1;2;A01
2,016E+11;2;7;0;3;2;4;2;B01
2,016E+11;2;7;0;0;2;4;2;B01
2,016E+11;2;7;0;0;2;1;0;A01
2,016E+11;2;33;0;0;0;5;0;A01
2,016E+11;2;99;0;0;0;0;0;Z01
2,016E+11;1;7;0;4;0;1;0;A01
2,016E+11;1;7;0;0;2;4;0;B01
2,016E+11;1;7;0;0;2;1;0;A01
2,016E+11;2;14;0;0;2;1;2;B01
2,016E+11;2;15;0;0;0;4;0;A01
2,016E+11;1;7;0;0;2;6;1;B01
2,016E+11;1;33;0;0;2;1;1;A01
2,016E+11;2;7;0;4;0;3;2;B01
2,016E+11;2;7;0;0;2;2;2;A01
2,016E+11;1;7;0;3;0;1;0;A01
2,016E+11;2;7;0;3;2;1;2;A01
2,016E+11;2;7;0;0;0;4;0;B01
2,016E+11;1;7;0;0;0;1;0;A01
2,016E+11;1;7;0;0;0;8;0;A01
2,016E+11;1;7;0;0;2;7;1;B01
2,016E+11;1;7;0;4;2;1;11;A01
2,016E+11;1;7;0;0;0;1;0;A01
2,016E+11;1;7;0;0;0;4;0;B01
2,016E+11;2;7;0;3;0;0;0;A01
2,016E+11;1;33;0;0;0;4;0;B01
2,016E+11;1;10;0;0;0;5;0;B01
2,016E+11;1;7;0;0;0;3;0;A01
2,016E+11;1;7;0;0;0;7;0;A01
2,016E+11;1;33;0;0;0;1;1;A01
2,016E+11;1;33;0;0;0;8;0;A01
2,016E+11;1;7;0;0;0;1;0;C01
2,016E+11;1;7;0;0;2;3;0;B01
2,016E+11;1;14;0;0;0;2;0;A01
2,016E+11;1;7;0;0;2;4;17;A01
2,016E+11;1;7;0;0;0;3;1;B01
2,016E+11;2;34;0;0;0;0;3;B01
2,016E+11;2;7;0;0;0;0;11;A01
2,016E+11;1;7;0;0;2;4;0;B01
2,016E+11;1;7;0;0;0;4;0;C01
2,016E+11;1;7;0;0;2;1;0;A01
2,016E+11;1;7;0;0;2;8;11;A01
2,016E+11;1;33;0;0;2;7;1;B01
2,016E+11;1;7;0;0;0;7;0;B01
2,016E+11;1;7;0;0;0;1;0;A01
2,016E+11;2;7;0;0;0;4;2;C01
2,016E+11;2;7;0;0;2;4;2;B01
2,016E+11;2;7;0;0;2;1;2;A01
2,016E+11;2;7;0;0;0;1;1;B01
2,016E+11;2;7;0;0;0;0;0;A01
2,016E+11;1;7;0;0;2;1;0;A01
2,016E+11;1;7;0;0;0;6;0;B01
2,016E+11;1;7;0;0;0;4;0;D01
2,016E+11;1;7;0;0;2;1;0;C01
2,016E+11;1;7;0;0;2;1;2;A01
2,016E+11;1;7;0;0;2;4;1;B01
2,016E+11;1;7;0;0;0;4;1;B01
2,016E+11;1;7;0;0;2;1;1;A01
2,016E+11;1;7;0;0;2;1;2;A01
2,016E+11;1;10;0;0;2;1;2;F01
2,016E+11;1;7;0;0;2;4;2;C01
2,016E+11;1;7;0;0;2;4;0;B01
2,016E+11;1;31;0;0;2;4;2;D01
2,016E+11;1;7;0;0;2;4;2;E02
2,016E+11;2;33;0;0;0;8;0;A01
2,016E+11;1;7;0;0;0;4;2;C01
2,016E+11;1;7;0;0;2;4;2;B01
2,016E+11;1;7;0;0;2;1;2;A01
2,016E+11;1;7;0;0;0;0;0;Z01
2,016E+11;1;7;0;0;0;4;0;A01
2,016E+11;2;17;0;3;0;1;14;A01
2,016E+11;2;10;0;0;2;4;2;B01
2,016E+11;2;7;0;0;2;1;2;A01
2,016E+11;1;10;0;0;2;1;2;A01
2,016E+11;1;7;0;0;0;4;1;B01
2,016E+11;2;17;0;0;2;1;2;A01
2,016E+11;2;17;0;0;2;4;2;B01
2,016E+11;2;17;0;0;2;4;2;C01
2,016E+11;1;17;0;0;2;2;1;B01
2,016E+11;1;7;0;4;2;5;9;A01
2,016E+11;2;7;0;0;2;4;1;B01
2,016E+11;2;7;0;0;2;3;2;A01
2,016E+11;1;7;0;0;2;4;2;B01
2,016E+11;1;7;0;0;2;1;2;A01
2,016E+11;2;33;0;7;2;1;1;A01
2,016E+11;2;7;0;0;2;5;18;B01
2,016E+11;2;7;0;0;2;4;2;B01
2,016E+11;2;7;0;0;2;3;2;A01
2,016E+11;1;7;0;4;0;1;1;A01
2,016E+11;1;7;0;0;2;1;2;A01
2,016E+11;1;7;0;0;2;4;1;B01
2,016E+11;1;7;0;0;2;7;12;A01
2,016E+11;1;33;0;0;2;1;1;B01
2,016E+11;1;7;0;4;0;4;0;A01
2,016E+11;1;7;0;0;0;0;0;Z01
2,016E+11;1;7;0;0;2;1;1;A01
2,016E+11;1;7;0;0;2;6;1;B01
2,016E+11;2;17;0;0;2;7;12;A01
2,016E+11;2;7;0;0;2;8;1;B01
2,016E+11;2;7;0;0;2;4;23;F02
2,016E+11;2;10;0;0;2;4;23;C01
2,016E+11;2;10;0;0;2;4;23;E01
2,016E+11;2;7;0;0;2;4;23;B01
2,016E+11;2;17;0;0;2;2;23;A01
2,016E+11;2;7;0;0;2;4;23;D01
2,016E+11;1;10;0;0;0;5;0;C01
2,016E+11;1;7;0;0;2;3;0;A01
2,016E+11;1;33;0;0;2;7;0;B01
2,016E+11;1;33;0;0;0;1;0;A01
2,016E+11;1;10;0;0;2;5;0;B01
2,016E+11;2;7;0;4;2;6;1;B01
2,016E+11;2;17;0;0;2;2;12;A01
2,016E+11;1;14;0;0;0;0;18;A01
2,016E+11;1;33;0;0;0;0;3;B01
2,016E+11;1;7;0;0;2;2;2;A01
2,016E+11;1;7;0;0;2;4;1;B01
2,016E+11;1;7;0;0;2;7;0;A01
2,016E+11;1;14;0;0;0;3;0;B01
2,016E+11;2;10;0;0;2;0;0;Z01
2,016E+11;2;33;0;0;2;4;1;A01
2,016E+11;1;7;0;0;2;4;2;B01
2,016E+11;1;10;0;0;2;4;2;C01
2,016E+11;1;7;0;0;2;1;2;A01
2,016E+11;1;17;0;0;0;0;0;B01
2,016E+11;1;34;0;0;0;0;0;A01
2,016E+11;1;33;0;0;2;6;1;A01
2,016E+11;1;7;0;0;2;2;14;B01
2,016E+11;1;7;0;0;2;6;1;C01
2,016E+11;1;33;0;0;2;1;3;C01
2,016E+11;1;99;0;0;2;4;23;B01
2,016E+11;1;7;0;0;2;1;2;A01
2,016E+11;1;7;0;0;2;4;1;D01
2,016E+11;1;7;0;0;0;0;0;C01
2,016E+11;1;7;0;0;0;0;0;A01
2,016E+11;1;7;0;0;0;0;0;D01
2,016E+11;1;7;0;0;0;0;0;B01
2,016E+11;2;7;0;3;0;3;1;A01
2,016E+11;2;7;0;3;0;1;2;B01
2,016E+11;1;99;0;0;9;1;1;C01
2,016E+11;1;14;0;0;2;1;2;B01
2,016E+11;1;7;0;0;2;1;2;C01
2,016E+11;1;7;0;0;0;4;2;D01
2,016E+11;1;7;0;0;2;8;9;A01
2,016E+11;2;17;0;0;2;7;1;B01
2,016E+11;2;7;0;3;2;6;0;A01
2,016E+11;2;7;0;0;2;4;23;B01
2,016E+11;2;7;0;0;2;4;23;C01
2,016E+11;2;7;0;0;2;1;2;A01
2,016E+11;2;7;0;0;2;4;23;D01
2,016E+11;2;7;0;7;0;1;1;A01
2,016E+11;2;7;0;0;0;0;0;A01
2,016E+11;2;7;0;0;0;0;0;B01
2,016E+11;1;33;0;0;0;7;1;A01
2,016E+11;2;17;0;0;2;2;12;B01
2,016E+11;2;33;0;0;2;4;1;A01
2,016E+11;2;10;0;0;2;4;23;B01
2,016E+11;2;10;0;0;2;1;2;A01
2,016E+11;2;7;0;0;2;4;23;C01
2,016E+11;1;7;0;4;0;1;1;A01
2,016E+11;2;17;0;0;2;8;1;C01
2,016E+11;2;7;0;0;2;1;11;A01
2,016E+11;2;7;0;0;2;2;1;B01
2,016E+11;2;7;0;0;0;3;0;A01
2,016E+11;1;7;0;0;2;8;1;B01
2,016E+11;1;17;0;0;2;1;12;A01
2,016E+11;2;14;0;0;0;1;12;A01
2,016E+11;2;7;0;0;2;8;1;B01
2,016E+11;2;15;0;0;0;3;0;B01
2,016E+11;2;7;0;0;0;6;0;A01
2,016E+11;1;7;0;0;2;8;0;A01
2,016E+11;1;15;0;0;0;3;0;B01
2,016E+11;2;7;0;0;2;4;23;C01
2,016E+11;2;7;0;0;2;4;2;B01
2,016E+11;2;7;0;0;2;1;2;A01
2,016E+11;2;7;0;0;2;4;23;D01
2,016E+11;1;7;0;0;2;1;14;A01
2,016E+11;1;10;0;0;2;4;23;B01
2,016E+11;1;38;3;0;2;4;1;C01
2,016E+11;1;7;0;0;2;2;13;D01
2,016E+11;1;7;0;0;2;1;1;E01
2,016E+11;1;10;0;0;2;1;1;F02
2,016E+11;1;7;0;0;2;4;1;G02
2,016E+11;1;7;0;0;2;4;0;B01
2,016E+11;1;31;0;0;2;1;3;A01
2,016E+11;2;7;0;0;2;1;2;B01
2,016E+11;2;7;0;0;2;4;0;A01
2,016E+11;2;7;0;0;2;1;2;A01
2,016E+11;2;7;0;0;2;6;2;B01
2,016E+11;2;7;0;0;2;1;1;C01
2,016E+11;2;7;0;4;2;8;11;A01
2,016E+11;2;14;0;0;2;2;1;B01
2,016E+11;1;10;0;0;2;2;14;A01
2,016E+11;1;7;0;0;2;6;23;B01
2,016E+11;1;33;0;0;0;7;0;A01
2,016E+11;1;7;0;0;0;5;0;E01
2,016E+11;2;10;0;0;0;1;0;A01
2,016E+11;1;7;0;0;2;0;0;C01
2,016E+11;1;15;0;0;0;5;0;D01
2,016E+11;1;7;0;0;0;4;0;B01
2,016E+11;1;7;0;4;2;8;9;A01
2,016E+11;1;17;0;0;2;2;1;B01
2,016E+11;1;7;0;0;2;2;14;A01
2,016E+11;1;10;0;0;2;6;1;B01
2,016E+11;1;7;0;0;2;4;1;B01
2,016E+11;1;7;0;0;2;2;2;A01
2,016E+11;2;7;0;0;2;1;2;A01
2,016E+11;2;7;0;0;2;4;23;B01
2,016E+11;2;10;0;0;2;4;23;C01
2,016E+11;1;31;0;0;2;8;3;B01
2,016E+11;1;7;0;0;2;7;12;A01
2,016E+11;2;7;0;4;0;0;0;A01
2,016E+11;1;17;0;0;2;0;0;Z01
2,016E+11;1;7;0;6;2;6;1;A01
2,016E+11;1;7;0;0;2;1;2;B01
2,016E+11;1;10;0;0;0;6;23;A01
2,016E+11;2;7;0;0;0;0;0;Z01
2,016E+11;2;31;0;0;2;4;0;A01
2,016E+11;2;10;0;0;2;1;0;A01
2,016E+11;2;7;0;0;0;4;0;B01
2,016E+11;1;7;0;0;0;4;0;B01
2,016E+11;1;7;0;0;0;1;0;A01
2,016E+11;1;7;0;0;0;4;0;C01
2,016E+11;1;7;0;0;2;5;1;B01
2,016E+11;1;7;0;0;2;1;2;A01
2,016E+11;2;33;0;0;0;0;0;A01
2,016E+11;2;10;0;0;2;1;0;A01
2,016E+11;2;7;0;0;2;4;0;B01
2,016E+11;1;33;0;0;2;8;2;A01
2,016E+11;1;7;0;0;0;5;0;B01
2,016E+11;1;15;0;0;0;8;0;C01
2,016E+11;1;33;0;0;0;8;0;B01
2,016E+11;1;7;0;0;2;2;0;A01
2,016E+11;1;7;0;0;0;1;0;A01
2,016E+11;1;10;0;0;0;4;0;C01
2,016E+11;1;7;0;0;0;1;0;B01
2,016E+11;1;33;0;0;0;7;0;A01
2,016E+11;2;7;0;0;0;1;0;A01
2,016E+11;2;7;0;0;0;4;0;B01
2,016E+11;2;7;0;0;0;4;0;C01
2,016E+11;2;31;0;0;0;1;0;A01
2,016E+11;2;7;0;0;0;4;0;B01
2,016E+11;2;7;0;3;0;0;0;A01