Num_Acc;senc;catv;occutc;obs;obsm;choc;manv;num_veh
2,016E+11;2;7;0;0;0;1;0;B01
2,016E+11;2;33;0;0;0;3;0;A01
2,016E+11;1;7;0;0;0;0;0;B01
2,016E+11;1;7;0;0;0;0;0;A01
2,016E+11;1;7;0;0;0;4;0;B01
2,016E+11;1;7;0;0;0;1;0;A01
2,016E+11;1;7;0;0;0;5;0;C01
2,016E+11;2;7;0;0;0;1;0;B01
2,016E+11;2;17;0;0;0;2;0;A01
2,016E+11;1;15;0;0;2;2;12;A01
2,016E+11;1;7;0;0;2;6;1;B01
2,016E+11;1;7;0;6;0;4;0;B01
2,016E+11;1;15;0;0;2;1;0;A01
2,016E+11;2;7;0;0;2;5;1;B01
2,016E+11;1;7;0;0;2;1;1;A01
2,016E+11;1;7;0;0;2;4;2;B01
2,016E+11;1;10;0;0;2;4;2;C01
2,016E+11;1;7;0;0;2;1;2;A01
2,016E+11;2;10;0;0;2;4;21;B01
2,016E+11;2;7;0;0;2;1;1;A01
2,016E+11;1;7;0;0;2;6;1;A01
2,016E+11;1;17;0;0;2;2;12;B01
2,016E+11;1;15;0;0;2;4;0;C01
2,016E+11;1;7;0;0;0;1;0;A01
2,016E+11;1;7;0;0;0;4;0;B01
2,016E+11;2;7;0;0;2;1;2;A01
2,016E+11;2;7;0;0;2;4;2;C01
2,016E+11;2;7;0;0;2;4;2;B01
2,016E+11;2;7;0;0;2;1;2;D01
2,016E+11;1;7;0;0;0;2;0;B01
2,016E+11;1;15;0;0;0;8;0;C01
2,016E+11;1;10;0;0;2;6;0;A01
2,016E+11;1;10;0;3;0;1;0;A01
2,016E+11;1;10;0;0;2;4;0;B01
2,016E+11;1;7;0;0;0;4;0;D01
2,016E+11;1;7;0;0;0;4;0;C01
2,016E+11;1;7;0;0;2;4;2;C01
2,016E+11;1;7;0;0;2;2;2;D01
2,016E+11;1;7;0;0;2;4;2;B01
2,016E+11;1;7;0;0;2;1;2;A01
2,016E+11;1;15;0;0;2;0;0;A01
2,016E+11;1;33;0;0;0;0;0;C01
2,016E+11;1;7;0;0;0;0;0;B01
2,016E+11;2;7;0;0;2;4;23;B01
2,016E+11;2;7;0;0;2;1;2;A01
2,016E+11;1;7;0;0;0;0;0;B01
2,016E+11;1;15;0;0;0;0;0;A01
2,016E+11;2;7;0;0;0;0;0;A01
2,016E+11;2;7;0;0;2;6;2;D01
2,016E+11;2;7;0;0;0;0;0;B01
2,016E+11;2;7;0;0;0;0;0;C01
2,016E+11;2;7;0;0;0;0;0;A01
2,016E+11;1;7;0;3;2;4;1;A01
2,016E+11;2;7;0;0;2;7;1;B01
2,016E+11;2;33;0;0;2;1;1;C01
2,016E+11;1;10;0;0;0;0;0;B01
2,016E+11;1;7;0;0;0;0;0;A01
2,016E+11;1;7;0;4;2;1;0;A01
2,016E+11;1;33;0;0;2;4;1;B01
2,016E+11;1;7;0;0;2;4;23;B01
2,016E+11;1;7;0;0;2;4;23;C01
2,016E+11;1;7;0;0;2;1;2;E01
2,016E+11;1;7;0;0;2;1;2;A01
2,016E+11;1;7;0;0;2;1;2;D01
2,016E+11;1;7;0;4;2;4;1;B01
2,016E+11;1;17;0;0;2;2;12;A01
2,016E+11;1;7;0;0;2;4;2;C01
2,016E+11;1;7;0;0;2;4;2;B01
2,016E+11;1;7;0;0;2;1;2;A01
2,016E+11;2;7;0;0;2;4;23;B01
2,016E+11;2;7;0;0;2;4;23;C01
2,016E+11;2;7;0;0;2;1;2;A01
2,016E+11;2;7;0;0;2;7;11;A01
2,016E+11;2;31;0;0;2;8;1;B01
2,016E+11;2;7;0;0;2;1;2;A01
2,016E+11;2;7;0;0;2;4;1;B01
2,016E+11;2;7;0;0;2;4;1;C01
2,016E+11;1;7;0;0;2;4;1;B01
2,016E+11;1;7;0;0;2;1;2;A01
2,016E+11;1;7;0;0;2;4;2;C01
2,016E+11;2;7;0;0;2;4;1;A01
2,016E+11;2;7;0;0;2;1;1;B01
2,016E+11;2;7;0;0;2;4;2;B01
2,016E+11;2;7;0;0;9;6;2;C01
2,016E+11;2;7;0;0;2;1;2;A01
2,016E+11;2;7;0;16;0;9;19;A01
2,016E+11;2;7;0;0;2;4;23;D01
2,016E+11;2;7;0;0;2;1;2;A01
2,016E+11;2;7;0;0;2;4;23;B01
2,016E+11;2;7;0;0;2;4;23;E01
2,016E+11;2;7;0;0;2;4;23;C01
2,016E+11;2;7;0;0;2;1;23;B01
2,016E+11;2;17;0;0;2;4;4;A01
2,016E+11;1;7;0;0;2;4;1;B01
2,016E+11;1;7;0;0;2;1;2;A01
2,016E+11;2;7;0;0;2;4;23;B01
2,016E+11;2;7;0;0;2;4;23;C01
2,016E+11;2;10;0;0;2;1;2;A01
2,016E+11;2;17;0;0;2;3;11;A01
2,016E+11;2;7;0;4;2;5;1;B01
2,016E+11;2;7;0;0;2;1;2;A01
2,016E+11;2;7;0;0;2;4;2;B01
2,016E+11;2;7;0;0;2;2;2;A01
2,016E+11;2;10;0;0;2;4;1;B01
2,016E+11;2;31;0;0;0;8;0;A01
2,016E+11;2;7;0;0;0;4;0;B01
2,016E+11;2;7;0;0;0;0;0;A01
2,016E+11;1;7;0;0;0;8;0;B01
2,016E+11;1;7;0;0;2;9;0;A01
2,016E+11;1;7;0;0;0;1;0;C01
2,016E+11;2;17;0;0;2;6;1;B01
2,016E+11;2;10;0;0;2;1;1;A01
2,016E+11;2;7;0;0;2;1;0;A01
2,016E+11;2;7;0;0;2;4;1;B01
2,016E+11;2;7;0;0;0;1;0;A01
2,016E+11;2;7;0;0;0;6;0;B01
2,016E+11;2;7;0;0;0;1;0;A01
2,016E+11;1;7;0;0;0;4;2;C01
2,016E+11;1;7;0;0;2;6;2;A01
2,016E+11;1;7;0;0;2;2;2;B01
2,016E+11;2;7;0;0;2;1;2;A01
2,016E+11;2;7;0;0;2;4;23;B01
2,016E+11;2;33;0;0;0;8;0;A01
2,016E+11;2;33;0;0;0;7;0;A01
2,016E+11;2;7;0;0;0;0;0;A01
2,016E+11;2;7;0;0;0;0;0;B01
2,016E+11;2;7;0;0;2;4;2;C01
2,016E+11;2;7;0;0;2;4;2;B01
2,016E+11;2;7;0;0;2;1;2;A01
2,016E+11;1;7;0;0;0;7;0;A01
2,016E+11;2;33;0;4;0;1;1;A01
2,016E+11;2;17;0;0;2;2;0;A01
2,016E+11;2;7;0;0;2;4;0;B01
2,016E+11;2;7;0;0;2;5;0;C01
2,016E+11;2;7;0;0;2;1;0;D01
2,016E+11;2;7;0;0;0;1;0;B01
2,016E+11;2;7;0;0;0;1;0;A01
2,016E+11;2;14;0;0;2;4;23;B01
2,016E+11;2;7;0;0;2;1;13;A01
2,016E+11;2;7;0;0;2;1;2;C01
2,016E+11;2;7;0;0;2;1;2;D01
2,016E+11;1;7;0;0;0;4;0;B01
2,016E+11;1;7;0;0;0;1;0;A01
2,016E+11;2;7;0;0;0;1;1;A01
2,016E+11;2;7;0;0;0;4;0;B01
2,016E+11;2;7;0;0;2;8;9;A01
2,016E+11;2;17;0;0;2;2;1;B01
2,016E+11;2;15;0;0;0;0;0;B01
2,016E+11;2;7;0;0;0;0;0;A01
2,016E+11;2;7;0;0;2;8;11;A01
2,016E+11;2;33;0;0;2;7;3;B01
2,016E+11;1;7;0;0;0;0;0;A01
2,016E+11;1;7;0;0;0;0;0;C01
2,016E+11;1;33;0;0;0;1;0;B01
2,016E+11;1;7;0;0;2;1;1;A01
2,016E+11;1;7;0;0;2;4;1;B01
2,016E+11;2;33;0;13;0;0;1;A01
2,016E+11;2;7;0;3;2;6;1;B01
2,016E+11;2;7;0;0;2;1;14;A01
2,016E+11;2;7;0;0;2;4;23;B01
2,016E+11;2;7;0;0;2;4;23;C01
2,016E+11;2;7;0;0;2;1;2;A01
2,016E+11;2;10;0;0;2;4;2;C01
2,016E+11;2;7;0;0;2;1;2;A01
2,016E+11;2;7;0;0;2;4;2;B01
2,016E+11;1;14;0;0;2;2;12;A01
2,016E+11;1;7;0;0;2;8;1;B01
2,016E+11;2;7;0;0;2;1;1;C01
2,016E+11;2;7;0;0;2;1;2;A01
2,016E+11;2;7;0;0;2;4;1;B01
2,016E+11;2;7;0;3;2;8;0;B01
2,016E+11;2;17;0;0;2;2;0;A01
2,016E+11;1;7;0;0;2;4;23;B01
2,016E+11;1;7;0;0;2;1;2;A01
2,016E+11;1;7;0;0;2;1;14;A01
2,016E+11;1;17;0;0;2;6;1;B01
2,016E+11;2;31;0;3;0;0;11;A01
2,016E+11;1;7;0;0;0;0;0;A01
2,016E+11;1;7;0;7;0;1;13;A01
2,016E+11;2;17;0;0;2;2;12;A01
2,016E+11;2;7;0;3;2;6;1;B01
2,016E+11;2;33;0;0;9;1;1;B01
2,016E+11;2;7;0;0;0;0;1;A01
2,016E+11;1;7;0;0;2;8;11;A01
2,016E+11;1;33;0;0;2;1;3;B01
2,016E+11;2;7;0;0;2;5;2;B01
2,016E+11;2;10;0;0;2;1;2;A01
2,016E+11;2;7;0;0;2;1;2;Z01
2,016E+11;2;7;0;0;2;4;1;A01
2,016E+11;2;33;0;0;0;9;0;A01
2,016E+11;2;7;0;0;0;5;0;B01
2,016E+11;2;7;0;0;0;1;0;A01
2,016E+11;1;15;0;0;0;5;0;B01
2,016E+11;1;7;0;0;0;1;0;A01
2,016E+11;1;33;0;0;0;9;0;B01
2,016E+11;1;7;0;0;0;0;0;Z01
2,016E+11;2;7;0;0;0;4;0;A01
2,016E+11;2;34;0;0;0;1;0;B01
2,016E+11;1;31;0;0;0;1;0;A01
2,016E+11;2;15;0;0;2;6;13;A01
2,016E+11;2;10;0;0;2;2;1;B01
2,016E+11;1;10;0;0;2;1;1;C01
2,016E+11;1;7;0;0;2;8;1;B01
2,016E+11;1;17;0;0;2;2;14;A01
2,016E+11;1;7;0;0;2;1;2;A01
2,016E+11;1;7;0;0;2;4;2;B01
2,016E+11;2;7;0;0;0;1;0;A01
2,016E+11;2;7;0;0;0;4;0;B01
2,016E+11;2;7;0;0;0;4;0;B01
2,016E+11;2;7;0;0;0;0;0;A01
2,016E+11;2;7;0;0;2;8;11;A01
2,016E+11;2;31;0;0;0;0;3;B01
2,016E+11;1;7;0;0;0;6;0;B01
2,016E+11;1;17;0;0;2;2;1;A01
2,016E+11;1;14;0;0;0;2;0;A01
2,016E+11;1;7;0;0;0;8;1;B01
2,016E+11;2;7;0;0;0;4;0;D01
2,016E+11;2;7;0;0;0;1;0;A01
2,016E+11;2;7;0;0;0;1;0;B01
2,016E+11;2;7;0;0;0;0;0;C01
2,016E+11;2;33;0;0;2;1;2;A01
2,016E+11;2;7;0;0;2;6;2;B01
2,016E+11;2;7;0;0;0;0;0;B01
2,016E+11;2;7;0;0;0;1;0;A01
2,016E+11;1;7;0;4;0;1;13;A01
2,016E+11;1;7;0;0;0;1;0;A01
2,016E+11;1;7;0;0;0;5;0;C01
2,016E+11;1;7;0;0;0;4;0;B01
2,016E+11;2;7;0;0;2;1;2;A01
2,016E+11;2;7;0;0;2;4;23;D01
2,016E+11;2;7;0;0;2;4;23;C01
2,016E+11;2;7;0;0;2;4;2;B01
2,016E+11;2;7;0;0;0;1;0;C01
2,016E+11;2;33;0;0;0;7;0;D01
2,016E+11;2;7;0;0;0;1;0;B01
2,016E+11;2;7;0;0;0;1;0;A01
2,016E+11;2;7;0;0;0;4;0;E01
2,016E+11;1;7;0;0;0;1;0;B01
2,016E+11;1;7;0;0;0;0;0;D01
2,016E+11;1;7;0;0;0;0;0;C01
2,016E+11;1;33;0;0;0;0;0;A01
2,016E+11;2;7;0;0;0;0;0;A01
2,016E+11;2;7;0;0;0;4;0;B01
2,016E+11;1;7;0;0;0;9;0;A01
2,016E+11;1;7;0;0;2;4;1;A01
2,016E+11;1;7;0;0;2;0;2;Z01
2,016E+11;1;7;0;3;2;6;1;B01
2,016E+11;1;17;0;0;2;2;14;A01
2,016E+11;1;7;0;0;0;1;0;A01
2,016E+11;1;7;0;0;0;4;0;C01
2,016E+11;1;15;0;0;0;3;0;B01
2,016E+11;1;15;0;0;0;1;0;A01
2,016E+11;1;7;0;0;0;4;0;B01
2,016E+11;1;7;0;0;0;4;0;D01
2,016E+11;1;7;0;0;0;0;0;C01
2,016E+11;2;33;0;0;0;9;0;B01
2,016E+11;2;7;0;0;0;0;0;A01
2,016E+11;2;33;0;0;0;1;0;A01
2,016E+11;2;7;0;0;2;1;13;A01
2,016E+11;2;7;0;0;2;6;14;B01
2,016E+11;2;17;0;0;2;2;14;A01
2,016E+11;2;7;0;0;2;6;1;B01
2,016E+11;1;15;0;0;0;8;0;D01
2,016E+11;1;7;0;0;0;8;0;A01
2,016E+11;1;7;0;0;0;5;0;C01
2,016E+11;1;31;0;0;0;9;0;B01
2,016E+11;1;7;0;0;0;2;0;A01
2,016E+11;1;33;0;0;0;8;0;B01
2,016E+11;1;7;0;0;0;1;0;A01
2,016E+11;1;7;0;0;0;1;0;A01
2,016E+11;1;7;0;0;0;1;0;A01
2,016E+11;2;7;0;7;0;1;13;A01
2,016E+11;1;7;0;0;0;5;0;C01
2,016E+11;1;10;0;0;0;3;0;B01
2,016E+11;1;31;0;0;0;8;0;A01
2,016E+11;2;7;0;0;0;9;0;A01
2,016E+11;2;7;0;0;0;8;0;A01
2,016E+11;1;7;0;0;0;6;1;C01
2,016E+11;1;7;0;0;2;2;1;B01
2,016E+11;1;7;0;0;2;8;13;A01
2,016E+11;2;7;0;0;0;3;0;A01
2,016E+11;2;33;0;0;0;9;0;B01
2,016E+11;1;10;0;0;0;4;0;B01
2,016E+11;1;7;0;0;0;1;0;A01
2,016E+11;2;7;0;0;2;4;2;B01
2,016E+11;2;7;0;0;2;5;2;D01
2,016E+11;2;10;0;0;2;4;2;C01
2,016E+11;2;14;0;0;2;1;2;A01
2,016E+11;2;7;0;0;2;6;2;E01
2,016E+11;2;7;0;0;2;6;0;B01
2,016E+11;2;7;0;0;2;1;0;A01
2,016E+11;1;31;0;0;0;7;0;A01
2,016E+11;1;33;0;0;2;1;3;B01
2,016E+11;1;7;0;0;2;6;13;A01
2,016E+11;1;14;0;0;2;2;12;A01
2,016E+11;1;7;0;4;2;8;1;B01
2,016E+11;1;15;0;0;2;5;23;B01
2,016E+11;1;7;0;0;2;1;2;A01
2,016E+11;2;7;0;0;0;1;0;A01
2,016E+11;1;15;0;0;0;3;0;A01
2,016E+11;1;7;0;0;0;8;0;B01
2,016E+11;2;7;0;0;2;1;2;Z01
2,016E+11;1;7;0;0;0;4;2;A01
2,016E+11;2;15;0;0;0;2;0;B01
2,016E+11;2;7;0;0;0;2;0;A01
2,016E+11;1;7;0;0;0;0;0;B01
2,016E+11;1;31;0;0;0;7;0;A01
2,016E+11;1;7;0;0;0;0;0;C01
2,016E+11;1;7;0;0;0;1;0;A01
2,016E+11;1;33;0;0;0;3;0;A01
2,016E+11;1;7;0;0;0;7;0;B01
2,016E+11;2;7;0;0;0;4;0;B01
2,016E+11;2;10;0;0;0;0;0;A01
2,016E+11;1;7;0;0;2;4;0;C01
2,016E+11;1;7;0;0;0;1;0;A01
2,016E+11;1;7;0;0;0;3;0;C01
2,016E+11;1;7;0;0;0;4;0;B01
2,016E+11;1;7;0;0;0;4;0;B01
2,016E+11;2;7;0;0;0;1;0;A01
2,016E+11;2;34;0;0;2;8;1;B01
2,016E+11;2;7;0;0;2;5;14;A01
2,016E+11;1;7;0;0;0;4;0;D01
2,016E+11;1;7;0;0;0;1;0;B01
2,016E+11;1;7;0;0;0;1;0;C01
2,016E+11;1;7;0;0;0;1;0;A01
2,016E+11;2;7;0;0;0;6;0;B01
2,016E+11;2;32;0;0;2;1;0;A01
2,016E+11;1;7;0;0;2;4;23;C01
2,016E+11;1;7;0;0;0;4;0;B01
2,016E+11;1;10;0;0;0;1;0;A01
2,016E+11;1;10;0;0;2;4;23;D01
2,016E+11;1;7;0;0;0;4;0;B01
2,016E+11;1;7;0;0;0;7;0;A01
2,016E+11;1;7;0;0;0;0;0;C01
2,016E+11;1;7;0;0;0;1;0;A01
2,016E+11;1;7;0;0;2;4;0;B01
2,016E+11;2;7;0;0;0;1;0;A01
2,016E+11;2;7;0;0;0;4;0;C01
2,016E+11;2;7;0;0;0;1;0;B01
2,016E+11;2;7;0;0;2;4;1;B01
2,016E+11;2;33;0;0;2;1;2;A01
2,016E+11;2;7;0;0;2;4;23;B01
2,016E+11;2;7;0;0;2;1;2;A01
2,016E+11;2;7;0;0;2;1;2;A01
2,016E+11;2;7;0;0;2;5;2;B01
2,016E+11;1;7;0;0;2;1;1;A01
2,016E+11;1;7;0;0;2;4;23;B01
2,016E+11;1;33;0;0;0;0;0;B01
2,016E+11;1;7;0;0;0;0;13;A01
2,016E+11;1;7;0;0;2;3;13;A01
2,016E+11;1;31;0;0;2;1;3;B01
2,016E+11;2;7;0;0;2;2;12;A01
2,016E+11;2;33;0;0;2;3;3;B01
2,016E+11;2;7;0;0;2;3;1;C01
2,016E+11;1;7;0;0;0;1;0;A01
2,016E+11;1;7;0;0;0;4;0;B01
2,016E+11;2;7;0;0;0;0;0;A01
2,016E+11;2;7;0;0;0;4;0;B01
2,016E+11;2;17;0;0;2;1;1;B01
2,016E+11;2;7;0;3;2;4;12;A01
2,016E+11;1;7;0;0;0;4;0;C01
2,016E+11;1;7;0;0;0;0;0;E01
2,016E+11;1;7;0;0;0;1;0;B01
2,016E+11;1;7;0;0;0;0;0;F01
2,016E+11;1;7;0;0;0;1;0;D01
2,016E+11;1;7;0;0;0;0;0;G02
2,016E+11;2;33;0;0;0;0;0;B01
2,016E+11;2;33;0;0;2;1;3;A01
2,016E+11;2;7;0;0;0;0;0;C01
2,016E+11;2;7;0;0;2;4;1;B01
2,016E+11;2;7;0;0;2;1;2;A01
2,016E+11;2;7;0;0;2;4;2;C01
2,016E+11;1;15;0;0;2;4;1;B01
2,016E+11;1;7;0;0;0;4;1;A01
2,016E+11;1;7;0;3;2;4;1;B01
2,016E+11;1;10;0;0;2;2;2;A01
2,016E+11;2;10;0;0;2;1;2;A01
2,016E+11;2;7;0;0;2;4;23;B01
2,016E+11;2;10;0;0;2;4;23;D01
2,016E+11;2;7;0;0;2;4;23;C01
2,016E+11;1;33;0;0;2;8;3;B01
2,016E+11;1;10;0;0;2;2;12;A01
2,016E+11;2;17;0;0;2;8;1;C01
2,016E+11;2;7;0;3;2;1;1;B01
2,016E+11;2;7;0;0;5;1;21;A01
2,016E+11;2;7;0;0;0;1;0;A01
2,016E+11;2;7;0;0;0;4;0;C01
2,016E+11;2;7;0;0;0;1;0;B01
2,016E+11;2;7;0;0;2;1;2;A01
2,016E+11;2;7;0;0;2;4;2;B01
2,016E+11;1;15;0;0;0;0;0;A01
2,016E+11;1;7;0;0;0;4;0;B01
2,016E+11;2;7;0;3;0;1;1;A01
2,016E+11;1;7;0;0;0;4;0;B01
2,016E+11;1;7;0;0;0;1;0;A01
2,016E+11;2;33;0;0;0;8;2;A01
2,016E+11;1;7;0;3;2;0;0;A01
2,016E+11;1;17;0;0;2;0;0;B01
2,016E+11;1;17;0;0;2;0;0;C01
2,016E+11;1;7;0;13;0;2;1;A01
2,016E+11;2;7;0;0;0;9;1;A01
2,016E+11;1;7;0;3;2;4;13;A01
2,016E+11;1;14;0;0;2;1;0;B01
2,016E+11;1;10;0;0;2;7;1;C01
2,016E+11;2;17;0;0;2;4;2;A01
2,016E+11;2;7;0;0;2;1;2;B01
2,016E+11;1;7;0;4;0;1;1;A01
2,016E+11;2;7;0;0;2;4;2;A01
2,016E+11;2;7;0;0;2;4;2;B01
2,016E+11;2;7;0;0;2;1;2;C01
2,016E+11;2;7;0;0;2;5;1;A01
2,016E+11;2;33;0;0;2;1;1;B01
2,016E+11;1;7;0;0;2;6;1;A01
2,016E+11;1;17;0;0;2;2;12;B01
2,016E+11;1;7;0;0;2;6;1;A01
2,016E+11;1;7;0;3;2;2;12;B01
2,016E+11;2;99;0;0;2;4;2;A01
2,016E+11;2;7;0;0;2;4;2;B01
2,016E+11;2;7;0;0;2;1;2;C01
2,016E+11;1;7;0;0;2;4;23;A01
2,016E+11;1;7;0;0;2;1;0;B01
2,016E+11;1;7;0;0;2;4;2;A01
2,016E+11;1;7;0;0;2;1;2;B01
2,016E+11;1;7;0;0;2;0;0;C01
2,016E+11;1;7;0;0;2;4;2;A01
2,016E+11;1;7;0;0;2;1;2;B01
2,016E+11;1;10;0;0;2;1;2;C01
2,016E+11;1;7;0;13;0;1;14;A01
2,016E+11;2;7;0;0;2;4;23;A01
2,016E+11;2;7;0;0;2;4;23;B01
2,016E+11;2;7;0;0;2;4;23;C01
2,016E+11;2;7;0;0;2;1;2;D01
2,016E+11;2;7;0;0;2;4;2;A01
2,016E+11;2;7;0;0;2;4;2;B01
2,016E+11;2;10;0;0;2;1;2;C01
2,016E+11;2;10;0;0;2;4;23;A01
2,016E+11;2;7;0;0;2;4;2;B01
2,016E+11;2;10;0;0;2;1;2;C01
2,016E+11;1;7;0;7;0;8;1;A01
2,016E+11;2;7;0;0;2;4;23;A01
2,016E+11;2;7;0;0;2;1;2;B01
2,016E+11;2;7;0;0;2;6;1;A01
2,016E+11;2;15;0;0;2;2;12;B01
2,016E+11;2;7;0;0;2;5;2;A01
2,016E+11;1;7;0;0;2;1;2;B01
2,016E+11;2;7;0;0;2;8;9;A01
2,016E+11;2;17;0;0;2;2;1;B01
2,016E+11;2;7;0;3;2;2;1;C01
2,016E+11;2;7;0;0;2;4;0;A01
2,016E+11;2;7;0;0;2;1;0;B01
2,016E+11;2;7;0;0;2;1;0;C01
2,016E+11;2;7;0;0;0;0;12;A01
2,016E+11;2;33;0;0;0;0;21;B01
2,016E+11;2;33;0;0;0;0;2;A01
2,016E+11;1;7;0;0;2;6;1;A01
2,016E+11;1;17;0;0;2;2;12;B01
2,016E+11;2;31;0;0;0;1;1;A01
2,016E+11;2;10;0;0;2;6;11;A01
2,016E+11;2;15;0;0;2;2;1;B01
2,016E+11;2;10;0;4;0;0;1;A01
2,016E+11;2;7;0;13;0;1;17;A01
2,016E+11;1;33;0;0;0;0;1;A01
2,016E+11;1;7;0;0;2;4;2;A01
2,016E+11;1;7;0;0;2;4;2;B01
2,016E+11;1;7;0;0;2;4;2;C01
2,016E+11;1;7;0;0;2;1;1;D01
2,016E+11;1;33;0;0;0;7;1;A01
2,016E+11;1;7;0;0;9;6;1;A01
2,016E+11;2;14;0;0;2;2;12;B01
2,016E+11;1;7;0;0;2;4;1;A01
2,016E+11;1;7;0;0;2;4;2;B01
2,016E+11;1;10;0;0;2;1;2;C01
2,016E+11;1;7;0;0;2;4;2;A01
2,016E+11;1;7;0;0;2;1;2;B01
2,016E+11;1;33;0;0;2;7;3;A01
2,016E+11;1;33;0;0;2;8;11;B01
2,016E+11;1;7;0;0;2;7;1;C01
2,016E+11;2;7;0;4;2;6;2;A01
2,016E+11;2;7;0;0;2;2;2;B01
2,016E+11;2;7;0;0;2;4;1;A01
2,016E+11;2;7;0;0;2;0;0;B01
2,016E+11;2;7;0;0;2;4;1;C01
2,016E+11;1;10;0;0;2;3;1;A01
2,016E+11;1;7;0;0;2;2;0;B01
2,016E+11;1;7;0;0;2;0;0;C01
2,016E+11;1;7;0;0;2;0;0;D01
2,016E+11;1;7;0;0;2;4;2;E01
2,016E+11;1;7;0;0;2;0;0;F01
2,016E+11;1;7;0;0;2;1;2;G01
2,016E+11;1;7;0;0;2;4;0;A02
2,016E+11;1;7;0;0;2;4;2;B02
2,016E+11;2;7;0;0;2;4;23;A01
2,016E+11;2;7;0;0;2;1;1;B01
2,016E+11;2;7;0;0;0;0;0;T01
2,016E+11;2;7;0;13;9;9;14;A01
2,016E+11;2;7;0;0;2;3;11;A01
2,016E+11;2;33;0;0;2;7;1;B01
2,016E+11;1;10;0;4;0;1;1;A01
2,016E+11;1;7;0;0;2;4;23;A01
2,016E+11;1;7;0;0;2;4;23;B01
2,016E+11;1;15;0;0;2;1;2;C01
2,016E+11;2;7;0;0;2;4;23;A01
2,016E+11;2;7;0;0;2;3;1;B01
2,016E+11;2;7;0;4;0;1;1;A01
2,016E+11;1;7;0;0;2;4;1;A01
2,016E+11;1;10;0;0;2;1;2;B01
2,016E+11;1;7;0;3;0;8;0;A01
2,016E+11;2;7;0;0;2;4;2;A01
2,016E+11;2;7;0;0;2;4;2;B01
2,016E+11;2;7;0;0;2;4;2;C01
2,016E+11;2;7;0;0;2;4;2;D01
2,016E+11;2;7;0;0;2;1;1;E01
2,016E+11;2;10;0;0;2;4;2;A01
2,016E+11;2;7;0;0;2;4;2;B01
2,016E+11;2;7;0;0;2;1;2;C01
2,016E+11;1;14;0;0;2;4;2;A01
2,016E+11;1;14;0;0;2;4;2;B01
2,016E+11;2;7;0;0;2;5;0;A01
2,016E+11;2;7;0;0;2;0;0;B01
2,016E+11;2;7;0;0;2;4;2;A01
2,016E+11;2;7;0;0;2;4;1;B01
2,016E+11;2;7;0;0;2;1;12;C01
2,016E+11;2;7;0;0;2;4;1;A01
2,016E+11;2;7;0;0;2;1;1;D01
2,016E+11;2;7;0;0;2;4;1;C01
2,016E+11;2;7;0;0;2;4;1;B01
2,016E+11;1;7;0;5;2;3;5;A01
2,016E+11;2;7;0;3;2;3;2;B01
2,016E+11;1;7;0;0;2;1;2;C01
2,016E+11;1;7;0;0;2;4;23;B01
2,016E+11;1;7;0;0;2;4;23;A01
2,016E+11;2;7;0;0;2;1;12;A01
2,016E+11;2;7;0;0;0;6;1;B01
2,016E+11;2;10;0;0;0;0;0;Z01
2,016E+11;2;7;0;0;2;8;2;A01
2,016E+11;1;7;0;0;2;1;2;A01
2,016E+11;1;7;0;0;2;4;2;B01
2,016E+11;2;7;0;0;2;1;2;A01
2,016E+11;2;7;0;0;2;4;0;C01
2,016E+11;2;7;0;0;2;4;2;B01
2,016E+11;1;7;0;0;2;4;2;B01
2,016E+11;1;7;0;0;2;1;2;A01
2,016E+11;1;7;0;0;2;4;2;C01
2,016E+11;1;10;0;0;2;4;1;B01
2,016E+11;1;10;0;3;2;1;11;A01
2,016E+11;1;7;0;0;1;3;1;A01
2,016E+11;2;7;0;0;2;5;2;E01
2,016E+11;2;7;0;0;2;4;2;C01
2,016E+11;2;10;0;0;2;3;2;D02
2,016E+11;2;7;0;0;2;4;2;F01
2,016E+11;1;7;0;0;2;4;2;B01
2,016E+11;2;7;0;0;2;2;2;A01
2,016E+11;1;7;0;0;0;0;0;B01
2,016E+11;1;7;0;0;2;8;1;A01
2,016E+11;1;10;0;0;2;8;11;A01
2,016E+11;1;17;0;0;2;1;2;B01
2,016E+11;1;10;0;0;2;4;2;C01
2,016E+11;2;7;0;0;2;8;0;B01
2,016E+11;2;15;0;0;2;2;12;A01
2,016E+11;2;7;0;0;2;4;2;D01
2,016E+11;2;7;0;0;2;1;2;A01
2,016E+11;2;7;0;0;2;4;2;C01
2,016E+11;2;7;0;0;2;4;2;B01
2,016E+11;2;7;0;0;2;4;2;E01
2,016E+11;1;7;0;0;2;1;2;A01
2,016E+11;1;7;0;0;2;4;2;B01
2,016E+11;1;7;0;0;2;4;2;C01
2,016E+11;2;7;0;0;0;4;2;B01
2,016E+11;2;7;0;0;2;1;2;A01
2,016E+11;2;7;0;0;2;1;2;D01
2,016E+11;2;7;0;0;2;4;2;B01
2,016E+11;2;7;0;0;2;4;2;C01
2,016E+11;2;7;0;0;2;1;2;A01
2,016E+11;2;7;0;3;0;2;14;A01
2,016E+11;1;10;0;3;0;3;13;A01
2,016E+11;2;31;0;3;0;7;1;A01
2,016E+11;2;7;0;0;2;6;2;B01
2,016E+11;2;7;0;0;9;5;2;C01
2,016E+11;2;7;0;0;2;2;2;A01
2,016E+11;2;10;0;0;2;2;2;A01
2,016E+11;2;7;0;0;2;1;1;C01
2,016E+11;2;10;0;0;2;6;1;B01
2,016E+11;1;7;0;0;2;1;2;A01