Num_Acc;senc;catv;occutc;obs;obsm;choc;manv;num_veh
2,016E+11;1;7;0;0;2;4;2;B01
2,016E+11;2;7;0;0;2;4;2;C01
2,016E+11;2;7;0;0;2;3;2;A01
2,016E+11;2;7;0;0;2;5;2;B01
2,016E+11;2;7;0;0;2;8;1;B01
2,016E+11;2;15;0;0;2;2;17;A01
2,016E+11;2;7;0;3;0;1;13;A01
2,016E+11;2;7;0;0;2;4;2;B01
2,016E+11;2;10;0;0;2;1;2;A01
2,016E+11;2;7;0;0;2;1;2;A01
2,016E+11;2;7;0;0;2;4;2;C01
2,016E+11;2;7;0;0;2;4;2;B01
2,016E+11;1;33;0;0;0;8;2;A01
2,016E+11;2;7;0;0;2;4;2;A01
2,016E+11;2;7;0;0;2;1;5;B01
2,016E+11;2;7;0;0;2;1;5;A01
2,016E+11;1;7;0;0;2;8;2;B01
2,016E+11;1;7;0;3;0;7;2;A01
2,016E+11;1;7;0;14;0;1;2;A01
2,016E+11;1;7;0;0;2;4;23;B01
2,016E+11;2;7;0;0;2;8;0;B01
2,016E+11;2;15;0;0;2;2;1;A01
2,016E+11;2;7;0;0;2;8;2;B01
2,016E+11;2;15;0;0;2;7;12;A01
2,016E+11;2;10;0;0;2;6;23;B01
2,016E+11;2;7;0;14;0;1;13;A01
2,016E+11;2;15;0;0;1;2;0;A01
2,016E+11;1;7;0;0;2;8;11;B01
2,016E+11;1;7;0;0;2;2;1;A01
2,016E+11;2;15;0;0;1;3;11;A01
2,016E+11;1;7;0;4;2;2;2;A01
2,016E+11;1;15;0;0;2;2;12;B01
2,016E+11;2;7;0;11;0;1;6;A01
2,016E+11;1;10;0;0;2;1;2;A01
2,016E+11;1;7;0;0;2;4;2;B01
2,016E+11;1;7;0;0;2;3;0;A01
2,016E+11;1;7;0;0;2;0;0;Z01
2,016E+11;2;7;0;0;2;7;3;A01
2,016E+11;2;7;0;0;2;5;1;C01
2,016E+11;2;10;0;0;2;6;2;E01
2,016E+11;2;7;0;0;2;4;1;D01
2,016E+11;2;15;0;0;2;8;1;B01
2,016E+11;1;7;0;0;2;2;13;A01
2,016E+11;1;15;0;0;2;6;1;B01
2,016E+11;1;7;0;3;0;1;13;A01
2,016E+11;1;33;0;0;2;4;2;B01
2,016E+11;1;7;0;0;2;2;2;A01
2,016E+11;1;15;0;3;0;1;13;A01
2,016E+11;1;7;0;0;2;4;1;B01
2,016E+11;1;7;0;0;2;1;14;A01
2,016E+11;2;7;0;0;2;4;2;B01
2,016E+11;2;7;0;0;2;1;2;A01
2,016E+11;1;7;0;0;2;5;2;B01
2,016E+11;1;7;0;4;2;4;1;C01
2,016E+11;1;7;0;0;2;3;14;A01
2,016E+11;2;7;0;0;2;1;2;A01
2,016E+11;2;7;0;0;2;4;2;B01
2,016E+11;1;10;0;0;2;9;14;A01
2,016E+11;1;10;0;0;2;8;1;B01
2,016E+11;2;7;0;3;0;1;16;A01
2,016E+11;1;7;0;0;2;4;23;C01
2,016E+11;1;7;0;0;2;2;17;D01
2,016E+11;1;7;0;0;2;4;23;B01
2,016E+11;1;7;0;0;2;2;15;A01
2,016E+11;1;7;0;0;2;1;2;A01
2,016E+11;1;7;0;0;2;4;2;B01
2,016E+11;1;7;0;0;2;4;2;C01
2,016E+11;1;33;0;0;0;8;17;A01
2,016E+11;2;7;0;0;2;4;1;B01
2,016E+11;2;7;0;0;2;1;2;A01
2,016E+11;2;15;0;0;2;2;17;A01
2,016E+11;2;7;0;3;2;6;1;B01
2,016E+11;1;7;0;0;2;4;2;C01
2,016E+11;1;7;0;0;2;4;2;A01
2,016E+11;1;7;0;0;2;4;2;B01
2,016E+11;2;7;0;0;0;6;1;B01
2,016E+11;1;7;0;0;2;3;13;A01
2,016E+11;2;7;0;0;0;0;0;C01
2,016E+11;1;33;0;0;2;1;3;A01
2,016E+11;1;7;0;0;2;7;12;B01
2,016E+11;1;7;0;0;2;3;10;A01
2,016E+11;1;34;0;0;2;1;0;B01
2,016E+11;1;33;0;0;2;8;1;B01
2,016E+11;1;7;0;0;2;7;12;A01
2,016E+11;1;7;0;0;2;7;1;B01
2,016E+11;1;7;0;0;2;8;11;A01
2,016E+11;2;14;0;0;2;2;12;A01
2,016E+11;2;7;0;0;2;6;1;B01
2,016E+11;2;33;0;0;2;1;3;B01
2,016E+11;2;7;0;0;2;4;1;C01
2,016E+11;2;7;0;0;2;8;1;A01
2,016E+11;2;10;0;0;2;8;1;B01
2,016E+11;2;14;0;0;2;2;12;A01
2,016E+11;2;33;0;0;2;1;12;A01
2,016E+11;2;15;0;0;2;5;2;B01
2,016E+11;2;7;0;14;0;2;2;B01
2,016E+11;2;7;0;0;2;7;0;A01
2,016E+11;1;7;0;0;2;1;2;A01
2,016E+11;1;7;0;0;2;4;2;B01
2,016E+11;1;15;0;0;2;4;2;C01
2,016E+11;1;7;0;0;2;4;2;B01
2,016E+11;1;10;0;0;2;4;2;D01
2,016E+11;1;15;0;0;2;1;2;A01
2,016E+11;1;7;0;3;0;3;13;A01
2,016E+11;1;7;0;0;2;1;2;B01
2,016E+11;1;7;0;3;2;4;2;A01
2,016E+11;1;7;0;3;2;3;12;C01
2,016E+11;1;7;0;16;0;0;12;A01
2,016E+11;1;10;0;0;2;1;2;C01
2,016E+11;1;7;0;0;2;4;2;B01
2,016E+11;2;7;0;0;2;1;2;A01
2,016E+11;2;7;0;0;2;4;2;B01
2,016E+11;1;7;0;0;2;1;2;A01
2,016E+11;1;7;0;0;2;4;2;D01
2,016E+11;1;7;0;0;2;4;2;B01
2,016E+11;1;7;0;0;2;4;2;C01
2,016E+11;1;15;0;3;0;7;0;A01
2,016E+11;2;7;0;6;2;0;17;B01
2,016E+11;2;7;0;6;2;0;1;A01
2,016E+11;1;7;0;0;2;1;2;Z01
2,016E+11;1;7;0;0;2;4;2;B01
2,016E+11;1;7;0;0;2;4;2;B01
2,016E+11;1;7;0;14;0;1;2;A01
2,016E+11;1;7;0;0;2;4;2;A01
2,016E+11;1;15;0;0;2;6;2;B01
2,016E+11;2;7;0;13;0;7;14;A01
2,016E+11;1;7;0;1;1;1;2;A01
2,016E+11;1;7;0;0;2;6;2;C01
2,016E+11;1;7;0;0;2;4;2;B01
2,016E+11;1;7;0;0;2;1;2;A01
2,016E+11;1;14;0;0;2;3;1;B01
2,016E+11;1;15;0;0;2;1;2;C01
2,016E+11;1;7;0;0;2;5;13;A01
2,016E+11;2;7;0;3;2;8;1;B01
2,016E+11;2;7;0;0;2;2;11;A01
2,016E+11;2;7;0;4;0;3;1;A01
2,016E+11;2;7;0;0;0;9;0;A01
2,016E+11;1;7;0;0;2;4;0;C01
2,016E+11;1;7;0;0;2;1;9;A01
2,016E+11;1;7;0;0;2;4;0;B01
2,016E+11;2;7;0;0;2;4;2;B01
2,016E+11;2;7;0;0;2;1;2;A01
2,016E+11;2;7;0;0;0;4;2;C01
2,016E+11;1;7;0;4;2;2;2;A01
2,016E+11;1;7;0;4;2;4;2;B01
2,016E+11;1;7;0;0;2;7;11;A01
2,016E+11;1;7;0;0;0;4;1;B01
2,016E+11;2;7;0;0;2;4;2;B01
2,016E+11;2;7;0;0;2;1;2;A01
2,016E+11;1;33;0;2;0;9;1;A01
2,016E+11;2;7;0;4;2;2;19;A01
2,016E+11;2;7;0;0;2;4;1;B01
2,016E+11;1;7;0;0;9;6;23;B01
2,016E+11;1;7;0;1;0;2;21;A01
2,016E+11;2;33;0;0;0;0;0;A01
2,016E+11;2;99;0;0;0;0;0;Z01
2,016E+11;1;10;0;0;2;1;2;A01
2,016E+11;1;7;0;0;2;4;1;B01
2,016E+11;1;7;0;0;2;1;2;A01
2,016E+11;1;7;0;0;2;4;2;B01
2,016E+11;1;7;0;4;0;9;2;A01
2,016E+11;1;7;0;0;0;1;12;A01
2,016E+11;2;10;0;0;0;1;14;A01
2,016E+11;2;7;0;0;2;1;2;A01
2,016E+11;2;7;0;0;2;4;2;B01
2,016E+11;2;7;0;0;2;4;2;C01
2,016E+11;1;15;0;0;2;4;2;C01
2,016E+11;1;7;0;0;2;1;2;A01
2,016E+11;1;7;0;0;2;6;2;B01
2,016E+11;2;7;0;0;2;1;2;A01
2,016E+11;2;17;0;0;2;4;2;B01
2,016E+11;2;7;0;0;2;4;2;A01
2,016E+11;2;7;0;0;2;1;2;B01
2,016E+11;1;7;0;0;2;6;1;B01
2,016E+11;1;17;0;0;2;7;12;A01
2,016E+11;1;7;0;6;0;4;1;B01
2,016E+11;1;7;0;4;2;3;0;A01
2,016E+11;2;7;0;4;0;3;2;A01
2,016E+11;1;7;0;0;2;6;3;C01
2,016E+11;1;7;0;0;2;2;2;D01
2,016E+11;1;7;0;0;2;4;2;B01
2,016E+11;1;7;0;0;2;1;3;A01
2,016E+11;2;7;0;0;2;7;1;A01
2,016E+11;2;17;0;0;2;8;2;B01
2,016E+11;2;10;0;0;2;4;2;D01
2,016E+11;2;10;0;0;2;4;2;B01
2,016E+11;2;7;0;0;2;0;0;C01
2,016E+11;2;7;0;0;2;1;2;A01
2,016E+11;1;7;0;0;2;1;1;B01
2,016E+11;1;7;0;4;2;1;1;A01
2,016E+11;1;17;0;3;0;5;2;A01
2,016E+11;1;17;0;0;2;8;0;B01
2,016E+11;1;7;0;0;2;2;17;A01
2,016E+11;1;7;0;4;0;9;21;B01
2,016E+11;0;7;0;4;0;3;3;A01
2,016E+11;1;7;0;0;2;4;2;B01
2,016E+11;1;7;0;0;2;1;2;A01
2,016E+11;2;7;0;0;2;7;17;A01
2,016E+11;2;33;0;0;2;8;17;B01
2,016E+11;1;33;0;0;2;1;2;A01
2,016E+11;1;7;0;0;9;6;2;B01
2,016E+11;1;7;0;0;9;4;2;C01
2,016E+11;2;7;0;0;2;6;2;B01
2,016E+11;2;7;0;0;2;2;1;A01
2,016E+11;2;15;0;1;0;2;2;A01
2,016E+11;2;7;0;0;2;6;23;B01
2,016E+11;1;7;0;4;0;3;13;A01
2,016E+11;2;7;0;0;2;1;2;A01
2,016E+11;2;7;0;0;2;2;2;B01
2,016E+11;2;7;0;0;0;4;2;C01
2,016E+11;1;7;0;0;2;0;9;Z01
2,016E+11;1;7;0;3;2;5;14;A01
2,016E+11;2;14;0;3;0;2;1;C01
2,016E+11;2;17;0;0;2;2;2;B01
2,016E+11;1;7;0;14;0;1;21;D01
2,016E+11;1;17;0;3;2;1;6;A01
2,016E+11;2;7;0;4;0;4;2;B01
2,016E+11;2;7;0;0;2;1;2;A01
2,016E+11;1;7;0;0;9;4;2;B01
2,016E+11;1;7;0;0;2;1;2;A01
2,016E+11;1;10;0;0;2;4;2;C01
2,016E+11;2;7;0;0;2;2;1;A01
2,016E+11;2;7;0;3;0;4;1;B01
2,016E+11;1;7;0;4;2;1;9;A01
2,016E+11;1;7;0;3;0;4;9;B01
2,016E+11;1;7;0;0;2;1;1;C01
2,016E+11;2;3;0;0;2;1;0;Z01
2,016E+11;2;7;0;0;2;1;2;B01
2,016E+11;2;7;0;0;2;4;2;C01
2,016E+11;1;7;0;0;2;8;1;B01
2,016E+11;1;15;0;0;2;2;12;A01
2,016E+11;1;10;0;0;2;4;2;C01
2,016E+11;1;7;0;0;2;4;2;B01
2,016E+11;1;7;0;0;2;1;2;A01
2,016E+11;1;10;0;0;2;4;2;D01
2,016E+11;2;7;0;0;2;6;1;B01
2,016E+11;2;17;0;0;2;2;12;A01
2,016E+11;2;7;0;0;1;2;1;Z01
2,016E+11;1;7;0;0;2;3;1;B01
2,016E+11;1;15;0;0;2;2;12;A01
2,016E+11;1;33;0;0;6;1;1;A01
2,016E+11;2;10;0;4;0;3;1;A01
2,016E+11;2;7;0;0;2;1;17;A01
2,016E+11;2;7;0;0;2;3;2;B01
2,016E+11;2;7;0;0;1;1;1;A01
2,016E+11;1;7;0;0;2;2;11;A01
2,016E+11;1;10;0;0;2;6;2;B01
2,016E+11;2;7;0;4;0;2;0;A01
2,016E+11;1;7;0;4;0;3;13;A01
2,016E+11;1;7;0;0;2;6;11;A01
2,016E+11;1;33;0;0;2;7;1;B01
2,016E+11;1;13;0;0;2;7;12;A01
2,016E+11;1;7;0;0;2;8;1;B01
2,016E+11;1;7;0;0;2;4;2;B01
2,016E+11;1;7;0;0;2;1;2;A01
2,016E+11;1;7;0;0;2;4;2;C01
2,016E+11;1;7;0;0;2;4;2;D01
2,016E+11;2;7;0;4;0;3;1;A01
2,016E+11;1;10;0;0;0;1;0;A01
2,016E+11;2;7;0;0;2;5;2;B01
2,016E+11;2;33;0;0;2;1;2;A01
2,016E+11;2;10;0;0;9;4;23;B01
2,016E+11;2;10;0;0;2;1;2;A01
2,016E+11;2;7;0;13;0;1;1;A01
2,016E+11;2;7;0;14;0;0;0;C01
2,016E+11;2;7;0;14;0;4;2;B01
2,016E+11;2;7;0;14;0;1;2;A01
2,016E+11;1;7;0;12;2;2;1;A01
2,016E+11;1;7;0;2;2;5;1;B01
2,016E+11;2;7;0;0;0;9;2;A01
2,016E+11;1;7;0;0;2;3;1;B01
2,016E+11;1;7;0;0;2;2;0;A01
2,016E+11;2;7;0;0;2;1;14;A01
2,016E+11;2;7;0;0;2;6;1;B01
2,016E+11;2;7;0;0;2;3;1;B01
2,016E+11;2;7;0;0;2;5;12;A01
2,016E+11;1;7;0;0;2;1;2;A01
2,016E+11;1;7;0;0;2;6;2;B01
2,016E+11;1;7;0;4;2;3;13;A01
2,016E+11;1;7;0;0;0;2;1;B01
2,016E+11;1;7;0;0;2;5;18;A01
2,016E+11;1;7;0;0;2;5;1;B01
2,016E+11;1;7;0;0;2;8;1;B01
2,016E+11;1;7;0;4;2;3;11;A01
2,016E+11;2;10;0;0;2;2;1;B01
2,016E+11;2;14;0;0;2;1;1;C01
2,016E+11;2;7;0;0;0;6;23;A01
2,016E+11;2;7;0;0;2;3;1;B01
2,016E+11;2;7;0;4;2;2;19;A01
2,016E+11;0;7;0;0;2;4;2;C01
2,016E+11;1;10;0;0;2;1;2;A01
2,016E+11;1;7;0;0;2;4;2;B01
2,016E+11;2;7;0;0;2;4;2;Z01
2,016E+11;2;34;0;0;2;1;2;A01
2,016E+11;2;7;0;0;0;4;2;B01
2,016E+11;2;7;0;0;2;1;2;A01
2,016E+11;2;7;0;0;2;4;1;B01
2,016E+11;2;7;0;0;2;1;2;A01
2,016E+11;2;7;0;14;2;1;2;C01
2,016E+11;2;7;0;0;2;6;2;B01
2,016E+11;2;15;0;0;2;1;0;B01
2,016E+11;2;10;0;3;2;9;17;A01
2,016E+11;2;7;0;7;0;1;1;A01
2,016E+11;1;7;0;0;2;9;2;B01
2,016E+11;1;7;0;0;2;9;2;A01
2,016E+11;1;17;0;0;2;2;2;A01
2,016E+11;1;7;0;0;0;4;2;D01
2,016E+11;1;7;0;0;2;0;2;C01
2,016E+11;1;7;0;0;2;6;2;B01
2,016E+11;2;16;0;0;2;2;1;B01
2,016E+11;2;7;0;0;2;8;11;A01
2,016E+11;2;7;0;0;0;3;2;B01
2,016E+11;2;33;0;0;2;1;2;A01
2,016E+11;1;99;0;0;0;0;0;Z01
2,016E+11;1;7;0;0;9;1;11;A01
2,016E+11;2;10;0;0;2;1;1;A01
2,016E+11;2;7;0;0;2;3;14;C01
2,016E+11;2;7;0;0;2;4;23;B01
2,016E+11;2;7;0;0;2;4;23;C01
2,016E+11;2;7;0;0;2;1;2;A01
2,016E+11;2;10;0;0;2;4;23;B01
2,016E+11;1;7;0;0;2;5;2;B01
2,016E+11;1;1;0;0;0;0;0;Z01
2,016E+11;1;7;0;0;2;4;2;A01
2,016E+11;1;10;0;0;2;6;2;B01
2,016E+11;1;7;0;0;2;1;2;A01
2,016E+11;1;33;0;0;2;1;2;A01
2,016E+11;1;7;0;4;0;1;12;B01
2,016E+11;1;10;0;0;2;4;2;C01
2,016E+11;1;7;0;0;2;1;2;A01
2,016E+11;1;7;0;0;2;4;2;B01
2,016E+11;2;7;0;3;0;0;0;B01
2,016E+11;2;7;0;0;2;1;1;A01
2,016E+11;1;7;0;0;2;4;0;A01
2,016E+11;2;7;0;0;2;0;0;Z01
2,016E+11;2;15;0;4;2;3;11;A01
2,016E+11;2;7;0;4;0;7;1;B01
2,016E+11;1;33;0;14;0;8;21;A01
2,016E+11;2;15;0;0;2;2;1;A01
2,016E+11;2;34;0;0;2;3;11;B01
2,016E+11;1;7;0;0;2;1;2;A01
2,016E+11;1;7;0;0;2;4;2;B01
2,016E+11;1;7;0;6;0;1;1;A01
2,016E+11;1;7;0;0;2;5;1;B01
2,016E+11;1;33;0;0;2;1;11;A01
2,016E+11;2;7;0;0;2;1;2;A01
2,016E+11;2;7;0;0;2;4;2;B01
2,016E+11;2;7;0;0;2;4;1;C01
2,016E+11;1;7;0;0;2;2;14;A01
2,016E+11;1;17;0;0;2;3;1;B01
2,016E+11;2;10;0;0;0;0;0;A01
2,016E+11;2;31;0;0;2;3;0;B01
2,016E+11;2;7;0;0;2;5;12;A01
2,016E+11;1;7;0;1;0;3;2;C01
2,016E+11;1;7;0;0;2;6;23;B01
2,016E+11;1;7;0;1;0;2;14;A01
2,016E+11;2;7;0;0;2;4;2;B01
2,016E+11;2;7;0;0;2;4;2;A01
2,016E+11;2;7;0;0;9;4;2;C01
2,016E+11;1;7;0;0;2;9;2;A01
2,016E+11;1;7;0;0;2;1;2;B01
2,016E+11;1;15;0;0;2;1;2;C01
2,016E+11;1;7;0;0;2;0;0;C01
2,016E+11;1;7;0;0;2;4;2;B01
2,016E+11;1;7;0;0;2;1;2;A01
2,016E+11;2;7;0;0;2;3;0;Z01
2,016E+11;2;7;0;3;2;6;1;A01
2,016E+11;1;7;0;1;0;2;2;A01
2,016E+11;1;7;0;0;2;6;0;B01
2,016E+11;1;7;0;0;2;2;1;C01
2,016E+11;0;7;0;0;2;4;2;C01
2,016E+11;1;7;0;0;2;1;2;A01
2,016E+11;1;7;0;0;2;4;2;B01
2,016E+11;1;7;0;4;0;3;2;A01
2,016E+11;2;7;0;0;2;1;5;A01
2,016E+11;2;10;0;0;2;8;2;B01
2,016E+11;2;7;0;0;2;1;2;A01
2,016E+11;2;10;0;0;2;4;2;B01
2,016E+11;2;7;0;0;2;4;2;C01
2,016E+11;1;7;0;0;2;4;1;B01
2,016E+11;1;16;0;0;2;1;1;A01
2,016E+11;1;7;0;0;2;4;2;C01
2,016E+11;1;7;0;0;2;1;2;A01
2,016E+11;1;7;0;0;2;4;2;B01
2,016E+11;1;7;0;0;2;4;2;B01
2,016E+11;1;7;0;0;2;1;2;A01
2,016E+11;1;7;0;0;2;1;2;A01
2,016E+11;1;7;0;0;9;4;2;B01
2,016E+11;2;7;0;0;2;1;2;A01
2,016E+11;2;7;0;0;2;5;1;D01
2,016E+11;2;7;0;0;2;4;2;C01
2,016E+11;2;7;0;0;2;4;2;B01
2,016E+11;2;7;0;0;9;1;0;D01
2,016E+11;2;7;0;14;0;1;1;C01
2,016E+11;2;7;0;6;2;1;2;A01
2,016E+11;2;7;0;3;2;5;2;B01
2,016E+11;1;7;0;0;2;3;1;C01
2,016E+11;2;7;0;0;2;1;5;A01
2,016E+11;1;7;0;0;2;1;1;B01
2,016E+11;1;33;0;0;0;0;11;A01
2,016E+11;1;7;0;0;2;4;2;B01
2,016E+11;1;7;0;0;2;1;2;A01
2,016E+11;1;7;0;0;2;4;2;C01
2,016E+11;2;7;0;0;2;4;2;B01
2,016E+11;2;7;0;0;2;1;2;A01
2,016E+11;2;7;0;0;2;4;2;C01
2,016E+11;0;33;0;0;0;0;0;A01
2,016E+11;1;14;0;0;0;0;0;Z01
2,016E+11;1;7;0;4;2;6;1;B01
2,016E+11;1;15;0;0;2;2;2;A01
2,016E+11;1;33;0;0;2;4;2;C01
2,016E+11;0;1;0;0;2;4;2;D01
2,016E+11;1;7;0;0;2;4;2;B01
2,016E+11;2;33;0;0;2;1;1;B01
2,016E+11;2;7;0;0;0;6;11;A01
2,016E+11;2;34;0;0;2;3;3;B01
2,016E+11;2;7;0;0;2;7;12;A01
2,016E+11;2;7;0;0;2;5;2;C01
2,016E+11;2;15;0;0;2;4;2;B01
2,016E+11;2;7;0;0;2;1;1;A01
2,016E+11;1;7;0;0;2;4;0;B01
2,016E+11;1;31;0;0;2;7;0;A01
2,016E+11;2;33;0;0;0;0;1;A01
2,016E+11;1;7;0;4;0;8;13;A01
2,016E+11;2;99;0;0;2;1;2;Z01
2,016E+11;2;7;0;0;2;4;2;A01
2,016E+11;1;10;0;12;0;2;2;A01
2,016E+11;1;15;0;0;2;1;2;A01
2,016E+11;1;7;0;0;2;4;2;B01
2,016E+11;1;7;0;0;2;4;2;C01
2,016E+11;2;7;0;0;2;0;0;B01
2,016E+11;2;7;0;0;2;0;0;A01
2,016E+11;2;7;0;4;0;2;2;A01
2,016E+11;2;38;0;1;0;1;1;B01
2,016E+11;1;7;0;8;0;8;1;A01
2,016E+11;1;7;0;4;0;1;23;B01
2,016E+11;1;10;0;1;1;3;13;A01
2,016E+11;1;1;0;0;1;0;0;Z01
2,016E+11;1;1;0;0;0;0;0;T01
2,016E+11;1;7;0;4;0;3;0;A01
2,016E+11;1;10;0;0;2;1;2;A01
2,016E+11;1;31;0;0;2;4;2;B01
2,016E+11;2;7;0;0;2;2;1;B01
2,016E+11;1;7;0;0;2;0;0;Z01
2,016E+11;1;7;0;4;0;3;9;A01
2,016E+11;1;7;0;3;2;8;1;A01
2,016E+11;1;7;0;0;2;0;17;Z01
2,016E+11;1;7;0;1;0;3;1;A01
2,016E+11;1;7;0;1;0;4;24;B01
2,016E+11;1;7;0;4;0;7;1;C01
2,016E+11;2;7;0;4;0;4;0;A01
2,016E+11;2;7;0;0;2;2;12;A01
2,016E+11;2;10;0;4;0;5;1;B01
2,016E+11;1;10;0;4;0;2;0;A01
2,016E+11;1;7;0;0;0;0;12;A01
2,016E+11;1;33;0;0;2;1;1;B01
2,016E+11;1;7;0;4;0;2;1;A01
2,016E+11;1;7;0;0;2;1;2;A01
2,016E+11;1;7;0;0;2;4;1;B01
2,016E+11;2;7;0;4;0;3;0;A01
2,016E+11;2;7;0;0;2;6;16;A01
2,016E+11;2;33;0;0;2;4;1;B01
2,016E+11;1;7;0;0;2;4;2;B01
2,016E+11;1;7;0;0;2;4;2;C01
2,016E+11;1;7;0;0;2;1;1;A01
2,016E+11;1;7;0;0;0;4;2;D01
2,016E+11;1;7;0;4;0;1;1;A01
2,016E+11;2;33;0;0;2;7;0;A01
2,016E+11;2;10;0;0;2;8;1;B01
2,016E+11;1;7;0;0;2;5;2;C01
2,016E+11;1;7;0;0;2;4;2;B01
2,016E+11;1;7;0;0;2;1;2;A01
2,016E+11;1;38;45;0;2;0;0;B01
2,016E+11;1;7;0;4;2;9;0;A01
2,016E+11;1;7;0;0;2;0;0;C01
2,016E+11;2;7;0;0;2;3;2;B01
2,016E+11;2;7;0;0;2;4;2;C01
2,016E+11;2;7;0;0;2;2;2;A01
2,016E+11;2;7;0;0;0;0;0;B01
2,016E+11;2;7;0;0;2;1;14;A01
2,016E+11;0;7;0;0;2;8;0;B01
2,016E+11;1;7;0;0;2;5;2;A01
2,016E+11;2;10;0;0;2;8;1;B01
2,016E+11;2;17;0;0;2;3;1;C01
2,016E+11;2;10;0;3;2;1;19;A01
2,016E+11;2;7;0;0;2;4;2;C01
2,016E+11;2;7;0;0;2;1;2;A01
2,016E+11;2;10;0;0;2;4;2;B01
2,016E+11;2;10;0;6;2;7;12;A01
2,016E+11;2;10;0;6;0;1;1;B01
2,016E+11;1;7;0;0;0;4;2;B01
2,016E+11;1;7;0;0;2;1;2;A01
2,016E+11;2;17;0;0;2;3;0;A01
2,016E+11;2;7;0;0;2;0;0;B01
2,016E+11;1;7;0;3;0;1;14;A01
2,016E+11;2;7;0;4;0;7;0;A01
2,016E+11;2;7;0;0;2;4;1;B01
2,016E+11;2;7;0;0;2;1;1;A01
2,016E+11;1;7;0;0;0;0;0;A01
2,016E+11;1;7;0;0;0;0;0;B01
2,016E+11;2;31;0;0;2;4;2;A01
2,016E+11;2;7;0;0;2;4;2;B01
2,016E+11;1;1;0;0;2;8;19;B01
2,016E+11;2;7;0;0;2;2;1;A01
2,016E+11;2;15;0;0;0;0;0;B01
2,016E+11;2;33;0;0;0;0;0;A01
2,016E+11;1;7;0;3;0;1;0;A01
2,016E+11;1;7;0;0;2;1;2;A01
2,016E+11;1;7;0;0;2;4;2;B01
2,016E+11;2;7;0;0;2;5;2;B01
2,016E+11;2;33;0;0;2;5;3;A01
2,016E+11;1;7;0;14;0;9;13;A01
2,016E+11;1;10;0;0;2;4;23;B01
2,016E+11;1;7;0;0;2;1;3;A01
2,016E+11;1;15;0;0;2;7;1;C01
2,016E+11;1;17;0;0;2;0;1;A01
2,016E+11;1;7;0;0;2;2;17;B01
2,016E+11;1;7;0;3;0;6;0;B01
2,016E+11;1;7;0;0;2;2;12;A01
2,016E+11;2;7;0;3;0;2;16;A01
2,016E+11;2;7;0;0;2;1;2;B01
2,016E+11;2;10;0;0;2;4;2;A01
2,016E+11;1;7;0;0;2;3;5;A01
2,016E+11;1;7;0;0;2;8;1;B01
2,016E+11;1;7;0;0;2;3;1;C01
2,016E+11;2;7;0;13;0;9;14;A01
2,016E+11;2;7;0;0;9;5;2;B01
2,016E+11;2;31;0;0;2;1;2;A01
2,016E+11;2;7;0;0;2;9;2;A01
2,016E+11;2;7;0;0;0;4;0;B01
2,016E+11;1;10;0;0;2;4;1;B01
2,016E+11;1;7;0;0;2;3;1;A01
2,016E+11;1;7;0;3;0;1;1;A01
2,016E+11;2;7;0;0;2;3;18;A01
2,016E+11;2;7;0;0;2;2;1;C01
2,016E+11;2;7;0;0;2;2;1;B01
2,016E+11;1;7;0;3;0;1;2;A01
2,016E+11;1;7;0;0;0;0;0;A01
2,016E+11;1;17;0;0;2;0;2;B01
2,016E+11;2;7;0;0;2;1;0;C01
2,016E+11;1;7;0;0;2;6;2;A01
2,016E+11;1;7;0;0;2;2;2;B01
2,016E+11;1;7;0;3;0;1;11;A01
2,016E+11;2;7;0;0;2;8;21;B01
2,016E+11;2;7;0;0;2;6;2;D01
2,016E+11;2;10;0;0;2;2;13;E01
2,016E+11;2;7;0;0;2;4;1;C01
2,016E+11;2;17;0;0;2;4;23;A01
2,016E+11;1;7;0;0;2;4;1;A01
2,016E+11;0;10;0;0;2;1;0;Z01
2,016E+11;2;7;0;0;2;4;1;B01
2,016E+11;2;7;0;0;2;1;2;A01
2,016E+11;2;10;0;0;0;4;1;B01
2,016E+11;2;7;0;0;2;1;2;A01
2,016E+11;2;7;0;0;0;1;0;A01
2,016E+11;2;32;0;0;0;8;3;A01
2,016E+11;1;7;0;4;0;0;0;A01
2,016E+11;1;7;0;0;2;1;1;B01
2,016E+11;1;7;0;0;2;5;9;A01
2,016E+11;1;7;0;0;2;7;1;Z01
2,016E+11;0;30;0;0;2;3;0;B01
2,016E+11;2;7;0;0;2;8;1;B01
2,016E+11;2;17;0;0;2;2;12;A01
2,016E+11;2;7;0;0;2;6;1;B01
2,016E+11;2;15;0;0;2;2;12;A01
2,016E+11;2;7;0;0;2;2;1;C01
2,016E+11;2;7;0;0;2;8;1;B01
2,016E+11;2;15;0;0;2;2;12;A01
2,016E+11;2;7;0;0;2;4;2;B01
2,016E+11;2;7;0;0;2;1;2;Z01
2,016E+11;1;7;0;0;0;0;0;A01
2,016E+11;1;15;0;0;0;0;0;B01
2,016E+11;2;7;0;4;0;1;0;A01
2,016E+11;2;7;0;4;0;3;1;A01
2,016E+11;2;10;0;0;2;1;1;B01
2,016E+11;2;10;0;0;2;1;17;A01
2,016E+11;2;7;0;0;2;4;2;B01
2,016E+11;2;7;0;0;2;1;2;A01
2,016E+11;1;7;0;0;0;0;0;A01
2,016E+11;2;33;0;0;0;0;0;A01
2,016E+11;1;7;0;0;2;4;0;C01
2,016E+11;1;7;0;0;2;2;0;A01