Num_Acc;senc;catv;occutc;obs;obsm;choc;manv;num_veh
2,016E+11;1;7;0;0;0;4;0;A01
2,016E+11;1;33;0;0;2;1;1;B01
2,016E+11;1;7;0;0;2;5;0;A01
2,016E+11;1;33;0;0;2;1;0;B01
2,016E+11;2;7;0;0;0;0;0;A01
2,016E+11;1;7;0;0;2;4;1;C01
2,016E+11;1;7;0;0;0;0;0;D01
2,016E+11;1;7;0;0;2;4;1;B01
2,016E+11;1;7;0;0;0;4;1;A01
2,016E+11;1;7;0;0;2;6;3;A01
2,016E+11;2;14;0;0;2;2;2;B01
2,016E+11;2;7;0;0;0;9;1;A01
2,016E+11;2;7;0;0;2;5;12;A01
2,016E+11;2;32;0;0;2;8;1;B01
2,016E+11;2;33;0;0;9;1;16;A01
2,016E+11;1;10;0;0;2;4;2;A01
2,016E+11;1;7;0;0;2;4;2;B01
2,016E+11;1;10;0;0;2;1;2;C01
2,016E+11;1;7;0;0;2;4;2;B01
2,016E+11;1;7;0;0;2;4;23;A01
2,016E+11;1;15;0;0;2;1;2;C01
2,016E+11;2;33;0;4;0;0;3;C01
2,016E+11;2;17;0;0;2;7;1;A01
2,016E+11;2;7;0;0;2;6;13;B01
2,016E+11;1;7;0;0;0;2;12;B01
2,016E+11;1;7;0;0;0;6;1;A01
2,016E+11;1;7;0;0;2;1;0;D01
2,016E+11;2;7;0;0;2;7;5;A01
2,016E+11;1;7;0;0;2;8;21;B01
2,016E+11;1;7;0;0;2;0;2;C01
2,016E+11;2;10;0;0;2;1;2;D01
2,016E+11;2;7;0;0;2;4;2;B01
2,016E+11;2;10;0;0;2;4;2;C01
2,016E+11;2;7;0;0;2;4;2;A01
2,016E+11;1;14;0;0;2;0;0;B01
2,016E+11;1;7;0;0;2;8;0;A01
2,016E+11;1;7;0;0;0;9;0;A01
2,016E+11;1;7;0;4;0;1;1;A01
2,016E+11;1;7;0;0;0;4;2;A01
2,016E+11;1;7;0;1;0;1;2;C01
2,016E+11;1;7;0;1;0;4;2;B01
2,016E+11;2;7;0;0;9;9;2;A01
2,016E+11;2;7;0;0;2;4;1;A01
2,016E+11;2;7;0;0;2;1;2;B01
2,016E+11;1;7;0;0;2;4;2;B01
2,016E+11;1;7;0;0;2;1;2;A01
2,016E+11;2;7;0;0;2;1;2;C01
2,016E+11;2;7;0;0;0;4;2;A01
2,016E+11;2;7;0;0;2;4;2;B01
2,016E+11;2;7;0;0;0;1;2;A01
2,016E+11;2;7;0;0;2;1;2;B01
2,016E+11;2;7;0;0;2;1;2;C01
2,016E+11;2;7;0;0;2;4;1;A01
2,016E+11;2;7;0;0;2;1;2;B01
2,016E+11;2;7;0;0;2;4;2;A01
2,016E+11;1;7;0;3;2;7;0;A01
2,016E+11;1;7;0;0;2;3;1;B01
2,016E+11;2;7;0;0;2;1;18;A01
2,016E+11;2;7;0;0;2;4;16;B01
2,016E+11;2;7;0;0;2;6;1;C01
2,016E+11;2;10;0;0;0;4;2;A01
2,016E+11;2;10;0;0;0;4;2;B01
2,016E+11;2;10;0;1;0;1;2;C01
2,016E+11;2;7;0;0;0;6;1;A01
2,016E+11;2;31;0;0;2;0;1;B01
2,016E+11;2;33;0;0;2;8;2;B01
2,016E+11;2;7;0;0;2;8;11;A01
2,016E+11;1;7;0;0;2;4;1;A01
2,016E+11;1;7;0;0;2;1;2;B01
2,016E+11;2;7;0;0;2;8;9;A01
2,016E+11;2;14;0;0;2;2;1;B01
2,016E+11;2;7;0;0;2;0;0;B01
2,016E+11;2;7;0;0;2;4;2;A01
2,016E+11;1;7;0;0;2;1;2;B01
2,016E+11;1;7;0;0;2;4;1;A01
2,016E+11;1;7;0;0;2;2;14;A01
2,016E+11;1;7;0;0;0;0;0;B01
2,016E+11;2;7;0;0;2;1;1;B01
2,016E+11;2;7;0;0;2;4;2;A01
2,016E+11;1;7;0;6;0;1;0;A01
2,016E+11;1;7;0;0;0;0;0;A01
2,016E+11;1;7;0;0;0;4;1;A01
2,016E+11;1;7;0;0;2;1;2;B01
2,016E+11;1;7;0;0;0;0;0;A01
2,016E+11;0;7;0;0;0;0;0;B01
2,016E+11;1;32;0;14;0;1;1;A01
2,016E+11;2;15;0;0;2;1;12;B01
2,016E+11;2;7;0;0;2;8;2;A01
2,016E+11;1;7;0;0;2;4;1;A01
2,016E+11;1;7;0;0;0;1;0;B01
2,016E+11;1;7;0;0;2;4;0;C01
2,016E+11;2;33;0;0;0;8;2;A01
2,016E+11;2;7;0;0;0;0;0;Z01
2,016E+11;2;33;0;0;2;3;2;A01
2,016E+11;1;7;0;0;2;1;2;B01
2,016E+11;1;7;0;0;2;1;2;C01
2,016E+11;1;7;0;0;2;4;2;A01
2,016E+11;2;7;0;4;0;3;21;A01
2,016E+11;1;7;0;0;2;1;1;D01
2,016E+11;1;7;0;0;2;0;0;C01
2,016E+11;1;7;0;0;2;4;2;A01
2,016E+11;1;31;0;0;2;1;1;B01
2,016E+11;1;7;0;0;2;1;2;C01
2,016E+11;1;7;0;0;2;4;2;A01
2,016E+11;1;7;0;0;2;1;2;B01
2,016E+11;2;7;0;0;0;9;1;A01
2,016E+11;1;7;0;0;2;4;1;B01
2,016E+11;1;7;0;0;2;1;14;A01
2,016E+11;1;7;0;0;2;9;1;A01
2,016E+11;1;7;0;0;2;7;1;B01
2,016E+11;1;7;0;0;0;0;0;Z01
2,016E+11;1;7;0;0;2;7;2;A01
2,016E+11;2;7;0;8;0;1;16;A01
2,016E+11;2;7;0;0;0;9;1;A01
2,016E+11;1;7;0;0;2;3;11;A01
2,016E+11;1;33;0;0;2;7;17;B01
2,016E+11;2;7;0;3;0;3;1;A01
2,016E+11;1;10;0;0;0;4;1;B01
2,016E+11;1;10;0;0;0;4;1;A01
2,016E+11;1;7;0;0;0;1;1;C01
2,016E+11;0;34;0;0;0;6;1;A01
2,016E+11;2;7;0;0;0;0;0;C01
2,016E+11;2;7;0;0;0;4;0;B01
2,016E+11;2;7;0;0;0;4;0;A01
2,016E+11;2;7;0;0;2;4;1;A01
2,016E+11;2;7;0;0;2;4;1;B01
2,016E+11;2;7;0;0;2;1;2;C01
2,016E+11;1;34;0;0;0;0;16;A01
2,016E+11;1;7;0;4;2;4;1;A01
2,016E+11;1;7;0;0;2;1;2;B01
2,016E+11;1;7;0;0;0;4;0;A01
2,016E+11;1;7;0;0;2;1;0;B01
2,016E+11;1;7;0;0;0;0;0;A01
2,016E+11;2;7;0;0;2;2;2;B01
2,016E+11;2;7;0;0;0;5;2;A01
2,016E+11;1;7;0;15;0;1;0;A01
2,016E+11;1;7;0;0;2;1;0;B01
2,016E+11;1;7;0;0;2;4;2;A01
2,016E+11;2;33;0;0;2;1;6;B01
2,016E+11;2;32;0;0;2;8;3;A01
2,016E+11;2;33;0;0;0;0;2;A01
2,016E+11;1;16;0;0;2;1;2;B01
2,016E+11;1;14;0;0;0;4;2;A01
2,016E+11;1;7;0;0;0;4;2;C01
2,016E+11;1;7;0;0;2;1;2;A01
2,016E+11;1;7;0;0;2;4;2;B01
2,016E+11;2;7;0;3;0;3;1;A01
2,016E+11;1;32;0;0;2;4;2;A01
2,016E+11;1;7;0;0;2;1;2;B01
2,016E+11;1;17;0;0;2;0;0;B01
2,016E+11;1;13;0;6;0;1;2;A01
2,016E+11;2;7;0;4;0;3;13;A01
2,016E+11;1;7;0;4;0;3;13;A01
2,016E+11;1;7;0;4;0;2;0;A01
2,016E+11;2;7;0;0;2;4;1;A01
2,016E+11;2;7;0;0;2;1;1;B01
2,016E+11;2;7;0;0;2;7;14;A01
2,016E+11;2;7;0;0;2;3;2;C01
2,016E+11;2;7;0;0;2;3;1;D01
2,016E+11;1;7;0;0;2;2;0;B01
2,016E+11;2;7;0;0;2;7;12;B01
2,016E+11;2;34;0;0;2;8;3;A01
2,016E+11;1;7;0;0;2;1;1;C01
2,016E+11;1;7;0;0;2;4;2;B01
2,016E+11;1;7;0;0;0;0;0;A01
2,016E+11;2;7;0;4;0;3;0;A01
2,016E+11;1;10;0;0;0;1;0;A01
2,016E+11;1;7;0;0;0;0;0;C01
2,016E+11;1;7;0;0;2;0;0;B01
2,016E+11;1;7;0;0;2;1;2;A01
2,016E+11;1;7;0;0;2;4;2;A01
2,016E+11;1;7;0;0;2;1;2;C01
2,016E+11;1;10;0;0;2;4;2;B01
2,016E+11;1;1;0;0;0;0;0;A01
2,016E+11;2;32;0;12;0;1;1;A01
2,016E+11;1;7;0;0;2;1;2;B01
2,016E+11;1;7;0;3;0;4;2;A01
2,016E+11;1;7;0;0;2;1;0;C01
2,016E+11;1;7;0;0;0;4;0;A01
2,016E+11;1;7;0;0;2;4;0;B01
2,016E+11;2;7;0;0;2;1;2;C01
2,016E+11;2;7;0;0;2;8;13;B01
2,016E+11;2;7;0;4;2;7;1;A01
2,016E+11;2;7;0;0;0;3;1;A01
2,016E+11;2;31;0;0;2;1;2;B01
2,016E+11;1;7;0;0;0;0;0;A01
2,016E+11;1;33;0;0;9;1;2;B01
2,016E+11;1;33;0;0;0;1;1;A01
2,016E+11;1;32;0;0;0;1;3;A01
2,016E+11;1;32;0;0;2;1;2;B01
2,016E+11;1;10;0;0;2;4;2;A01
2,016E+11;1;99;0;0;0;4;0;A01
2,016E+11;1;10;0;0;0;0;0;B01
2,016E+11;2;7;0;0;0;2;1;A01
2,016E+11;1;33;0;0;0;0;0;A01
2,016E+11;2;7;0;0;2;4;1;B01
2,016E+11;2;7;0;0;2;1;1;D01
2,016E+11;2;7;0;0;2;1;2;C01
2,016E+11;2;7;0;0;2;4;1;A01
2,016E+11;1;7;0;0;0;0;14;Z01
2,016E+11;1;7;0;1;0;1;0;B01
2,016E+11;1;7;0;0;2;1;0;A01
2,016E+11;2;7;0;0;0;4;2;A01
2,016E+11;2;7;0;0;2;1;2;C01
2,016E+11;2;7;0;0;2;4;2;B01
2,016E+11;2;7;0;1;0;1;1;A01
2,016E+11;2;7;0;3;0;2;14;B01
2,016E+11;1;7;0;0;0;2;1;B01
2,016E+11;1;7;0;0;0;5;1;A01
2,016E+11;1;7;0;0;9;2;1;C01
2,016E+11;1;7;0;0;2;1;1;C01
2,016E+11;1;7;0;0;2;4;2;B01
2,016E+11;1;10;0;0;2;4;1;A01
2,016E+11;2;7;0;0;2;4;1;A01
2,016E+11;2;7;0;0;2;1;1;B01
2,016E+11;2;14;0;0;2;2;14;B01
2,016E+11;2;7;0;0;2;6;1;A01
2,016E+11;1;7;0;4;0;2;1;A01
2,016E+11;2;7;0;0;2;0;0;B01
2,016E+11;2;7;0;0;0;0;0;A01
2,016E+11;1;7;0;0;0;1;1;A01
2,016E+11;0;15;0;0;0;8;1;A01
2,016E+11;1;7;0;4;0;3;0;A01
2,016E+11;2;7;0;0;2;1;0;C01
2,016E+11;2;7;0;0;2;0;0;B01
2,016E+11;2;7;0;0;2;4;0;A01
2,016E+11;1;7;0;10;0;2;0;A01
2,016E+11;1;7;0;0;2;1;2;B01
2,016E+11;1;7;0;0;2;1;0;A01
2,016E+11;1;7;0;0;2;5;0;B01
2,016E+11;1;7;0;0;2;3;13;A01
2,016E+11;1;10;0;3;0;7;14;A01
2,016E+11;2;7;0;2;0;1;14;A01
2,016E+11;1;7;0;0;2;1;1;C01
2,016E+11;1;7;0;0;2;4;1;B01
2,016E+11;1;7;0;0;2;4;1;A01
2,016E+11;2;7;0;0;2;7;14;B01
2,016E+11;2;7;0;0;2;8;1;A01
2,016E+11;1;7;0;0;0;4;23;A01
2,016E+11;1;7;0;14;2;4;2;B01
2,016E+11;1;7;0;0;2;1;1;C01
2,016E+11;1;10;0;0;2;3;1;B01
2,016E+11;1;7;0;0;2;6;1;A01
2,016E+11;1;7;0;14;0;0;0;A01
2,016E+11;1;7;0;0;2;4;0;A01
2,016E+11;1;7;0;0;2;1;0;B01
2,016E+11;1;31;0;0;2;2;12;A01
2,016E+11;1;7;0;0;2;6;1;Z01
2,016E+11;1;7;0;0;2;8;11;A01
2,016E+11;1;33;0;0;2;7;1;B01
2,016E+11;1;7;0;0;2;4;2;C01
2,016E+11;1;7;0;3;2;4;2;B01
2,016E+11;1;7;0;0;2;1;2;A01
2,016E+11;1;7;0;0;2;4;2;B01
2,016E+11;1;7;0;0;2;1;2;C01
2,016E+11;1;7;0;0;2;4;23;A01
2,016E+11;1;7;0;0;0;9;0;A01
2,016E+11;1;7;0;0;0;5;2;B01
2,016E+11;1;31;0;1;0;1;2;C01
2,016E+11;1;7;0;0;0;0;0;A01
2,016E+11;1;33;0;1;0;1;2;D01
2,016E+11;2;7;0;0;2;4;2;B01
2,016E+11;2;7;0;0;2;4;1;E01
2,016E+11;2;7;0;0;2;7;2;D01
2,016E+11;2;7;0;0;2;4;2;C01
2,016E+11;2;7;0;0;2;1;1;A01
2,016E+11;1;15;0;0;2;4;1;A01
2,016E+11;1;7;0;0;2;1;2;B01
2,016E+11;2;32;0;0;2;0;0;A01
2,016E+11;2;33;0;0;2;0;0;B01
2,016E+11;2;33;0;0;2;1;2;B01
2,016E+11;2;33;0;0;0;4;1;A01
2,016E+11;2;7;0;0;2;1;2;C01
2,016E+11;2;7;0;0;2;4;2;B01
2,016E+11;2;7;0;0;2;4;2;A01
2,016E+11;2;7;0;0;2;4;2;B01
2,016E+11;2;7;0;0;2;4;2;A01
2,016E+11;2;10;0;0;2;1;2;C01
2,016E+11;2;7;0;0;2;4;1;A01
2,016E+11;2;7;0;0;2;1;1;C01
2,016E+11;2;7;0;0;2;1;1;B01
2,016E+11;1;7;0;0;2;1;1;B01
2,016E+11;1;7;0;0;2;1;1;C01
2,016E+11;1;7;0;0;2;1;1;D01
2,016E+11;1;33;0;0;2;1;1;E01
2,016E+11;1;7;0;0;0;4;1;A01
2,016E+11;2;7;0;0;2;4;2;C01
2,016E+11;2;7;0;0;2;4;2;B01
2,016E+11;2;7;0;0;2;6;2;A01
2,016E+11;1;7;0;0;2;4;23;A01
2,016E+11;1;7;0;0;2;1;9;B01
2,016E+11;1;7;0;0;0;1;1;A01
2,016E+11;1;7;0;0;0;4;1;B01
2,016E+11;1;10;0;0;0;1;2;A01
2,016E+11;1;7;0;0;0;6;1;B01
2,016E+11;2;7;0;0;2;4;23;B01
2,016E+11;2;10;0;0;2;1;2;C01
2,016E+11;2;7;0;0;2;4;23;A01
2,016E+11;2;7;0;0;0;0;0;A01
2,016E+11;2;7;0;0;2;1;1;B01
2,016E+11;1;7;0;0;2;4;2;A01
2,016E+11;1;7;0;0;2;1;0;B01
2,016E+11;2;7;0;4;0;2;0;A01
2,016E+11;1;7;0;6;0;9;1;A01
2,016E+11;1;7;0;11;0;1;21;A01
2,016E+11;1;7;0;3;0;3;1;A01
2,016E+11;1;33;0;0;2;4;1;A01
2,016E+11;1;33;0;0;2;1;1;B01
2,016E+11;2;7;0;0;2;3;0;C01
2,016E+11;2;7;0;0;2;4;2;A01
2,016E+11;2;7;0;0;2;5;0;B01
2,016E+11;0;7;0;0;2;4;2;A01
2,016E+11;1;7;0;0;2;1;2;B01
2,016E+11;2;14;0;0;2;0;2;A01
2,016E+11;1;7;0;3;2;8;14;B01
2,016E+11;1;7;0;0;2;1;11;A01
2,016E+11;1;7;0;0;2;1;1;B01
2,016E+11;2;7;0;0;2;1;2;B01
2,016E+11;2;7;0;0;2;4;2;A01
2,016E+11;1;7;0;3;0;9;0;A01
2,016E+11;1;7;0;0;0;9;13;A01
2,016E+11;1;34;0;0;2;1;1;A01
2,016E+11;1;7;0;0;2;4;0;B01
2,016E+11;1;15;0;0;2;6;2;A01
2,016E+11;1;7;0;0;2;0;0;B01
2,016E+11;2;7;0;0;2;4;1;A01
2,016E+11;2;7;0;0;2;1;2;B01
2,016E+11;2;7;0;0;2;1;0;B01
2,016E+11;2;7;0;0;2;5;0;A01
2,016E+11;2;7;0;0;2;4;1;A01
2,016E+11;2;7;0;0;2;1;2;B01
2,016E+11;1;7;0;0;2;1;2;B01
2,016E+11;1;7;0;0;2;4;2;A01
2,016E+11;1;7;0;3;0;1;13;A01
2,016E+11;2;7;0;0;0;0;0;A01
2,016E+11;1;7;0;0;2;1;2;A01
2,016E+11;2;7;0;0;2;4;2;B01
2,016E+11;2;7;0;0;2;1;1;A01
2,016E+11;2;7;0;0;2;4;2;C01
2,016E+11;2;7;0;0;2;4;2;D01
2,016E+11;1;7;0;0;2;4;1;A01
2,016E+11;1;14;0;0;2;1;2;B01
2,016E+11;1;7;0;0;2;4;2;B01
2,016E+11;1;7;0;0;2;4;1;A01
2,016E+11;1;7;0;0;2;1;2;C01
2,016E+11;1;33;0;0;2;8;1;A01
2,016E+11;1;7;0;0;2;7;12;B01
2,016E+11;1;7;0;0;2;4;2;B01
2,016E+11;1;10;0;0;2;1;2;C01
2,016E+11;1;10;0;0;0;4;2;A01
2,016E+11;0;7;0;0;2;1;2;B01
2,016E+11;2;7;0;0;0;4;2;A01
2,016E+11;2;7;0;0;2;1;2;B01
2,016E+11;2;7;0;0;0;0;0;A01
2,016E+11;1;7;0;0;2;9;2;B01
2,016E+11;1;7;0;0;2;1;2;A01
2,016E+11;1;7;0;0;2;4;2;C01
2,016E+11;1;7;0;0;0;0;0;A01
2,016E+11;1;7;0;0;0;0;0;B01
2,016E+11;2;7;0;0;0;0;0;B01
2,016E+11;2;13;0;0;0;0;0;A01
2,016E+11;1;33;0;0;2;7;1;B01
2,016E+11;1;7;0;0;2;3;13;A01
2,016E+11;1;7;0;0;0;0;0;B01
2,016E+11;1;14;0;0;0;0;0;A01
2,016E+11;2;7;0;0;0;0;0;A01
2,016E+11;2;7;0;0;2;1;2;D01
2,016E+11;1;7;0;0;2;4;2;A01
2,016E+11;0;7;0;0;2;1;2;E01
2,016E+11;2;7;0;0;2;1;2;B01
2,016E+11;2;7;0;0;2;1;2;C01
2,016E+11;1;7;0;0;2;1;2;C01
2,016E+11;1;7;0;0;2;1;2;B01
2,016E+11;1;7;0;0;2;4;2;A01
2,016E+11;2;7;0;0;2;1;2;C01
2,016E+11;2;7;0;0;2;4;2;A01
2,016E+11;2;7;0;0;2;4;2;B01
2,016E+11;0;1;0;0;0;0;0;B01
2,016E+11;2;7;0;0;0;6;1;A01
2,016E+11;2;7;0;3;0;2;1;A01
2,016E+11;2;7;0;0;0;0;0;B01
2,016E+11;2;7;0;0;0;0;0;A01
2,016E+11;2;7;0;0;2;4;9;A01
2,016E+11;2;7;0;0;2;1;1;B01
2,016E+11;0;7;0;14;0;1;1;A01
2,016E+11;1;33;0;0;2;1;1;B01
2,016E+11;1;7;0;0;2;2;15;A01
2,016E+11;0;7;0;0;2;7;16;B01
2,016E+11;1;30;0;0;2;7;18;A01
2,016E+11;1;31;0;0;2;7;16;B01
2,016E+11;1;16;0;0;2;0;16;A01
2,016E+11;2;1;0;1;0;1;13;A01
2,016E+11;2;33;0;0;2;1;1;A01
2,016E+11;0;7;0;0;2;2;1;B01
2,016E+11;1;7;0;0;1;2;16;A01
2,016E+11;0;31;0;0;2;0;1;B01
2,016E+11;0;7;0;0;2;0;14;A01
2,016E+11;2;13;0;0;1;2;15;A01
2,016E+11;1;31;0;0;0;0;1;A01
2,016E+11;1;2;0;0;0;2;1;A01
2,016E+11;2;13;0;0;1;1;16;A01
2,016E+11;1;34;0;0;2;0;13;A01
2,016E+11;1;7;0;0;2;0;14;Z01
2,016E+11;1;2;0;0;0;0;1;A01
2,016E+11;2;7;0;0;2;5;13;B01
2,016E+11;2;37;0;0;2;3;1;A01
2,016E+11;1;7;0;0;2;0;23;B01
2,016E+11;1;32;0;1;2;1;1;A01
2,016E+11;1;33;0;0;0;0;15;A01
2,016E+11;1;31;0;0;2;0;15;B01
2,016E+11;1;7;0;0;2;0;15;A01
2,016E+11;1;1;0;0;2;0;7;B01
2,016E+11;1;1;0;0;2;0;17;A01
2,016E+11;1;7;0;0;2;2;7;B01
2,016E+11;1;1;0;0;2;8;21;A01
2,016E+11;1;7;0;14;0;0;12;A01
2,016E+11;2;33;0;11;0;3;11;A01
2,016E+11;2;34;0;0;2;1;1;A01
2,016E+11;2;7;0;0;2;7;22;B01
2,016E+11;1;33;0;0;2;1;1;B01
2,016E+11;1;7;0;0;2;8;15;A01
2,016E+11;2;7;0;0;2;4;23;B01
2,016E+11;2;7;0;0;2;1;2;A01
2,016E+11;2;1;0;1;2;8;15;A01
2,016E+11;2;32;0;0;2;1;1;B01
2,016E+11;1;7;0;0;2;4;23;B01
2,016E+11;1;7;0;0;2;1;2;A01
2,016E+11;1;33;0;0;2;1;1;A01
2,016E+11;2;10;0;0;2;3;1;B01
2,016E+11;1;7;0;0;2;7;16;A01
2,016E+11;1;33;0;0;2;0;7;B01
2,016E+11;2;32;0;0;0;0;1;A01
2,016E+11;1;34;0;0;2;1;1;B01
2,016E+11;1;31;0;0;2;1;1;A01
2,016E+11;1;31;0;0;0;7;1;A01
2,016E+11;1;7;0;0;2;8;15;A01
2,016E+11;1;33;0;0;2;2;1;B01
2,016E+11;1;33;0;0;2;8;1;B01
2,016E+11;1;7;0;0;2;7;16;A01
2,016E+11;1;33;0;0;1;1;1;A01
2,016E+11;1;7;0;0;2;3;10;A01
2,016E+11;1;34;0;0;2;1;1;B01
2,016E+11;1;7;0;0;1;3;1;A01
2,016E+11;1;32;0;0;2;4;15;A01
2,016E+11;1;7;0;0;2;0;17;B01
2,016E+11;1;2;0;0;0;0;1;A01
2,016E+11;1;38;0;0;2;2;1;A01
2,016E+11;1;31;0;0;2;6;18;B01
2,016E+11;2;7;0;0;2;3;15;B01
2,016E+11;2;2;0;0;2;7;5;A01
2,016E+11;1;32;0;0;2;1;17;A01
2,016E+11;1;10;0;0;2;8;15;B01
2,016E+11;0;10;0;0;2;1;2;A01
2,016E+11;0;31;0;0;2;0;23;B01
2,016E+11;1;7;0;14;2;3;13;B01
2,016E+11;1;7;0;9;2;2;15;A01
2,016E+11;2;7;0;8;0;1;1;A01
2,016E+11;1;7;0;0;2;1;1;B01
2,016E+11;1;33;0;0;2;4;23;A01
2,016E+11;2;1;0;0;1;1;1;A01
2,016E+11;1;7;0;0;1;0;1;A01
2,016E+11;1;32;0;0;0;7;1;A01
2,016E+11;1;10;0;0;2;2;2;A01
2,016E+11;1;7;0;0;2;6;23;B01
2,016E+11;1;33;0;0;0;2;2;A01
2,016E+11;1;7;0;0;2;4;2;B01
2,016E+11;1;31;0;0;1;1;1;A01
2,016E+11;1;33;0;0;0;1;1;A01
2,016E+11;1;32;0;0;1;1;17;A01
2,016E+11;1;37;0;0;2;1;7;A01
2,016E+11;1;1;0;0;2;0;7;B01
2,016E+11;1;7;0;0;2;4;2;B01
2,016E+11;1;33;0;0;2;1;2;A01
2,016E+11;2;2;0;0;1;3;1;A01
2,016E+11;1;10;0;0;1;2;1;A01
2,016E+11;2;7;0;0;2;8;15;A01
2,016E+11;0;2;0;0;2;0;1;B01
2,016E+11;1;1;0;0;2;3;18;A01
2,016E+11;1;7;0;0;2;5;22;B01
2,016E+11;1;7;0;11;0;2;1;A01
2,016E+11;1;7;0;0;1;4;4;A01
2,016E+11;2;7;0;0;1;1;5;Z01
2,016E+11;1;7;0;0;2;7;17;A01
2,016E+11;1;1;0;0;2;8;1;B01
2,016E+11;2;38;0;0;2;3;13;A01
2,016E+11;0;33;0;0;2;4;17;B01
2,016E+11;1;7;0;1;2;1;13;Z01
2,016E+11;1;7;0;0;0;4;1;A01
2,016E+11;1;7;0;0;2;7;1;B01
2,016E+11;1;31;0;0;2;7;2;A01
2,016E+11;0;1;0;0;2;0;2;B01
2,016E+11;1;2;0;0;0;0;1;A01
2,016E+11;0;7;0;0;2;5;1;A01
2,016E+11;0;13;0;0;2;3;15;B01
2,016E+11;1;7;0;0;2;1;2;A01
2,016E+11;1;7;0;0;2;4;23;B01
2,016E+11;1;13;0;0;2;3;15;A01
2,016E+11;1;31;0;0;2;7;17;B01
2,016E+11;1;7;0;0;2;5;1;A01
2,016E+11;1;2;0;0;2;1;1;B01
2,016E+11;0;32;0;0;0;0;21;A01
2,016E+11;1;20;0;0;2;2;1;A01
2,016E+11;1;34;0;0;2;5;1;B01
2,016E+11;2;32;0;0;1;1;17;A01
2,016E+11;2;7;0;0;2;4;23;B01
2,016E+11;2;2;0;0;2;1;2;A01
2,016E+11;1;7;0;0;2;1;2;Z01
2,016E+11;1;7;0;0;2;8;23;B01
2,016E+11;1;33;0;0;2;7;23;A01
2,016E+11;1;13;0;0;2;2;16;A01
2,016E+11;1;37;0;0;2;3;7;B01
2,016E+11;0;7;0;0;1;0;1;A01
2,016E+11;1;7;0;0;2;0;22;A01
2,016E+11;1;1;0;1;2;2;1;B01
2,016E+11;2;7;0;0;1;1;1;A01
2,016E+11;1;32;0;0;2;1;3;A01
2,016E+11;1;7;0;0;2;3;1;B01
2,016E+11;1;31;0;0;0;7;1;A01
2,016E+11;2;2;0;0;2;3;18;A01
2,016E+11;2;7;0;0;2;2;16;B01
2,016E+11;2;32;0;0;0;0;1;A01
2,016E+11;2;30;0;0;2;6;15;A01
2,016E+11;2;7;0;0;2;2;1;B01
2,016E+11;1;30;0;0;2;1;2;A01
2,016E+11;1;10;0;0;2;4;2;B01
2,016E+11;1;1;0;0;2;1;1;B01
2,016E+11;1;7;0;0;2;1;15;A01
2,016E+11;1;7;0;0;1;2;15;A01
2,016E+11;2;10;0;0;1;2;1;A01
2,016E+11;1;7;0;0;2;4;2;B01
2,016E+11;1;10;0;0;2;1;2;A01
2,016E+11;1;7;0;0;2;3;16;B01
2,016E+11;1;2;0;0;2;3;5;A01
2,016E+11;1;1;0;12;0;1;14;A01
2,016E+11;1;7;0;7;0;1;1;A01
2,016E+11;1;34;0;0;2;1;1;A01
2,016E+11;1;7;0;0;2;3;23;B01
2,016E+11;2;7;0;0;2;5;16;B01
2,016E+11;2;34;0;0;2;1;18;A01
2,016E+11;2;7;0;0;2;6;14;B01
2,016E+11;2;7;0;0;2;6;1;A01
2,016E+11;1;30;0;0;1;1;17;A01
2,016E+11;1;7;0;0;2;3;15;A01
2,016E+11;1;30;0;0;2;0;17;B01
2,016E+11;1;32;0;0;0;7;1;A01
2,016E+11;2;30;0;0;1;1;1;A01
2,016E+11;1;7;0;0;1;6;4;A01
2,016E+11;1;7;0;0;1;3;1;A01
2,016E+11;2;14;0;0;2;6;10;A01
2,016E+11;1;33;0;0;2;1;1;B01
2,016E+11;0;32;0;0;2;3;18;B01
2,016E+11;1;31;0;0;2;0;16;A01
2,016E+11;1;33;0;0;2;3;18;B01
2,016E+11;1;7;0;0;2;5;16;A01
2,016E+11;1;1;0;0;2;8;1;B01
2,016E+11;2;7;0;0;2;1;10;A01
2,016E+11;1;33;0;0;0;0;21;A01
2,016E+11;2;30;0;0;0;2;1;A01
2,016E+11;2;38;0;0;2;2;1;A01
2,016E+11;2;13;0;0;2;6;1;B01
2,016E+11;1;7;0;0;1;0;1;Z01
2,016E+11;1;32;0;0;2;7;17;A01
2,016E+11;1;7;0;0;2;8;1;B01
2,016E+11;2;33;0;1;0;1;1;A01
2,016E+11;1;32;0;0;2;0;1;A01
2,016E+11;1;7;0;0;2;0;15;B01
2,016E+11;2;1;0;0;2;1;1;B01
2,016E+11;1;7;0;0;2;3;15;A01
2,016E+11;1;32;0;0;0;6;1;A01
2,016E+11;1;7;0;0;2;1;1;B01
2,016E+11;1;7;0;8;2;2;1;A01
2,016E+11;2;7;0;0;2;8;13;A01
2,016E+11;2;32;0;0;2;0;1;B01
2,016E+11;2;31;0;0;1;1;1;A01
2,016E+11;1;30;0;0;0;7;1;A01
2,016E+11;1;7;0;0;2;3;23;A01
2,016E+11;1;31;0;0;2;2;17;B01
2,016E+11;1;7;0;0;2;5;9;B01
2,016E+11;1;30;0;0;2;2;1;A01
2,016E+11;2;10;0;0;2;1;1;B01