Num_Acc;senc;catv;occutc;obs;obsm;choc;manv;num_veh
2,016E+11;1;7;0;0;2;2;12;B01
2,016E+11;1;7;0;0;2;6;1;C01
2,016E+11;1;32;0;0;2;1;2;A01
2,016E+11;1;7;0;0;2;6;15;B01
2,016E+11;1;31;0;0;2;1;14;A01
2,016E+11;1;7;0;0;2;6;23;B01
2,016E+11;1;32;0;0;2;1;2;A01
2,016E+11;1;10;0;0;2;5;2;B01
2,016E+11;1;31;0;15;9;1;14;A01
2,016E+11;1;10;0;4;0;1;14;A01
2,016E+11;1;7;0;0;2;1;2;A01
2,016E+11;1;7;0;0;2;4;2;B01
2,016E+11;1;33;0;0;2;2;1;A01
2,016E+11;1;7;0;0;2;0;13;Z01
2,016E+11;1;7;0;0;2;1;1;A01
2,016E+11;1;10;0;0;2;4;1;B01
2,016E+11;2;10;0;0;2;4;1;B01
2,016E+11;2;7;0;0;2;1;1;A01
2,016E+11;2;7;0;0;2;4;1;C01
2,016E+11;1;7;0;0;2;7;12;A01
2,016E+11;1;33;0;0;2;3;1;B01
2,016E+11;1;32;0;0;0;0;3;A01
2,016E+11;1;7;0;0;2;4;1;B01
2,016E+11;1;33;0;0;2;1;1;A01
2,016E+11;1;10;0;1;2;1;1;B01
2,016E+11;1;7;0;3;2;3;1;A01
2,016E+11;2;7;0;0;2;0;17;Z01
2,016E+11;2;31;0;0;2;8;1;A01
2,016E+11;2;7;0;0;2;2;2;A01
2,016E+11;2;33;0;0;2;6;2;B01
2,016E+11;2;32;0;12;0;1;14;A01
2,016E+11;2;7;0;0;2;8;13;A01
2,016E+11;2;33;0;0;2;7;1;B01
2,016E+11;1;7;0;0;2;4;23;C01
2,016E+11;1;7;0;0;2;4;23;B01
2,016E+11;1;7;0;0;2;1;2;A01
2,016E+11;1;10;0;0;2;4;23;D01
2,016E+11;1;7;0;0;2;6;11;A01
2,016E+11;0;33;0;0;2;1;3;B01
2,016E+11;1;7;0;4;0;3;21;A01
2,016E+11;1;7;0;4;0;1;1;A01
2,016E+11;1;7;0;0;2;3;11;B01
2,016E+11;1;33;0;0;2;7;3;A01
2,016E+11;1;7;0;0;2;4;2;C01
2,016E+11;1;7;0;0;2;1;2;A01
2,016E+11;1;7;0;0;2;4;2;B01
2,016E+11;1;7;0;3;0;1;12;A01
2,016E+11;1;7;0;0;2;1;2;A01
2,016E+11;1;7;0;0;2;4;2;B01
2,016E+11;1;10;0;0;2;7;14;A01
2,016E+11;1;31;0;0;2;8;1;B01
2,016E+11;2;33;0;0;2;1;1;B01
2,016E+11;2;7;0;0;2;6;13;A01
2,016E+11;1;15;0;0;2;2;12;A01
2,016E+11;1;7;0;8;2;8;1;B01
2,016E+11;1;7;0;4;0;3;17;A01
2,016E+11;1;31;0;0;0;7;3;A01
2,016E+11;1;7;0;0;2;2;12;A01
2,016E+11;1;31;0;0;2;3;3;B01
2,016E+11;2;10;0;0;2;1;1;A01
2,016E+11;2;7;0;0;2;4;1;C01
2,016E+11;2;7;0;0;2;4;1;B01
2,016E+11;2;7;0;0;2;1;1;D01
2,016E+11;0;7;0;0;2;5;12;A01
2,016E+11;0;31;0;0;2;8;3;B01
2,016E+11;1;7;0;0;2;4;2;B01
2,016E+11;1;33;0;0;2;1;2;A01
2,016E+11;2;33;0;0;2;7;1;B01
2,016E+11;2;7;0;0;2;3;11;A01
2,016E+11;2;33;0;0;2;2;3;A01
2,016E+11;0;7;0;0;2;3;13;Z01
2,016E+11;1;31;0;14;0;1;1;A01
2,016E+11;1;7;0;0;2;5;2;B01
2,016E+11;1;34;0;0;2;1;2;A01
2,016E+11;2;32;0;0;2;1;2;A01
2,016E+11;2;31;0;0;2;4;23;B01
2,016E+11;1;31;0;0;2;3;3;B01
2,016E+11;1;7;0;0;2;5;12;A01
2,016E+11;2;31;0;0;0;3;1;A01
2,016E+11;1;7;0;4;0;3;14;A01
2,016E+11;1;7;0;4;0;3;13;A01
2,016E+11;2;31;0;0;2;1;1;A01
2,016E+11;2;7;0;0;2;4;1;B01
2,016E+11;2;33;0;0;0;8;1;A01
2,016E+11;2;7;0;4;0;8;1;A01
2,016E+11;1;2;0;14;0;1;1;A01
2,016E+11;2;7;0;0;2;2;12;A01
2,016E+11;2;33;0;0;2;8;1;B01
2,016E+11;2;10;0;0;2;8;1;C01
2,016E+11;2;7;0;0;2;5;1;D01
2,016E+11;1;33;0;0;2;2;3;A01
2,016E+11;1;7;0;0;2;3;11;B01
2,016E+11;1;7;0;0;2;6;1;B01
2,016E+11;1;7;0;0;2;0;0;A01
2,016E+11;1;33;0;0;2;8;3;B01
2,016E+11;1;7;0;0;2;7;12;A01
2,016E+11;1;10;0;0;2;5;2;B01
2,016E+11;1;31;0;0;2;1;2;A01
2,016E+11;1;7;0;0;2;0;23;B01
2,016E+11;1;31;0;0;2;0;3;A01
2,016E+11;2;15;0;0;2;2;12;A01
2,016E+11;2;7;0;0;2;8;1;B01
2,016E+11;2;33;0;0;2;3;1;A01
2,016E+11;2;10;0;0;2;0;12;Z01
2,016E+11;1;31;0;0;2;1;3;B01
2,016E+11;1;7;0;0;2;7;12;A01
2,016E+11;2;7;0;4;2;6;1;B01
2,016E+11;2;7;0;0;2;1;14;Z01
2,016E+11;2;7;0;0;2;6;1;A01
2,016E+11;1;7;0;0;2;7;12;A01
2,016E+11;1;33;0;0;2;8;1;B01
2,016E+11;1;7;0;0;2;6;23;B01
2,016E+11;1;7;0;0;2;4;23;D01
2,016E+11;1;7;0;0;2;2;2;A01
2,016E+11;1;7;0;0;2;4;23;C01
2,016E+11;2;31;0;0;2;1;2;A01
2,016E+11;2;7;0;0;2;6;23;B01
2,016E+11;2;7;0;0;2;5;12;B01
2,016E+11;2;32;0;0;2;8;3;A01
2,016E+11;1;7;0;0;2;6;23;B01
2,016E+11;1;32;0;0;2;1;2;A01
2,016E+11;1;10;0;0;2;1;1;A01
2,016E+11;1;7;0;0;2;0;1;C01
2,016E+11;1;7;0;0;2;1;1;B01
2,016E+11;1;34;0;0;2;2;3;B01
2,016E+11;1;7;0;0;2;6;11;A01
2,016E+11;0;33;0;3;0;1;1;A01
2,016E+11;2;7;0;0;2;0;1;A01
2,016E+11;2;7;0;0;2;1;1;Z01
2,016E+11;2;34;0;0;2;0;11;A01
2,016E+11;2;33;0;0;2;2;3;B01
2,016E+11;2;7;0;0;2;1;1;A01
2,016E+11;2;7;0;0;2;4;1;B01
2,016E+11;1;7;0;0;2;4;1;C01
2,016E+11;1;7;0;0;2;4;1;B01
2,016E+11;1;7;0;0;2;1;1;A01
2,016E+11;1;7;0;0;2;3;11;A01
2,016E+11;1;33;0;0;2;2;3;B01
2,016E+11;2;13;0;0;2;2;14;A01
2,016E+11;2;7;0;4;2;6;1;B01
2,016E+11;2;7;0;0;2;6;11;A01
2,016E+11;2;31;0;0;2;1;1;B01
2,016E+11;2;7;0;4;2;6;16;A01
2,016E+11;2;7;0;0;2;3;1;B01
2,016E+11;2;7;0;0;2;1;2;A01
2,016E+11;2;33;0;0;2;4;2;B01
2,016E+11;1;10;0;0;2;2;12;A01
2,016E+11;0;34;0;0;2;0;3;B01
2,016E+11;1;31;0;0;2;1;1;A01
2,016E+11;1;7;0;0;2;4;1;B01
2,016E+11;1;7;0;0;2;8;1;B01
2,016E+11;1;17;0;0;2;3;1;C01
2,016E+11;1;33;0;0;2;7;11;A01
2,016E+11;2;7;0;0;2;5;1;B01
2,016E+11;2;33;0;0;2;1;3;A01
2,016E+11;2;7;0;0;2;1;12;A01
2,016E+11;2;7;0;0;2;6;1;C01
2,016E+11;2;7;0;0;2;5;1;B01
2,016E+11;2;31;0;4;0;1;14;A01
2,016E+11;1;7;0;0;2;1;1;A01
2,016E+11;1;7;0;0;2;4;1;B01
2,016E+11;1;7;0;0;0;5;1;C01
2,016E+11;1;7;0;0;2;4;11;A01
2,016E+11;1;31;0;0;2;1;1;B01
2,016E+11;2;7;0;0;2;1;1;A01
2,016E+11;2;7;0;0;2;4;1;B01
2,016E+11;2;7;0;0;2;6;1;C01
2,016E+11;1;17;0;0;2;7;1;A01
2,016E+11;1;7;0;0;2;8;1;B01
2,016E+11;1;7;0;0;2;4;23;B01
2,016E+11;1;7;0;0;2;1;2;A01
2,016E+11;1;7;0;0;2;1;14;A01
2,016E+11;1;7;0;0;2;3;1;B01
2,016E+11;2;33;0;4;2;2;1;B01
2,016E+11;2;7;0;0;2;6;11;A01
2,016E+11;1;10;0;0;2;7;1;B01
2,016E+11;1;33;0;0;2;7;3;A01
2,016E+11;2;7;0;0;2;5;13;A01
2,016E+11;2;31;0;0;2;8;3;B01
2,016E+11;2;10;0;0;2;1;2;A01
2,016E+11;2;7;0;0;2;4;2;B01
2,016E+11;2;10;0;0;2;6;23;B01
2,016E+11;2;33;0;0;2;2;1;A01
2,016E+11;2;7;0;0;2;2;12;A01
2,016E+11;2;7;0;0;2;6;23;B01
2,016E+11;2;10;0;0;2;7;1;B01
2,016E+11;2;31;0;4;2;8;13;A01
2,016E+11;2;33;0;0;2;7;3;B01
2,016E+11;2;7;0;0;2;8;13;A01
2,016E+11;1;33;0;4;0;8;14;A01
2,016E+11;2;33;0;0;2;8;1;B01
2,016E+11;2;7;0;0;2;7;12;A01
2,016E+11;1;7;0;0;2;5;12;A01
2,016E+11;1;33;0;0;2;1;3;B01
2,016E+11;2;31;0;0;2;8;13;A01
2,016E+11;2;33;0;0;2;7;2;B01
2,016E+11;2;7;0;0;2;1;1;A01
2,016E+11;2;7;0;0;2;6;23;B01
2,016E+11;1;7;0;4;0;1;13;A01
2,016E+11;1;7;0;0;2;1;2;A01
2,016E+11;1;7;0;0;2;0;0;B01
2,016E+11;1;10;0;0;2;1;1;A01
2,016E+11;1;7;0;0;2;4;1;B01
2,016E+11;2;32;0;0;2;1;3;A01
2,016E+11;2;7;0;0;2;0;12;Z01
2,016E+11;0;7;0;0;2;0;11;A01
2,016E+11;2;31;0;0;2;0;1;B01
2,016E+11;1;7;0;4;0;1;13;A01
2,016E+11;1;31;0;0;2;1;2;A01
2,016E+11;0;7;0;0;2;5;23;B01
2,016E+11;1;7;0;0;2;4;23;C01
2,016E+11;1;7;0;0;2;4;23;B01
2,016E+11;1;7;0;0;2;1;2;A01
2,016E+11;1;34;0;0;2;1;2;A01
2,016E+11;1;10;0;0;2;4;2;B01
2,016E+11;1;7;0;0;2;5;12;A01
2,016E+11;1;33;0;0;2;8;3;B01
2,016E+11;2;31;0;0;2;7;3;A01
2,016E+11;2;7;0;0;2;8;11;B01
2,016E+11;1;7;0;0;2;4;2;B01
2,016E+11;1;7;0;0;2;1;2;A01
2,016E+11;2;7;0;0;2;2;1;B01
2,016E+11;2;33;0;0;2;8;3;A01
2,016E+11;2;32;0;0;2;2;3;A01
2,016E+11;2;7;0;0;2;3;13;B01
2,016E+11;1;7;0;0;2;4;2;B01
2,016E+11;1;7;0;0;2;1;2;A01
2,016E+11;0;7;0;0;2;4;2;C01
2,016E+11;2;10;0;0;2;1;2;A01
2,016E+11;2;10;0;0;2;4;23;B01
2,016E+11;1;7;0;0;2;2;12;A01
2,016E+11;1;34;0;0;2;6;3;B01
2,016E+11;2;7;0;0;2;1;1;D01
2,016E+11;2;7;0;4;2;1;1;C01
2,016E+11;2;7;0;0;2;6;23;B01
2,016E+11;2;17;0;0;2;5;12;A01
2,016E+11;1;7;0;0;2;0;1;A01
2,016E+11;1;7;0;0;2;4;23;C01
2,016E+11;1;10;0;0;2;4;23;D01
2,016E+11;1;7;0;0;2;4;23;B01
2,016E+11;2;7;0;16;2;2;1;C01
2,016E+11;2;7;0;0;2;1;12;A01
2,016E+11;2;7;0;6;2;6;1;B01
2,016E+11;2;33;0;0;0;1;12;A01
2,016E+11;1;33;0;0;2;8;3;B01
2,016E+11;1;7;0;0;2;7;22;A01
2,016E+11;2;33;0;0;2;1;3;A01
2,016E+11;2;33;0;0;2;4;3;B01
2,016E+11;2;7;0;0;2;2;22;A01
2,016E+11;2;10;0;0;2;8;23;C01
2,016E+11;2;33;0;0;2;8;3;B01
2,016E+11;1;7;0;0;2;8;11;A01
2,016E+11;1;14;0;0;2;1;1;B01
2,016E+11;1;33;0;0;2;4;1;B01
2,016E+11;1;7;0;0;2;1;1;A01
2,016E+11;2;7;0;0;2;1;1;A01
2,016E+11;2;7;0;0;2;4;23;B01
2,016E+11;2;33;0;0;2;2;3;B01
2,016E+11;2;7;0;0;2;7;11;A01
2,016E+11;2;7;0;0;2;0;17;Z01
2,016E+11;2;10;0;0;2;4;21;B01
2,016E+11;2;33;0;1;2;1;1;A01
2,016E+11;1;31;0;0;0;0;3;A01
2,016E+11;2;7;0;0;2;6;1;B01
2,016E+11;2;7;0;0;2;2;14;A01
2,016E+11;2;7;0;0;2;5;12;A01
2,016E+11;2;32;0;0;2;3;3;B01
2,016E+11;1;7;0;0;2;4;23;B01
2,016E+11;1;7;0;0;2;4;23;C01
2,016E+11;1;10;0;0;2;1;1;A01
2,016E+11;2;10;0;0;2;4;2;B01
2,016E+11;2;7;0;0;2;1;2;A01
2,016E+11;2;7;0;0;2;0;1;B01
2,016E+11;2;7;0;0;2;0;11;A01
2,016E+11;1;7;0;0;2;0;1;C01
2,016E+11;1;34;0;0;2;1;11;A01
2,016E+11;1;31;0;0;2;9;3;B01
2,016E+11;2;7;0;0;2;1;1;A01
2,016E+11;0;7;0;0;2;4;1;B01
2,016E+11;2;7;0;0;2;0;11;Z01
2,016E+11;2;33;0;0;2;7;3;A01
2,016E+11;2;7;0;0;2;7;1;B01
2,016E+11;1;33;0;16;0;8;1;A01
2,016E+11;1;7;0;0;2;4;1;C01
2,016E+11;1;7;0;0;2;1;1;A01
2,016E+11;1;7;0;0;2;9;1;B01
2,016E+11;1;34;0;8;0;3;13;A01
2,016E+11;2;7;0;4;2;1;18;A01
2,016E+11;2;7;0;4;2;6;1;B01
2,016E+11;1;7;0;0;2;1;1;A01
2,016E+11;1;7;0;0;2;4;23;C01
2,016E+11;1;10;0;0;2;4;23;B01
2,016E+11;1;7;0;0;2;6;11;A01
2,016E+11;1;34;0;0;2;2;1;B01
2,016E+11;1;31;0;0;2;8;3;A01
2,016E+11;1;7;0;0;2;7;12;Z01
2,016E+11;2;7;0;0;2;1;1;A01
2,016E+11;2;7;0;0;2;0;1;B01
2,016E+11;2;7;0;0;2;5;1;C01
2,016E+11;2;33;0;0;2;3;3;A01
2,016E+11;2;7;0;0;2;7;1;B01
2,016E+11;1;7;0;0;2;8;1;B01
2,016E+11;1;33;0;0;2;2;3;A01
2,016E+11;2;7;0;0;2;1;2;A01
2,016E+11;2;7;0;0;2;4;2;B01
2,016E+11;1;31;0;0;2;5;3;A01
2,016E+11;1;7;0;0;2;5;11;B01
2,016E+11;2;7;0;0;2;2;12;A01
2,016E+11;2;33;0;0;2;3;3;B01
2,016E+11;1;31;0;0;2;3;3;B01
2,016E+11;1;7;0;0;2;2;12;A01
2,016E+11;2;34;0;0;2;1;2;A01
2,016E+11;2;33;0;0;2;4;2;B01
2,016E+11;2;10;0;0;2;6;11;A01
2,016E+11;2;33;0;0;2;2;3;B01
2,016E+11;2;31;0;0;2;8;3;A01
2,016E+11;2;7;0;0;2;7;11;B01
2,016E+11;1;7;0;4;2;6;9;B01
2,016E+11;1;7;0;0;2;7;13;Z01
2,016E+11;1;7;0;0;2;8;1;A01
2,016E+11;1;7;0;0;2;1;2;A01
2,016E+11;1;7;0;0;2;4;23;C01
2,016E+11;1;7;0;0;2;4;23;B01
2,016E+11;1;7;0;4;0;9;13;A01
2,016E+11;1;7;0;0;2;2;12;A01
2,016E+11;1;34;0;0;2;8;3;B01
2,016E+11;2;7;0;0;2;1;2;A01
2,016E+11;2;38;0;0;2;4;23;B01
2,016E+11;2;34;0;0;2;1;2;A01
2,016E+11;2;7;0;0;2;6;23;B01
2,016E+11;2;7;0;0;2;3;2;A01
2,016E+11;2;7;0;0;2;5;23;B01
2,016E+11;1;14;0;0;2;1;2;A01
2,016E+11;1;14;0;0;2;4;2;B01
2,016E+11;2;7;0;0;2;2;12;A01
2,016E+11;2;31;0;0;2;3;3;B01
2,016E+11;2;7;0;0;2;2;12;A01
2,016E+11;2;31;0;0;2;6;3;B01
2,016E+11;2;7;0;0;2;5;23;C01
2,016E+11;2;7;0;0;2;4;23;D01
2,016E+11;1;7;0;4;2;5;14;A01
2,016E+11;1;7;0;0;2;3;1;B01
2,016E+11;1;7;0;0;2;1;2;A01
2,016E+11;1;7;0;0;2;4;2;B01
2,016E+11;1;33;0;0;2;8;3;B01
2,016E+11;1;7;0;0;2;2;12;A01
2,016E+11;1;10;0;9;0;1;14;A01
2,016E+11;1;33;0;0;2;1;2;A01
2,016E+11;1;7;0;0;2;1;2;Z01
2,016E+11;2;7;0;0;2;2;16;A01
2,016E+11;2;33;0;0;2;4;1;B01
2,016E+11;1;7;0;0;2;6;1;C01
2,016E+11;1;7;0;0;2;8;11;A01
2,016E+11;1;31;0;4;2;2;3;B01
2,016E+11;2;10;0;0;2;5;1;B01
2,016E+11;2;7;0;0;2;3;13;Z01
2,016E+11;2;33;0;0;2;5;3;A01
2,016E+11;2;7;0;0;2;5;2;B01
2,016E+11;2;33;0;0;2;3;2;A01
2,016E+11;2;7;0;0;2;2;12;A01
2,016E+11;2;33;0;0;2;8;3;B01
2,016E+11;2;10;0;0;2;5;12;A01
2,016E+11;2;33;0;0;2;3;1;B01
2,016E+11;2;7;0;0;2;0;2;B01
2,016E+11;2;7;0;0;2;0;2;C01
2,016E+11;2;10;0;0;2;0;2;A01
2,016E+11;2;34;0;0;2;0;2;D01
2,016E+11;1;31;0;0;0;8;1;A01
2,016E+11;1;7;0;0;2;0;12;Z01
2,016E+11;1;31;0;0;2;8;3;A01
2,016E+11;1;7;0;0;2;4;1;B01
2,016E+11;1;33;0;0;2;3;1;C01
2,016E+11;1;10;0;0;2;5;12;A01
2,016E+11;1;34;0;0;2;8;3;B01
2,016E+11;1;7;0;0;2;0;12;A01
2,016E+11;1;32;0;0;2;0;1;B01
2,016E+11;1;33;0;0;2;7;3;B01
2,016E+11;1;10;0;0;2;6;11;A01
2,016E+11;2;7;0;0;2;5;23;B01
2,016E+11;2;33;0;0;2;1;2;A01
2,016E+11;1;7;0;0;2;0;12;Z01
2,016E+11;1;7;0;0;2;5;1;B01
2,016E+11;1;33;0;0;2;1;3;A01
2,016E+11;2;7;0;0;2;4;2;B01
2,016E+11;2;7;0;0;2;1;2;A01
2,016E+11;2;7;0;4;2;4;1;A01
2,016E+11;2;7;0;0;2;1;1;Z01
2,016E+11;1;7;0;0;2;0;12;A01
2,016E+11;1;34;0;14;2;0;1;B01
2,016E+11;1;10;0;0;2;2;1;A01
2,016E+11;1;7;0;0;2;6;1;B01
2,016E+11;1;7;0;0;2;6;1;B01
2,016E+11;1;7;0;0;2;7;23;C01
2,016E+11;1;10;0;0;2;2;1;A01
2,016E+11;2;7;0;0;2;4;23;B01
2,016E+11;2;7;0;0;2;1;2;A01
2,016E+11;1;7;0;0;2;2;12;A01
2,016E+11;1;33;0;0;2;8;3;B01
2,016E+11;0;33;0;0;2;7;1;A01
2,016E+11;1;7;0;0;2;8;11;Z01
2,016E+11;1;10;0;0;2;4;1;B01
2,016E+11;1;7;0;0;2;1;1;A01
2,016E+11;2;7;0;0;2;3;11;A01
2,016E+11;2;33;0;4;2;7;3;B01
2,016E+11;1;7;0;0;2;1;2;A01
2,016E+11;1;7;0;0;2;4;23;B01
2,016E+11;1;32;0;0;0;8;1;A01
2,016E+11;2;33;0;0;0;1;1;A01
2,016E+11;2;33;0;0;2;3;3;A01
2,016E+11;1;7;0;0;2;5;12;B01
2,016E+11;1;33;0;0;0;7;1;A01
2,016E+11;1;10;0;0;2;4;1;B01
2,016E+11;1;34;0;0;2;1;1;A01
2,016E+11;2;32;0;0;0;8;1;A01
2,016E+11;2;17;0;0;2;2;1;B01
2,016E+11;2;7;0;0;2;4;1;A01
2,016E+11;2;34;0;0;2;3;1;B01
2,016E+11;2;7;0;0;2;5;12;A01
2,016E+11;1;7;0;0;2;8;1;C01
2,016E+11;1;33;0;0;2;1;1;A01
2,016E+11;1;33;0;0;2;4;1;B01
2,016E+11;1;2;0;4;0;2;14;A01
2,016E+11;1;33;0;0;2;1;3;A01
2,016E+11;2;7;0;0;2;6;1;B01
2,016E+11;2;7;0;0;2;5;23;B01
2,016E+11;2;10;0;0;2;0;11;Z01
2,016E+11;2;33;0;0;2;1;1;A01
2,016E+11;1;33;0;0;2;8;3;B01
2,016E+11;1;10;0;0;2;7;1;C01
2,016E+11;1;7;0;0;2;0;13;A01
2,016E+11;1;7;0;0;2;1;2;C01
2,016E+11;1;33;0;0;2;1;2;A01
2,016E+11;1;7;0;0;2;1;2;B01
2,016E+11;1;7;0;0;2;4;2;D01
2,016E+11;1;7;0;0;2;5;1;C01
2,016E+11;1;7;0;0;2;0;13;A01
2,016E+11;1;32;0;0;2;2;3;B01
2,016E+11;2;7;0;0;2;6;1;C01
2,016E+11;2;33;0;0;2;8;3;B01
2,016E+11;2;7;0;0;2;2;12;A01
2,016E+11;2;7;0;0;2;4;1;C01
2,016E+11;2;10;0;0;2;4;1;B01
2,016E+11;2;10;0;0;2;1;1;A01
2,016E+11;2;7;0;0;2;4;1;D01
2,016E+11;1;31;0;0;2;8;1;A01
2,016E+11;0;7;0;0;2;0;12;Z01
2,016E+11;2;10;0;0;2;5;12;A01
2,016E+11;2;32;0;0;2;1;3;B01
2,016E+11;2;10;0;0;2;1;1;C01
2,016E+11;2;33;0;0;2;1;1;A01
2,016E+11;2;10;0;0;2;0;1;B01
2,016E+11;1;7;0;0;2;2;14;A01
2,016E+11;1;10;0;0;2;6;1;C01
2,016E+11;1;33;0;0;2;8;3;B01
2,016E+11;1;33;0;0;2;1;1;A01
2,016E+11;1;7;0;0;2;4;1;B01
2,016E+11;1;7;0;0;2;4;1;B01
2,016E+11;1;7;0;0;2;1;1;A01
2,016E+11;1;31;0;0;0;0;1;A01
2,016E+11;1;33;0;0;2;1;2;A01
2,016E+11;1;7;0;0;2;6;23;B01
2,016E+11;1;33;0;0;2;1;2;A01
2,016E+11;1;7;0;0;2;6;2;B01
2,016E+11;2;33;0;0;2;2;3;B01
2,016E+11;2;7;0;0;2;8;11;A01
2,016E+11;1;34;0;0;0;8;1;A01
2,016E+11;2;33;0;0;2;1;1;A01
2,016E+11;2;7;0;0;2;4;1;B01
2,016E+11;1;34;0;0;2;1;1;B01
2,016E+11;1;7;0;0;2;6;1;C01
2,016E+11;1;7;0;0;2;3;1;A01
2,016E+11;0;10;0;0;2;4;2;B01
2,016E+11;2;7;0;0;2;1;2;A01
2,016E+11;1;34;0;0;2;8;3;B01
2,016E+11;1;7;0;0;2;7;12;A01
2,016E+11;1;10;0;4;0;2;14;A01
2,016E+11;2;33;0;0;2;1;3;B01
2,016E+11;2;7;0;0;2;2;12;A01
2,016E+11;2;7;0;4;0;3;13;A01
2,016E+11;2;33;0;0;2;8;3;B01
2,016E+11;2;7;0;0;2;2;12;A01
2,016E+11;2;7;0;0;2;1;1;A01
2,016E+11;2;7;0;0;2;5;23;B01
2,016E+11;2;7;0;0;2;4;23;C01
2,016E+11;2;7;0;0;2;1;1;A01
2,016E+11;2;10;0;0;2;4;23;B01
2,016E+11;2;33;0;0;2;1;2;A01
2,016E+11;2;33;0;0;2;7;2;B01
2,016E+11;2;7;0;0;2;0;1;A01
2,016E+11;2;31;0;0;2;0;23;B01
2,016E+11;1;7;0;0;2;2;12;A01
2,016E+11;1;33;0;0;2;3;3;B01
2,016E+11;2;7;0;0;2;4;2;B01
2,016E+11;2;10;0;0;2;1;2;A01
2,016E+11;2;7;0;0;2;5;23;B01
2,016E+11;2;33;0;0;2;1;1;A01
2,016E+11;2;7;0;0;2;4;11;A01
2,016E+11;2;32;0;0;2;1;1;B01
2,016E+11;2;10;0;0;2;1;2;A01
2,016E+11;2;7;0;0;2;4;2;B01
2,016E+11;2;7;0;0;2;4;2;C01
2,016E+11;2;10;0;0;2;4;23;B01
2,016E+11;2;7;0;0;2;4;23;C01
2,016E+11;2;13;0;0;2;1;1;A01
2,016E+11;2;7;0;0;2;8;11;A01
2,016E+11;2;33;0;0;2;1;3;B01
2,016E+11;2;10;0;0;2;6;2;B01
2,016E+11;2;33;0;0;2;7;2;A01
2,016E+11;2;7;0;4;0;3;13;A01
2,016E+11;2;33;0;0;2;8;3;B01
2,016E+11;2;7;0;0;2;2;12;A01
2,016E+11;2;7;0;4;0;1;13;A01
2,016E+11;1;7;0;0;2;6;1;B01
2,016E+11;1;33;0;0;2;1;12;A01
2,016E+11;2;34;0;0;2;8;11;A01
2,016E+11;2;33;0;0;2;2;3;B01
2,016E+11;2;10;0;0;2;5;1;C01
2,016E+11;1;33;0;0;2;8;3;B01
2,016E+11;1;7;0;0;2;2;12;A01
2,016E+11;2;34;0;0;2;1;3;B01
2,016E+11;2;7;0;0;2;2;12;A01
2,016E+11;2;7;0;0;2;5;1;B01
2,016E+11;2;7;0;0;2;6;1;C01
2,016E+11;2;31;0;0;2;2;3;A01
2,016E+11;1;7;0;4;0;2;14;A01
2,016E+11;1;7;0;3;0;1;16;A01
2,016E+11;2;7;0;0;2;1;2;A01
2,016E+11;2;7;0;0;2;4;23;B01
2,016E+11;1;7;0;0;2;4;23;B01
2,016E+11;1;7;0;0;2;1;2;A01
2,016E+11;1;7;0;0;2;1;1;C01
2,016E+11;1;7;0;4;2;2;1;A01
2,016E+11;1;7;0;0;2;6;1;B01
2,016E+11;1;7;0;0;2;1;1;A01
2,016E+11;1;7;0;0;2;4;1;B01
2,016E+11;2;33;0;0;2;8;3;B01
2,016E+11;2;7;0;0;2;7;12;A01
2,016E+11;2;33;0;0;2;3;14;A01
2,016E+11;2;7;0;0;2;5;1;B01
2,016E+11;2;10;0;0;2;6;1;C01
2,016E+11;2;7;0;0;2;6;11;A01
2,016E+11;2;31;0;0;2;1;3;B01
2,016E+11;1;10;0;0;2;6;12;B01
2,016E+11;1;31;0;0;2;1;3;A01
2,016E+11;2;7;0;0;2;4;23;C01
2,016E+11;2;7;0;0;2;1;1;A01
2,016E+11;2;7;0;0;2;4;23;B01
2,016E+11;1;7;0;4;2;1;1;A01
2,016E+11;1;7;0;0;2;5;1;B01
2,016E+11;1;7;0;0;2;0;12;Z01
2,016E+11;1;33;0;0;2;7;3;A01
2,016E+11;1;7;0;0;2;5;1;B01
2,016E+11;1;7;0;0;2;1;23;B01
2,016E+11;1;7;0;0;2;1;1;A01
2,016E+11;1;7;0;0;2;1;1;A01
2,016E+11;1;7;0;0;2;4;23;B01
2,016E+11;1;7;0;0;2;8;1;B01
2,016E+11;1;17;0;0;2;3;1;A01
2,016E+11;2;7;0;0;2;6;11;A01
2,016E+11;2;31;0;0;2;1;3;B01
2,016E+11;1;32;0;0;0;7;1;A01
2,016E+11;1;7;0;0;2;8;1;D01
2,016E+11;1;31;0;0;2;7;3;B01
2,016E+11;1;33;0;0;2;6;11;A01
2,016E+11;1;7;0;0;2;7;1;C01
2,016E+11;1;7;0;0;2;4;23;C01
2,016E+11;1;7;0;0;2;1;2;A01
2,016E+11;1;7;0;0;2;1;23;B01
2,016E+11;1;7;0;0;2;5;12;A01
2,016E+11;1;31;0;0;2;2;1;B01
2,016E+11;2;33;0;0;0;8;3;A01
2,016E+11;2;33;0;0;2;1;3;A01
2,016E+11;2;7;0;0;2;6;1;B01
2,016E+11;1;10;0;0;2;1;2;A01
2,016E+11;1;7;0;0;2;4;23;B01