Num_Acc;senc;catv;occutc;obs;obsm;choc;manv;num_veh
2,016E+11;1;7;0;0;2;4;23;C01
2,016E+11;1;31;0;0;2;1;3;A01
2,016E+11;1;7;0;0;2;6;11;B01
2,016E+11;1;7;0;0;2;1;1;A01
2,016E+11;1;7;0;4;2;3;12;B01
2,016E+11;1;31;0;0;2;8;1;B01
2,016E+11;1;7;0;0;2;5;12;A01
2,016E+11;1;33;0;0;2;7;1;B01
2,016E+11;1;7;0;0;2;8;11;A01
2,016E+11;2;34;0;0;2;8;3;C01
2,016E+11;0;31;0;0;2;0;3;B01
2,016E+11;2;7;0;0;2;0;12;A01
2,016E+11;2;33;0;0;2;7;12;A01
2,016E+11;2;33;0;0;2;8;11;B01
2,016E+11;2;7;0;0;2;6;23;B01
2,016E+11;2;31;0;0;2;1;14;A01
2,016E+11;1;7;0;0;2;4;2;B01
2,016E+11;1;7;0;0;2;1;2;A01
2,016E+11;2;10;0;0;2;7;12;A01
2,016E+11;2;33;0;0;2;8;1;B01
2,016E+11;1;7;0;4;2;3;2;C01
2,016E+11;1;7;0;4;2;6;2;B01
2,016E+11;1;7;0;4;2;4;2;A01
2,016E+11;1;10;0;0;2;7;12;A01
2,016E+11;1;33;0;0;2;1;3;B01
2,016E+11;1;10;0;0;2;3;2;A01
2,016E+11;1;31;0;0;2;2;2;B01
2,016E+11;1;30;0;0;2;1;2;Z01
2,016E+11;2;33;0;0;2;1;3;C01
2,016E+11;2;10;0;0;2;2;12;A01
2,016E+11;2;31;0;0;2;3;3;B01
2,016E+11;2;7;0;0;2;4;11;A01
2,016E+11;2;33;0;0;2;1;1;B01
2,016E+11;1;33;0;4;0;7;14;A01
2,016E+11;2;32;0;0;2;8;3;A01
2,016E+11;2;33;0;0;2;7;18;Z01
2,016E+11;1;7;0;0;2;0;1;Z01
2,016E+11;1;7;0;14;2;6;1;A01
2,016E+11;1;7;0;0;2;1;1;A01
2,016E+11;1;7;0;0;2;4;1;B01
2,016E+11;0;7;0;0;2;4;1;C01
2,016E+11;1;32;0;0;0;0;1;A01
2,016E+11;1;7;0;0;2;2;12;A01
2,016E+11;1;31;0;0;2;1;3;B01
2,016E+11;2;33;0;0;2;4;3;B01
2,016E+11;2;34;0;0;2;1;3;A01
2,016E+11;2;34;0;0;0;8;1;A01
2,016E+11;2;7;0;0;2;6;1;B01
2,016E+11;2;7;0;0;2;2;12;A01
2,016E+11;1;7;0;0;2;4;23;B01
2,016E+11;1;7;0;0;2;1;1;A01
2,016E+11;1;7;0;0;2;4;23;C01
2,016E+11;1;7;0;0;2;7;12;A01
2,016E+11;1;32;0;0;2;3;3;B01
2,016E+11;2;7;0;0;2;5;1;B01
2,016E+11;2;7;0;0;2;5;12;C01
2,016E+11;2;33;0;0;2;1;3;A01
2,016E+11;1;32;0;0;2;1;3;B01
2,016E+11;2;7;0;0;2;5;1;C01
2,016E+11;2;10;0;0;2;3;11;A01
2,016E+11;1;7;0;0;2;0;23;C01
2,016E+11;1;7;0;0;2;1;1;A01
2,016E+11;1;7;0;0;2;4;23;B01
2,016E+11;1;7;0;6;0;2;14;A01
2,016E+11;2;10;0;0;2;1;1;A01
2,016E+11;2;14;0;0;2;4;1;B01
2,016E+11;2;10;0;0;2;4;2;B01
2,016E+11;2;7;0;0;2;1;2;A01
2,016E+11;1;7;0;0;2;1;2;A01
2,016E+11;1;10;0;0;2;4;23;B01
2,016E+11;1;7;0;0;2;4;23;C01
2,016E+11;1;7;0;0;2;1;1;A01
2,016E+11;1;7;0;0;2;4;23;B01
2,016E+11;1;33;0;0;2;1;3;A01
2,016E+11;1;10;0;0;2;6;11;B01
2,016E+11;1;7;0;0;2;3;11;Z01
2,016E+11;1;7;0;5;2;2;1;A01
2,016E+11;1;10;0;0;2;1;2;A01
2,016E+11;1;7;0;0;2;1;2;C01
2,016E+11;0;7;0;0;2;4;2;D01
2,016E+11;1;10;0;0;2;4;23;B01
2,016E+11;2;33;0;0;0;8;1;A01
2,016E+11;1;7;0;0;2;4;1;C01
2,016E+11;1;7;0;0;2;7;12;A01
2,016E+11;1;33;0;0;2;7;3;B01
2,016E+11;1;7;0;0;2;4;1;B01
2,016E+11;1;7;0;0;2;1;1;C01
2,016E+11;1;10;0;0;2;1;1;A01
2,016E+11;2;31;0;0;0;0;1;A01
2,016E+11;1;7;0;0;2;2;12;A01
2,016E+11;2;33;0;0;2;1;1;B01
2,016E+11;1;10;0;0;2;1;11;A01
2,016E+11;1;7;0;0;2;4;1;B01
2,016E+11;2;33;0;4;0;3;21;A01
2,016E+11;2;10;0;0;2;0;11;A01
2,016E+11;2;31;0;0;2;0;3;B01
2,016E+11;2;14;0;0;2;2;12;A01
2,016E+11;2;7;0;0;2;6;1;B01
2,016E+11;1;31;0;0;2;1;2;A01
2,016E+11;1;10;0;0;2;5;2;B01
2,016E+11;1;7;0;0;2;6;11;A01
2,016E+11;1;33;0;0;2;2;3;B01
2,016E+11;0;33;0;0;2;1;12;A01
2,016E+11;0;10;0;0;2;4;1;B01
2,016E+11;1;33;0;0;2;1;3;A01
2,016E+11;1;7;0;0;2;2;12;B01
2,016E+11;0;7;0;0;2;4;23;C01
2,016E+11;1;10;0;0;2;1;1;A01
2,016E+11;1;7;0;0;2;4;23;B01
2,016E+11;0;7;0;0;2;4;23;D01
2,016E+11;2;7;0;0;2;8;12;A01
2,016E+11;2;32;0;0;2;1;1;C01
2,016E+11;2;7;0;0;2;7;1;B01
2,016E+11;2;7;0;0;2;7;12;A01
2,016E+11;2;32;0;0;2;8;3;B01
2,016E+11;2;34;0;0;2;7;3;A01
2,016E+11;0;7;0;0;2;0;11;Z01
2,016E+11;1;10;0;0;2;8;11;A01
2,016E+11;1;33;0;0;2;1;3;B01
2,016E+11;1;7;0;0;2;6;1;B01
2,016E+11;1;33;0;0;2;1;1;A01
2,016E+11;2;33;0;0;2;7;1;B01
2,016E+11;2;7;0;0;2;6;11;A01
2,016E+11;2;7;0;6;0;6;1;A01
2,016E+11;2;32;0;0;2;1;3;C01
2,016E+11;2;10;0;0;2;1;1;A01
2,016E+11;2;10;0;0;2;4;1;B01
2,016E+11;1;7;0;0;2;8;13;A01
2,016E+11;1;33;0;0;2;7;3;B01
2,016E+11;2;33;0;0;2;2;3;A01
2,016E+11;2;7;0;0;2;5;1;B01
2,016E+11;2;32;0;0;2;1;1;A01
2,016E+11;2;7;0;0;2;6;23;B01
2,016E+11;1;33;0;0;2;3;3;B01
2,016E+11;1;7;0;0;2;7;12;A01
2,016E+11;1;7;0;0;2;5;12;A01
2,016E+11;1;33;0;0;2;1;3;B01
2,016E+11;2;7;0;0;2;6;23;B01
2,016E+11;2;33;0;0;2;1;2;A01
2,016E+11;0;7;0;0;2;4;23;Z01
2,016E+11;1;7;0;0;2;1;2;A01
2,016E+11;2;10;0;0;2;6;11;A01
2,016E+11;2;33;0;0;2;1;3;B01
2,016E+11;2;7;0;0;2;6;1;C01
2,016E+11;2;7;0;0;2;2;12;A01
2,016E+11;2;33;0;0;2;3;3;B01
2,016E+11;2;7;0;0;2;8;11;A01
2,016E+11;2;33;0;0;2;7;3;B01
2,016E+11;1;7;0;0;2;4;23;C01
2,016E+11;1;7;0;0;2;1;2;A01
2,016E+11;1;33;0;0;2;4;23;B01
2,016E+11;1;7;0;0;2;5;23;C01
2,016E+11;1;33;0;0;2;8;3;A01
2,016E+11;1;7;0;0;2;2;2;B01
2,016E+11;1;15;0;0;2;2;12;A01
2,016E+11;1;7;0;0;2;6;1;B01
2,016E+11;2;7;0;0;2;5;12;A01
2,016E+11;2;34;0;0;2;8;3;B01
2,016E+11;1;7;0;0;2;5;12;A01
2,016E+11;1;33;0;0;2;3;1;B01
2,016E+11;1;31;0;0;2;3;1;B01
2,016E+11;1;15;0;0;2;5;12;A01
2,016E+11;2;33;0;0;2;2;1;B01
2,016E+11;2;7;0;0;2;3;11;A01
2,016E+11;2;15;0;0;2;8;1;B01
2,016E+11;2;7;0;0;2;2;1;C01
2,016E+11;2;7;0;0;2;7;14;A01
2,016E+11;1;7;0;0;2;3;13;A01
2,016E+11;1;7;0;0;2;5;1;B01
2,016E+11;1;7;0;0;2;3;11;A01
2,016E+11;1;31;0;0;2;1;3;B01
2,016E+11;1;7;0;0;2;8;22;A01
2,016E+11;1;31;0;0;2;7;3;B01
2,016E+11;1;7;0;0;2;5;12;A01
2,016E+11;1;33;0;0;2;1;3;B01
2,016E+11;1;34;0;0;2;5;2;A01
2,016E+11;1;7;0;0;2;5;2;B01
2,016E+11;1;7;0;0;2;7;2;C01
2,016E+11;1;10;0;0;2;6;2;B01
2,016E+11;1;33;0;0;2;1;11;A01
2,016E+11;1;33;0;0;2;2;3;B01
2,016E+11;1;7;0;0;2;6;11;A01
2,016E+11;1;31;0;0;2;1;11;A01
2,016E+11;1;7;0;0;2;5;1;B01
2,016E+11;2;7;0;0;2;8;11;A01
2,016E+11;0;7;0;4;2;1;1;B01
2,016E+11;2;7;0;0;2;5;2;B01
2,016E+11;2;31;0;0;2;1;2;A01
2,016E+11;2;7;0;0;2;0;2;A01
2,016E+11;2;7;0;0;2;6;23;B01
2,016E+11;2;31;0;0;0;7;1;A01
2,016E+11;1;31;0;0;2;2;3;B01
2,016E+11;1;7;0;0;2;8;11;A01
2,016E+11;2;34;0;0;2;0;2;A01
2,016E+11;2;7;0;0;2;0;23;B01
2,016E+11;2;31;0;0;2;2;3;B01
2,016E+11;2;7;0;0;2;6;11;A01
2,016E+11;1;15;0;0;2;0;11;Z01
2,016E+11;1;7;0;0;2;6;1;A01
2,016E+11;2;33;0;0;2;2;1;B01
2,016E+11;2;7;0;0;2;6;11;A01
2,016E+11;1;7;0;0;2;1;2;C01
2,016E+11;1;7;0;0;2;1;2;A01
2,016E+11;1;10;0;0;2;1;2;B01
2,016E+11;2;7;0;0;2;1;2;A01
2,016E+11;2;7;0;0;2;4;2;B01
2,016E+11;2;7;0;0;2;4;12;A01
2,016E+11;2;33;0;0;2;7;3;B01
2,016E+11;1;32;0;0;2;1;1;C01
2,016E+11;1;34;0;0;2;2;11;A01
2,016E+11;1;7;0;0;2;4;1;B01
2,016E+11;1;31;0;0;2;6;12;A01
2,016E+11;1;7;0;0;2;5;23;B01
2,016E+11;1;33;0;0;2;2;3;A01
2,016E+11;1;7;0;0;2;2;12;B01
2,016E+11;1;7;0;0;2;6;23;C01
2,016E+11;1;30;0;0;2;7;14;A01
2,016E+11;1;15;0;0;2;8;1;B01
2,016E+11;2;7;0;0;2;4;23;C01
2,016E+11;2;7;0;0;2;4;23;D01
2,016E+11;2;10;0;0;2;1;2;A01
2,016E+11;2;7;0;0;2;0;2;B01
2,016E+11;0;7;0;4;0;3;13;A01
2,016E+11;1;7;0;0;2;1;2;A01
2,016E+11;1;7;0;0;2;4;23;B01
2,016E+11;1;7;0;0;2;4;23;C01
2,016E+11;1;7;0;0;0;0;14;A01
2,016E+11;1;31;0;0;2;7;3;B01
2,016E+11;1;7;0;0;2;3;11;A01
2,016E+11;1;7;0;0;2;6;12;B01
2,016E+11;2;31;0;0;2;1;3;A01
2,016E+11;1;33;0;0;0;8;1;A01
2,016E+11;1;7;0;0;2;1;1;A01
2,016E+11;1;7;0;0;2;4;1;B01
2,016E+11;1;7;0;0;2;4;1;B01
2,016E+11;1;7;0;0;2;1;1;A01
2,016E+11;1;7;0;0;2;1;2;Z01
2,016E+11;1;7;0;0;2;4;23;A01
2,016E+11;1;32;0;0;2;9;1;A01
2,016E+11;2;7;0;0;2;7;13;B02
2,016E+11;1;7;0;0;1;1;1;A01
2,016E+11;0;2;0;0;2;1;1;B02
2,016E+11;0;7;0;0;2;2;19;A01
2,016E+11;1;7;0;0;1;1;2;A01
2,016E+11;1;7;0;0;0;1;1;A01
2,016E+11;2;7;0;0;0;1;1;B02
2,016E+11;1;7;0;12;0;7;15;A01
2,016E+11;1;7;0;0;2;3;0;A01
2,016E+11;2;7;0;0;2;3;0;B02
2,016E+11;1;7;0;0;1;1;1;A01
2,016E+11;1;7;0;0;1;0;1;A01
2,016E+11;1;33;0;0;0;0;1;A01
2,016E+11;2;14;0;0;1;7;1;A01
2,016E+11;1;7;0;0;0;6;0;A01
2,016E+11;1;31;0;0;2;1;2;B02
2,016E+11;2;7;0;0;0;3;0;B02
2,016E+11;1;7;0;0;0;3;1;A01
2,016E+11;1;33;0;0;2;1;1;A01
2,016E+11;2;10;0;0;2;1;10;B02
2,016E+11;1;7;0;0;1;2;1;A01
2,016E+11;1;10;0;0;0;3;13;A01
2,016E+11;1;10;0;0;0;3;0;B02
2,016E+11;1;33;0;0;0;0;0;A01
2,016E+11;2;7;0;0;0;0;0;B02
2,016E+11;1;7;0;0;2;6;15;A01
2,016E+11;1;33;0;0;2;1;17;B02
2,016E+11;2;31;0;0;0;0;0;B02
2,016E+11;1;7;0;0;2;2;2;A01
2,016E+11;0;7;0;0;2;3;2;A01
2,016E+11;0;30;0;0;2;1;0;B02
2,016E+11;1;7;0;0;2;8;15;A01
2,016E+11;1;31;0;0;2;1;17;B02
2,016E+11;1;7;0;3;2;1;1;B02
2,016E+11;2;7;0;3;2;1;1;A01
2,016E+11;2;7;0;0;2;1;13;B02
2,016E+11;1;7;0;0;2;1;1;A01
2,016E+11;2;1;0;0;2;4;2;B02
2,016E+11;2;10;0;0;2;2;2;A01
2,016E+11;1;7;0;0;1;1;1;A01
2,016E+11;1;7;0;0;2;6;0;B02
2,016E+11;1;33;0;0;2;1;3;A01
2,016E+11;1;10;0;0;2;2;0;C03
2,016E+11;0;7;0;0;0;7;14;B02
2,016E+11;1;38;12;0;2;3;1;A01
2,016E+11;1;7;0;8;0;1;14;A01
2,016E+11;2;7;0;0;0;1;0;A01
2,016E+11;1;7;0;0;0;1;0;B02
2,016E+11;1;10;0;0;0;8;0;A01
2,016E+11;2;10;0;0;1;3;0;B02
2,016E+11;2;10;0;0;2;3;0;C03
2,016E+11;2;10;0;0;2;9;0;A01
2,016E+11;1;13;0;0;2;1;0;B02
2,016E+11;2;7;0;6;0;3;14;A01
2,016E+11;1;7;0;0;1;1;1;A01
2,016E+11;1;31;0;0;2;7;1;A01
2,016E+11;2;7;0;0;2;1;1;B02
2,016E+11;1;7;0;0;2;1;15;C03
2,016E+11;2;1;0;0;0;1;1;B02
2,016E+11;2;7;0;0;0;0;0;A02
2,016E+11;1;33;0;0;0;0;0;A01
2,016E+11;1;33;0;0;0;0;0;A01
2,016E+11;0;7;0;16;0;1;0;A01
2,016E+11;2;7;0;0;2;3;1;A01
2,016E+11;1;7;0;0;2;1;1;B02
2,016E+11;2;33;0;0;2;5;2;B02
2,016E+11;2;33;0;0;2;3;2;A01
2,016E+11;1;10;0;0;0;0;0;A01
2,016E+11;1;7;0;0;2;2;1;B02
2,016E+11;2;10;0;0;2;3;13;A01
2,016E+11;2;7;0;0;2;1;1;B02
2,016E+11;1;7;0;0;2;1;13;A01
2,016E+11;1;14;0;0;2;3;1;B02
2,016E+11;2;14;0;0;2;3;13;A01
2,016E+11;1;7;0;4;0;1;1;A01
2,016E+11;1;7;0;0;1;2;1;A01
2,016E+11;1;33;0;3;0;1;0;A01
2,016E+11;1;7;0;0;1;3;1;A01
2,016E+11;1;7;0;0;2;2;1;A01
2,016E+11;2;1;0;0;2;4;11;B02
2,016E+11;0;33;0;0;2;1;1;B02
2,016E+11;0;7;0;0;2;5;0;A01
2,016E+11;1;7;0;0;2;1;1;B02
2,016E+11;1;7;0;0;2;3;1;A01
2,016E+11;2;7;0;0;2;1;1;C03
2,016E+11;1;31;0;0;2;1;11;A01
2,016E+11;1;30;0;0;2;8;15;B02
2,016E+11;2;7;0;0;2;3;1;A01
2,016E+11;1;1;0;0;2;8;13;B02
2,016E+11;0;2;0;0;2;1;13;A01
2,016E+11;0;2;0;0;2;1;13;B02
2,016E+11;0;7;0;0;0;8;23;B02
2,016E+11;0;7;0;0;2;3;9;A01
2,016E+11;0;7;0;0;2;3;0;A01
2,016E+11;0;7;0;0;2;3;0;B02
2,016E+11;0;7;0;0;1;4;23;B02
2,016E+11;0;7;0;0;0;3;2;A01
2,016E+11;2;7;0;0;2;3;23;B02
2,016E+11;1;7;0;0;2;3;1;A01
2,016E+11;2;31;0;0;2;1;1;B02
2,016E+11;1;7;0;0;2;5;15;A01
2,016E+11;1;10;0;0;1;2;1;A01
2,016E+11;2;38;1;0;2;1;1;B02
2,016E+11;1;7;0;0;2;7;5;A01
2,016E+11;1;7;0;0;1;2;1;A01
2,016E+11;1;33;0;0;2;1;17;A01
2,016E+11;1;7;0;0;2;6;0;C03
2,016E+11;2;7;0;0;2;3;1;B02
2,016E+11;1;14;0;0;0;9;1;A01
2,016E+11;2;7;0;0;1;1;1;A01
2,016E+11;0;7;0;6;0;2;1;A01
2,016E+11;1;34;0;0;2;1;2;A01
2,016E+11;1;7;0;0;2;6;2;B02
2,016E+11;0;37;1;0;0;3;1;A01
2,016E+11;2;34;0;0;2;1;13;B02
2,016E+11;0;7;0;3;0;7;1;A01
2,016E+11;1;30;0;0;1;0;2;A01
2,016E+11;1;7;0;0;0;4;1;A01
2,016E+11;1;33;0;0;0;1;0;B02
2,016E+11;2;7;0;0;2;1;15;A01
2,016E+11;2;31;0;0;2;0;1;B02
2,016E+11;0;33;0;16;0;7;1;A01
2,016E+11;0;33;0;1;0;1;1;A01
2,016E+11;1;7;0;0;2;1;1;A01
2,016E+11;2;10;0;0;2;1;1;B02
2,016E+11;1;7;0;0;2;3;13;A01
2,016E+11;2;7;0;0;2;3;1;B02
2,016E+11;0;2;0;0;2;3;11;A01
2,016E+11;0;10;0;0;2;3;1;B02
2,016E+11;1;33;0;6;2;1;5;A01
2,016E+11;2;7;0;0;2;2;1;B02
2,016E+11;0;7;0;0;2;1;13;A01
2,016E+11;0;7;0;0;2;1;1;B02
2,016E+11;1;34;0;0;0;8;1;A01
2,016E+11;2;7;0;0;2;1;15;A01
2,016E+11;1;33;0;0;2;1;1;B02
2,016E+11;0;7;0;0;0;9;1;A01
2,016E+11;2;7;0;0;2;3;0;C03
2,016E+11;1;2;0;0;2;1;17;A01
2,016E+11;1;7;0;0;0;6;0;B02
2,016E+11;0;7;0;0;2;5;15;A01
2,016E+11;0;31;0;0;2;1;1;B02
2,016E+11;2;7;0;0;2;3;5;A01
2,016E+11;1;30;0;0;2;1;1;B02
2,016E+11;2;7;0;2;0;2;1;A01
2,016E+11;2;7;0;13;0;1;1;A01
2,016E+11;0;7;0;0;9;2;5;A01
2,016E+11;0;1;0;0;2;1;5;B02
2,016E+11;1;7;0;0;2;3;1;A01
2,016E+11;1;7;0;0;2;6;15;B02
2,016E+11;2;33;0;5;0;1;13;A01
2,016E+11;2;7;0;0;2;5;1;B02
2,016E+11;2;33;0;0;2;1;2;A01
2,016E+11;1;7;0;0;1;3;13;A01
2,016E+11;2;7;0;0;2;1;13;B02
2,016E+11;1;7;0;0;2;0;1;A01
2,016E+11;0;1;0;0;2;8;1;A01
2,016E+11;0;7;0;0;9;3;19;B02
2,016E+11;2;7;0;0;2;1;2;A01
2,016E+11;2;7;0;0;2;4;2;B02
2,016E+11;0;7;0;0;1;1;16;A01
2,016E+11;0;30;0;0;0;0;0;A01
2,016E+11;2;38;0;0;1;1;1;A01
2,016E+11;2;7;0;13;0;1;11;A01
2,016E+11;0;7;0;0;2;3;1;B02
2,016E+11;0;7;0;0;2;3;1;A01
2,016E+11;2;1;0;0;0;4;2;B02
2,016E+11;2;10;0;0;2;2;2;A01
2,016E+11;2;34;0;0;1;2;1;A01
2,016E+11;1;7;0;0;2;1;1;B02
2,016E+11;2;7;0;0;2;3;0;A01
2,016E+11;2;7;0;14;0;1;0;C03
2,016E+11;1;33;0;0;2;1;19;A01
2,016E+11;0;1;0;0;2;0;1;B02
2,016E+11;1;7;0;0;1;2;14;A01
2,016E+11;2;10;0;0;2;3;1;B02
2,016E+11;1;7;0;0;2;1;1;C03
2,016E+11;2;7;0;0;2;9;15;A01
2,016E+11;2;30;0;0;0;0;0;A01
2,016E+11;1;7;0;0;2;7;15;A01
2,016E+11;2;7;0;0;2;1;1;B02
2,016E+11;1;7;0;0;1;3;19;A01
2,016E+11;0;33;0;0;2;2;0;A01
2,016E+11;0;7;0;0;0;4;0;B02
2,016E+11;0;7;0;0;2;8;15;A01
2,016E+11;0;33;0;0;2;2;21;B02
2,016E+11;1;7;0;0;2;1;13;A01
2,016E+11;2;7;0;0;0;1;1;B02
2,016E+11;1;7;0;0;2;6;15;A01
2,016E+11;1;33;0;0;2;1;0;B02
2,016E+11;2;33;0;0;2;1;1;A01
2,016E+11;1;7;0;0;2;8;15;B02
2,016E+11;1;7;0;0;2;1;13;A01
2,016E+11;2;7;0;0;2;1;1;B02
2,016E+11;2;7;0;0;1;2;1;A01
2,016E+11;0;30;0;1;0;1;1;A01
2,016E+11;1;30;0;0;1;2;1;A01
2,016E+11;1;31;0;6;0;3;1;A01
2,016E+11;0;32;0;0;2;1;1;A01
2,016E+11;0;7;0;0;2;2;15;B02
2,016E+11;0;7;0;0;0;3;15;A01
2,016E+11;0;7;0;0;2;1;17;B02
2,016E+11;0;7;0;0;1;1;11;A01
2,016E+11;0;7;0;6;2;8;2;A01
2,016E+11;2;33;0;0;2;7;1;A01
2,016E+11;2;10;0;0;2;8;1;B02
2,016E+11;1;7;0;0;1;2;1;A01
2,016E+11;2;10;0;3;0;1;1;A01
2,016E+11;1;31;0;0;2;1;2;A01
2,016E+11;1;7;0;0;0;5;0;B02
2,016E+11;2;7;0;4;0;8;0;A01
2,016E+11;1;33;0;0;2;1;2;A01
2,016E+11;1;33;0;0;2;4;2;B02
2,016E+11;2;33;0;3;0;9;1;A01
2,016E+11;0;32;0;0;2;1;21;A01
2,016E+11;0;7;0;0;0;2;0;B02
2,016E+11;2;7;0;0;9;1;2;A01
2,016E+11;2;1;0;0;2;4;2;B02
2,016E+11;0;7;0;16;0;9;0;A01
2,016E+11;0;2;0;0;2;0;0;B02
2,016E+11;0;7;0;0;2;1;5;A01
2,016E+11;0;2;0;0;2;1;0;A01
2,016E+11;0;10;0;0;2;2;0;B02
2,016E+11;1;7;0;0;1;3;1;A01
2,016E+11;0;1;0;0;2;1;0;B02
2,016E+11;0;7;0;0;2;5;15;A01
2,016E+11;1;7;0;0;1;2;19;A01
2,016E+11;1;7;0;0;2;6;19;A01
2,016E+11;2;33;0;0;2;1;0;B02
2,016E+11;2;10;0;0;0;2;1;A01
2,016E+11;2;1;0;0;2;3;9;B02
2,016E+11;2;31;0;0;2;1;5;A01
2,016E+11;1;7;0;0;2;3;1;B02
2,016E+11;0;7;0;13;0;0;14;A01
2,016E+11;1;7;0;13;0;7;1;A01
2,016E+11;0;1;0;0;2;8;19;B02
2,016E+11;1;10;0;0;9;2;1;A01
2,016E+11;0;7;0;0;2;2;1;B02
2,016E+11;0;30;0;0;2;1;1;A01
2,016E+11;1;7;0;0;2;3;1;A01
2,016E+11;2;31;0;0;2;1;17;B02
2,016E+11;2;7;0;0;2;8;1;A01
2,016E+11;1;30;0;0;2;8;13;B02
2,016E+11;2;10;0;0;2;3;1;A01
2,016E+11;1;2;0;0;2;1;13;B02
2,016E+11;0;2;0;0;0;9;13;A01
2,016E+11;1;7;0;2;0;2;1;A01
2,016E+11;2;7;0;0;2;2;2;A01
2,016E+11;2;1;0;0;2;4;2;B02
2,016E+11;2;7;0;0;2;3;13;A01
2,016E+11;1;10;0;0;2;3;1;B02
2,016E+11;2;7;0;0;2;8;15;B02
2,016E+11;1;33;0;0;2;1;17;A01
2,016E+11;1;2;0;0;2;1;13;A01
2,016E+11;2;7;0;2;0;9;1;A01
2,016E+11;0;14;0;0;2;8;19;A01
2,016E+11;2;7;0;0;2;1;1;B02
2,016E+11;1;14;0;0;1;8;1;A01
2,016E+11;1;7;0;0;2;2;19;A01
2,016E+11;1;31;0;0;2;1;1;B02
2,016E+11;2;7;0;0;2;3;23;C03
2,016E+11;1;7;0;8;0;1;1;C03
2,016E+11;2;7;0;0;2;1;17;A01
2,016E+11;1;7;0;0;2;3;1;B02
2,016E+11;1;30;0;0;2;4;15;B02
2,016E+11;2;10;0;0;2;2;1;A01
2,016E+11;0;30;0;0;2;1;17;A01
2,016E+11;0;7;0;0;2;6;15;B02
2,016E+11;1;21;0;8;0;0;1;A01
2,016E+11;1;7;0;0;2;3;15;A01
2,016E+11;2;31;0;0;2;1;1;B02
2,016E+11;1;7;0;0;2;1;15;A01
2,016E+11;2;7;0;0;2;1;1;B02
2,016E+11;1;7;0;0;2;1;1;A01
2,016E+11;2;33;0;0;2;1;1;B02
2,016E+11;1;10;0;0;2;2;19;A01
2,016E+11;2;30;0;0;2;1;15;B02
2,016E+11;2;33;0;0;2;7;2;B02
2,016E+11;2;7;0;0;2;8;2;A01
2,016E+11;1;7;0;0;0;1;17;A01
2,016E+11;2;38;0;0;0;3;21;B02
2,016E+11;2;14;0;0;2;3;1;B02
2,016E+11;1;10;0;0;2;3;13;A01
2,016E+11;1;7;0;13;0;7;1;A01
2,016E+11;0;7;0;0;0;6;15;B02
2,016E+11;0;7;0;0;2;1;1;A01
2,016E+11;2;7;0;0;2;3;13;A01
2,016E+11;1;7;0;0;2;3;1;B02
2,016E+11;1;7;0;7;1;1;14;A01
2,016E+11;1;7;0;1;0;3;1;A01
2,016E+11;1;10;0;13;0;1;1;A01
2,016E+11;0;2;0;0;2;1;1;A01
2,016E+11;0;7;0;0;0;2;15;B02
2,016E+11;2;7;0;0;2;2;15;A01
2,016E+11;1;2;0;0;2;1;1;B02
2,016E+11;2;33;0;0;2;1;1;B02
2,016E+11;1;7;0;0;2;7;15;A01
2,016E+11;0;7;0;0;2;3;13;A01
2,016E+11;0;7;0;0;2;2;21;C03
2,016E+11;0;10;0;0;2;8;21;B02
2,016E+11;0;7;0;8;0;2;13;A01
2,016E+11;1;2;0;0;2;1;21;B02
2,016E+11;1;7;0;0;0;6;23;A01
2,016E+11;2;7;0;8;0;1;14;A01
2,016E+11;0;31;0;0;1;1;1;A01
2,016E+11;0;31;0;0;0;6;0;A01
2,016E+11;0;7;0;0;2;8;23;A01
2,016E+11;1;34;0;1;0;1;1;B02
2,016E+11;2;33;0;13;0;8;1;A01
2,016E+11;1;32;0;0;2;1;1;B02
2,016E+11;2;30;0;0;2;7;15;A01
2,016E+11;1;7;0;8;0;1;17;A01
2,016E+11;1;7;0;0;2;1;13;A01
2,016E+11;2;7;0;0;2;1;0;B02
2,016E+11;1;7;0;0;2;1;1;A01
2,016E+11;2;7;0;0;2;1;13;B02
2,016E+11;0;7;0;6;0;1;1;A01
2,016E+11;1;7;0;13;0;9;13;A01
2,016E+11;0;34;0;14;0;1;1;A01
2,016E+11;2;14;0;0;2;3;1;A01
2,016E+11;1;31;0;0;2;1;1;B02
2,016E+11;1;30;0;0;2;8;1;B02
2,016E+11;2;7;0;0;2;8;1;A01
2,016E+11;1;7;0;0;2;1;1;A01
2,016E+11;2;7;0;0;2;1;13;B02
2,016E+11;1;7;0;13;0;8;1;A01
2,016E+11;0;33;0;16;0;8;1;A01
2,016E+11;0;7;0;0;0;3;19;A01
2,016E+11;0;33;0;0;0;1;5;B02
2,016E+11;1;7;0;0;2;3;13;A01
2,016E+11;2;7;0;0;2;3;1;B02
2,016E+11;0;7;0;0;2;2;1;A01
2,016E+11;0;30;0;0;2;3;9;B02
2,016E+11;0;7;0;0;2;2;1;A01
2,016E+11;0;30;0;0;2;4;15;B02
2,016E+11;2;7;0;0;1;1;1;A01