Num_Acc;senc;catv;occutc;obs;obsm;choc;manv;num_veh
2,016E+11;0;30;0;8;0;1;0;A01
2,016E+11;0;33;0;15;0;1;1;A01
2,016E+11;1;38;0;0;2;5;1;B02
2,016E+11;1;30;0;0;2;3;13;A01
2,016E+11;1;31;0;4;0;1;5;A01
2,016E+11;0;31;0;0;2;1;15;B02
2,016E+11;0;10;0;0;0;3;1;A01
2,016E+11;0;7;0;0;2;5;16;A01
2,016E+11;0;33;0;0;2;1;18;B02
2,016E+11;2;31;0;0;2;3;13;A01
2,016E+11;2;7;0;0;2;3;1;B02
2,016E+11;0;7;0;0;0;0;0;A01
2,016E+11;2;10;0;0;2;4;1;A01
2,016E+11;2;14;0;0;2;1;2;B02
2,016E+11;1;31;0;0;2;1;2;A01
2,016E+11;1;7;0;0;0;5;23;B02
2,016E+11;0;7;0;0;2;4;21;A01
2,016E+11;0;7;0;0;2;1;1;B02
2,016E+11;1;33;0;0;0;8;17;A01
2,016E+11;2;7;0;0;2;3;9;C03
2,016E+11;2;7;0;0;2;5;1;A01
2,016E+11;2;7;0;0;2;4;17;B02
2,016E+11;2;30;0;0;0;2;13;B02
2,016E+11;1;14;0;0;0;3;1;A01
2,016E+11;0;2;0;0;0;8;15;A01
2,016E+11;0;7;0;0;2;1;13;B02
2,016E+11;0;7;0;0;2;8;1;A01
2,016E+11;0;7;0;0;0;1;2;A01
2,016E+11;0;14;0;0;0;4;2;B02
2,016E+11;0;7;0;0;2;4;1;A01
2,016E+11;0;33;0;0;2;1;1;B02
2,016E+11;2;30;0;8;0;1;1;A01
2,016E+11;1;7;0;0;2;1;1;A01
2,016E+11;1;2;0;0;0;4;1;B02
2,016E+11;0;37;0;0;0;0;1;A01
2,016E+11;0;30;0;0;2;1;13;A01
2,016E+11;0;7;0;0;2;1;1;B02
2,016E+11;0;30;0;0;2;0;24;D04
2,016E+11;0;30;0;0;2;0;24;B02
2,016E+11;0;30;0;0;2;0;24;C03
2,016E+11;0;7;0;1;0;1;1;A01
2,016E+11;0;7;0;0;2;3;13;A01
2,016E+11;0;33;0;0;2;6;1;B02
2,016E+11;0;7;0;0;0;4;1;A01
2,016E+11;0;7;0;0;2;1;1;B02
2,016E+11;2;30;0;0;2;1;1;A01
2,016E+11;1;7;0;0;2;1;5;B02
2,016E+11;1;30;0;0;2;1;1;A01
2,016E+11;2;7;0;0;2;3;1;B02
2,016E+11;0;7;0;0;1;2;1;A01
2,016E+11;1;7;0;0;0;1;1;A01
2,016E+11;2;99;0;1;0;1;1;B02
2,016E+11;1;30;0;0;2;8;10;A01
2,016E+11;1;7;0;0;2;2;1;B02
2,016E+11;0;7;0;0;2;3;16;A01
2,016E+11;0;7;0;0;2;2;1;B02
2,016E+11;1;7;0;0;2;3;0;A01
2,016E+11;2;7;0;0;2;3;1;B02
2,016E+11;1;32;0;0;1;1;1;A01
2,016E+11;1;7;0;0;0;9;1;A01
2,016E+11;2;7;0;0;2;2;1;B02
2,016E+11;1;31;0;0;2;1;5;A01
2,016E+11;2;7;0;11;0;1;13;A01
2,016E+11;1;30;0;0;2;0;2;A01
2,016E+11;2;7;0;0;2;2;1;A01
2,016E+11;1;7;0;0;2;3;15;B02
2,016E+11;1;33;0;1;0;1;21;A01
2,016E+11;1;7;0;0;2;3;1;B02
2,016E+11;2;33;0;0;2;3;13;A01
2,016E+11;2;7;0;0;2;3;9;A01
2,016E+11;2;7;0;0;2;2;1;B02
2,016E+11;1;7;0;0;2;1;13;B02
2,016E+11;2;7;0;0;2;1;1;A01
2,016E+11;2;7;0;0;2;1;21;B02
2,016E+11;1;7;0;0;2;8;0;A01
2,016E+11;1;30;0;0;0;0;0;A01
2,016E+11;2;31;0;0;0;0;0;B02
2,016E+11;0;32;0;0;2;1;1;B02
2,016E+11;0;2;0;0;2;1;5;A01
2,016E+11;2;34;0;0;2;1;13;A01
2,016E+11;1;7;0;0;2;1;1;B02
2,016E+11;1;7;0;8;0;1;13;A01
2,016E+11;2;7;0;0;2;1;1;A01
2,016E+11;1;7;0;0;2;1;17;B02
2,016E+11;2;7;0;0;2;1;13;B02
2,016E+11;1;7;0;0;2;1;1;A01
2,016E+11;0;30;0;0;2;1;19;C03
2,016E+11;0;34;0;0;2;7;1;A01
2,016E+11;0;31;0;0;2;1;19;B02
2,016E+11;1;7;0;0;1;1;1;A01
2,016E+11;1;7;0;0;2;1;13;A01
2,016E+11;2;7;0;0;2;8;1;B02
2,016E+11;1;30;0;0;2;1;1;A01
2,016E+11;2;7;0;0;2;2;1;B02
2,016E+11;1;7;0;1;0;2;14;A01
2,016E+11;2;7;0;0;1;1;1;A01
2,016E+11;1;7;0;0;2;8;13;A01
2,016E+11;1;38;1;0;2;8;1;C03
2,016E+11;2;7;0;0;2;8;1;B02
2,016E+11;2;1;0;0;2;1;16;B02
2,016E+11;1;7;0;0;2;1;1;A01
2,016E+11;2;1;0;0;2;1;16;C03
2,016E+11;1;7;0;6;0;3;1;A01
2,016E+11;0;7;0;0;1;3;21;A01
2,016E+11;2;7;0;2;0;3;17;A01
2,016E+11;1;31;0;11;0;8;1;A01
2,016E+11;2;7;0;0;1;1;13;A01
2,016E+11;2;37;1;0;2;3;1;B02
2,016E+11;1;7;0;0;2;3;13;A01
2,016E+11;1;7;0;0;2;1;1;B02
2,016E+11;1;1;0;0;2;8;15;A01
2,016E+11;1;32;0;2;0;9;14;A01
2,016E+11;1;7;0;0;2;3;1;B02
2,016E+11;2;7;0;0;2;3;17;A01
2,016E+11;1;7;0;10;0;3;1;A01
2,016E+11;1;7;0;0;1;1;1;A01
2,016E+11;1;7;0;0;2;3;13;A01
2,016E+11;1;7;0;0;2;6;1;B02
2,016E+11;1;10;0;0;2;1;1;A01
2,016E+11;2;1;0;0;2;8;15;B02
2,016E+11;0;1;0;0;2;1;1;B02
2,016E+11;0;7;0;0;9;3;1;A01
2,016E+11;1;7;0;0;2;1;19;A01
2,016E+11;2;7;0;0;2;1;1;B02
2,016E+11;2;33;0;0;2;1;17;B02
2,016E+11;1;7;0;0;2;3;15;A01
2,016E+11;2;7;0;6;0;1;1;A01
2,016E+11;0;1;0;0;2;1;13;A01
2,016E+11;0;7;0;0;2;2;0;B02
2,016E+11;1;7;0;0;2;3;5;A01
2,016E+11;2;7;0;0;2;3;0;B02
2,016E+11;1;7;0;0;2;5;1;B02
2,016E+11;1;31;0;0;2;3;11;A01
2,016E+11;2;7;0;0;2;3;1;B02
2,016E+11;1;30;0;0;2;1;13;A01
2,016E+11;1;7;0;0;1;2;1;A01
2,016E+11;0;7;0;0;1;1;1;A01
2,016E+11;0;7;0;0;2;1;15;A01
2,016E+11;0;30;0;0;2;2;15;B02
2,016E+11;1;31;0;0;2;1;1;B02
2,016E+11;2;7;0;0;2;8;15;A01
2,016E+11;0;7;0;15;0;1;13;A01
2,016E+11;2;7;0;13;0;1;13;A01
2,016E+11;0;30;0;0;1;1;0;A01
2,016E+11;0;31;0;6;0;1;1;A01
2,016E+11;1;30;0;0;2;1;18;A01
2,016E+11;1;7;0;0;2;6;4;B01
2,016E+11;1;30;0;0;2;1;13;B01
2,016E+11;2;7;0;0;2;1;1;A01
2,016E+11;1;7;0;0;1;0;0;A01
2,016E+11;1;7;0;0;1;2;0;A01
2,016E+11;1;34;0;0;2;1;13;B01
2,016E+11;2;7;0;0;2;2;10;A01
2,016E+11;1;7;0;0;2;2;15;A01
2,016E+11;1;30;0;0;2;0;0;B01
2,016E+11;1;7;0;0;0;7;16;A01
2,016E+11;1;33;0;0;0;0;0;B01
2,016E+11;0;7;0;0;2;5;16;B01
2,016E+11;0;7;0;0;2;3;9;A01
2,016E+11;1;7;0;0;2;3;15;A01
2,016E+11;1;7;0;0;2;3;0;B01
2,016E+11;1;7;0;0;1;2;15;A01
2,016E+11;1;7;0;0;1;3;0;A01
2,016E+11;1;7;0;0;1;3;14;A01
2,016E+11;0;7;0;0;2;3;13;A01
2,016E+11;0;7;0;0;0;3;1;B01
2,016E+11;2;7;0;0;1;2;19;A01
2,016E+11;1;1;0;0;1;0;0;A01
2,016E+11;1;33;0;0;2;2;2;B01
2,016E+11;1;7;0;16;0;6;10;A01
2,016E+11;0;7;0;14;0;1;0;A01
2,016E+11;0;1;0;0;0;1;0;B01
2,016E+11;1;7;0;0;2;8;9;A01
2,016E+11;2;32;0;0;2;0;0;B01
2,016E+11;0;33;0;0;2;1;0;A01
2,016E+11;0;7;0;0;2;1;15;B01
2,016E+11;1;7;0;0;2;6;2;B01
2,016E+11;2;30;0;0;2;1;2;A01
2,016E+11;1;7;0;0;2;4;16;A01
2,016E+11;1;2;0;0;2;1;2;B01
2,016E+11;1;30;0;0;1;1;2;A01
2,016E+11;1;7;0;0;1;2;1;A01
2,016E+11;1;32;0;0;2;1;2;A01
2,016E+11;1;7;0;0;2;4;23;B01
2,016E+11;2;33;0;0;2;2;1;B01
2,016E+11;2;33;0;0;2;2;1;A01
2,016E+11;1;7;0;0;2;8;15;A01
2,016E+11;1;33;0;0;2;1;17;B01
2,016E+11;1;30;0;0;2;2;1;B01
2,016E+11;1;7;0;0;2;3;16;A01
2,016E+11;1;2;0;0;2;1;1;B01
2,016E+11;0;7;0;0;2;3;15;A01
2,016E+11;1;2;0;0;1;0;1;A01
2,016E+11;2;7;0;0;2;6;1;B01
2,016E+11;2;7;0;0;2;2;2;A01
2,016E+11;1;30;0;0;2;1;14;B01
2,016E+11;1;30;0;0;2;0;18;B01
2,016E+11;2;7;0;0;2;0;16;A01
2,016E+11;1;7;0;0;2;1;1;A01
2,016E+11;2;7;0;0;2;1;1;B01
2,016E+11;1;33;0;0;1;1;0;A01
2,016E+11;1;7;0;0;2;9;0;A01
2,016E+11;1;30;0;0;2;1;0;B01
2,016E+11;2;7;0;0;2;1;15;A01
2,016E+11;1;33;0;0;2;1;1;B01
2,016E+11;2;7;0;0;2;1;19;A01
2,016E+11;2;7;0;8;0;8;1;B01
2,016E+11;1;30;0;0;2;0;0;A01
2,016E+11;1;7;0;0;2;8;0;B01
2,016E+11;1;7;0;0;1;1;13;Z01
2,016E+11;1;30;0;1;2;1;1;A01
2,016E+11;1;10;0;0;2;8;15;B01
2,016E+11;1;7;0;0;1;1;15;A01
2,016E+11;1;7;0;0;2;7;15;A01
2,016E+11;2;33;0;0;2;1;1;B01
2,016E+11;1;7;0;0;0;9;2;A01
2,016E+11;1;7;0;6;0;1;0;A01
2,016E+11;0;33;0;0;2;8;15;A01
2,016E+11;0;30;0;0;2;1;17;Z01
2,016E+11;1;7;0;0;1;8;1;A01
2,016E+11;1;32;0;0;0;0;2;Z01
2,016E+11;2;7;0;1;0;1;13;A01
2,016E+11;1;34;0;0;1;0;1;A01
2,016E+11;0;7;0;0;0;5;2;A01
2,016E+11;0;31;0;0;2;1;2;B01
2,016E+11;0;7;0;0;0;0;0;A01
2,016E+11;0;30;0;0;0;0;0;B01
2,016E+11;2;7;0;0;2;1;1;C01
2,016E+11;1;7;0;0;2;3;13;A01
2,016E+11;0;7;0;0;2;3;1;B01
2,016E+11;1;7;0;0;1;0;1;Z01
2,016E+11;0;7;0;0;2;8;1;B01
2,016E+11;0;33;0;0;2;7;17;A01
2,016E+11;1;31;0;0;2;1;15;A01
2,016E+11;0;7;0;0;2;8;1;B01
2,016E+11;0;7;0;0;1;2;1;A01
2,016E+11;1;10;0;0;1;4;4;A01
2,016E+11;1;10;0;1;1;1;0;A01
2,016E+11;0;7;0;0;1;0;0;A01
2,016E+11;0;30;0;0;2;2;17;A01
2,016E+11;0;7;0;0;2;7;15;B01
2,016E+11;0;7;0;2;0;2;1;A01
2,016E+11;1;7;0;0;2;0;0;A01
2,016E+11;2;7;0;0;2;1;1;B01
2,016E+11;0;7;0;0;0;0;0;A01
2,016E+11;0;32;0;0;0;0;0;B01
2,016E+11;2;7;0;0;2;1;13;A01
2,016E+11;1;7;0;0;2;3;1;B01
2,016E+11;1;7;0;0;1;1;1;A01
2,016E+11;0;34;0;8;0;0;0;A01
2,016E+11;0;32;0;0;2;1;1;A01
2,016E+11;0;7;0;0;2;3;1;B01
2,016E+11;1;7;0;0;1;1;0;A01
2,016E+11;0;33;0;0;2;1;17;B01
2,016E+11;0;7;0;0;2;2;15;A01
2,016E+11;2;7;0;0;0;0;0;B01
2,016E+11;0;7;0;1;0;0;0;C01
2,016E+11;1;2;0;0;0;0;0;A01
2,016E+11;0;7;0;0;1;2;1;A01
2,016E+11;0;1;0;0;2;4;2;C01
2,016E+11;0;7;0;0;2;2;2;A01
2,016E+11;0;1;0;0;2;4;2;B01
2,016E+11;0;7;0;0;1;2;1;A01
2,016E+11;1;30;0;0;2;0;0;B01
2,016E+11;1;7;0;0;2;0;0;A01
2,016E+11;0;7;0;0;2;8;1;A01
2,016E+11;0;31;0;0;2;8;1;B01
2,016E+11;0;7;0;0;1;7;1;A01
2,016E+11;0;7;0;12;1;2;14;B01
2,016E+11;1;7;0;0;1;2;0;A01
2,016E+11;0;7;0;0;2;5;0;A01
2,016E+11;0;31;0;0;2;1;1;B01
2,016E+11;0;32;0;0;2;1;1;C01
2,016E+11;0;7;0;0;2;1;15;A01
2,016E+11;0;32;0;0;2;1;1;B01
2,016E+11;1;30;0;0;0;1;17;A01
2,016E+11;1;7;0;0;0;0;0;B01
2,016E+11;1;32;0;2;9;1;0;A01
2,016E+11;1;30;0;1;2;1;1;A01
2,016E+11;1;10;0;0;2;1;15;C01
2,016E+11;1;7;0;0;2;8;15;B01
2,016E+11;1;33;0;0;2;1;17;A01
2,016E+11;1;7;0;0;2;1;0;A01
2,016E+11;2;10;0;0;2;3;0;B01
2,016E+11;1;7;0;0;2;1;0;C01
2,016E+11;1;7;0;0;2;5;2;A01
2,016E+11;1;30;0;0;2;1;2;B01
2,016E+11;2;33;0;0;2;1;0;B01
2,016E+11;1;7;0;0;2;8;15;B01
2,016E+11;1;32;0;0;2;2;17;A01
2,016E+11;2;7;0;0;2;1;15;A01
2,016E+11;1;30;0;0;2;1;1;B01
2,016E+11;1;7;0;0;2;2;1;A01
2,016E+11;2;32;0;0;2;1;13;B01
2,016E+11;1;7;0;6;2;3;13;A01
2,016E+11;2;7;0;0;2;2;1;B01
2,016E+11;1;14;0;0;2;2;1;A01
2,016E+11;2;10;0;0;2;3;0;B01
2,016E+11;1;7;0;0;2;4;0;A01
2,016E+11;1;7;0;0;2;1;0;B01
2,016E+11;1;34;0;0;2;0;2;A01
2,016E+11;1;33;0;0;2;0;0;B01
2,016E+11;1;7;0;0;2;4;2;C01
2,016E+11;1;7;0;0;2;1;2;A01
2,016E+11;1;7;0;0;2;4;2;B01
2,016E+11;1;7;0;0;1;2;0;A01
2,016E+11;1;7;0;0;2;3;15;A01
2,016E+11;1;30;0;0;2;1;0;B01
2,016E+11;1;33;0;0;1;3;1;A01
2,016E+11;1;7;0;1;2;1;0;A01
2,016E+11;1;7;0;1;2;5;0;B01
2,016E+11;1;30;0;1;2;1;0;A01
2,016E+11;1;7;0;0;2;5;23;B01
2,016E+11;1;7;0;4;0;9;14;A01
2,016E+11;2;33;0;0;0;0;0;A01
2,016E+11;1;7;0;0;2;2;1;A01
2,016E+11;1;2;0;0;2;3;13;B01
2,016E+11;1;7;0;0;0;7;13;A01
2,016E+11;1;7;0;0;2;1;0;B01
2,016E+11;1;33;0;0;0;0;0;A01
2,016E+11;1;7;0;0;2;0;0;A01
2,016E+11;1;7;0;0;2;0;0;B01
2,016E+11;1;7;0;0;2;0;0;C01
2,016E+11;1;7;0;0;0;0;24;D01
2,016E+11;1;7;0;0;1;3;1;A01
2,016E+11;2;7;0;13;0;2;14;A01
2,016E+11;1;7;0;0;1;1;15;A01
2,016E+11;1;7;0;0;2;3;1;B01
2,016E+11;1;7;0;0;2;3;2;A01
2,016E+11;0;33;0;0;2;1;0;A01
2,016E+11;0;7;0;0;2;3;0;B01
2,016E+11;1;7;0;0;2;3;0;A01
2,016E+11;1;1;0;0;2;0;0;B01
2,016E+11;1;30;0;0;2;1;1;Z01
2,016E+11;1;7;0;0;2;1;1;A01
2,016E+11;1;7;0;0;2;3;1;B01
2,016E+11;1;7;0;0;2;8;15;A01
2,016E+11;1;7;0;0;2;1;2;A01
2,016E+11;1;1;0;0;2;0;0;B01
2,016E+11;1;7;0;0;1;2;16;A01
2,016E+11;2;7;0;4;0;1;2;A01
2,016E+11;0;7;0;0;2;1;0;A01
2,016E+11;0;7;0;0;0;3;0;B01
2,016E+11;0;7;0;0;2;4;2;B01
2,016E+11;0;33;0;0;2;1;2;A01
2,016E+11;1;7;0;0;2;2;15;A01
2,016E+11;1;33;0;0;2;0;1;B01
2,016E+11;1;7;0;0;2;2;16;A01
2,016E+11;1;34;0;0;2;1;5;B01
2,016E+11;2;32;0;0;2;1;9;A01
2,016E+11;1;7;0;0;2;3;15;B01
2,016E+11;1;34;0;0;2;1;3;A01
2,016E+11;1;7;0;0;2;5;1;B01
2,016E+11;1;7;0;0;2;8;16;C01
2,016E+11;1;7;0;0;1;0;0;Z01
2,016E+11;1;7;0;0;1;2;19;A01
2,016E+11;1;7;0;1;0;2;1;A01
2,016E+11;1;7;0;1;0;4;1;B01
2,016E+11;1;7;0;0;1;0;0;Z01
2,016E+11;1;7;0;0;2;1;2;A01
2,016E+11;1;7;0;0;2;4;2;B01
2,016E+11;1;7;0;0;2;2;17;C01
2,016E+11;1;33;0;0;2;1;0;A01
2,016E+11;1;10;0;0;2;6;0;B01
2,016E+11;1;34;0;0;2;1;3;A01
2,016E+11;1;7;0;0;2;6;1;B01
2,016E+11;1;10;0;0;2;2;0;A01
2,016E+11;1;1;0;0;2;1;19;B01
2,016E+11;1;7;0;0;1;7;1;A01
2,016E+11;1;7;0;0;2;0;9;A01
2,016E+11;1;30;0;0;2;1;2;B01
2,016E+11;2;7;0;0;1;2;1;A01
2,016E+11;1;33;0;0;0;0;0;A01
2,016E+11;1;7;0;0;2;0;0;C01
2,016E+11;1;7;0;0;2;2;1;A01
2,016E+11;1;7;0;0;2;0;0;B01
2,016E+11;1;7;0;0;2;8;13;A01
2,016E+11;1;2;0;0;2;1;17;B01
2,016E+11;2;33;0;1;0;2;0;A01
2,016E+11;1;7;0;0;1;1;9;A01
2,016E+11;1;7;0;0;2;2;16;A01
2,016E+11;1;32;0;0;2;0;0;B01
2,016E+11;1;30;0;14;0;1;9;A01
2,016E+11;1;7;0;0;1;7;2;A01
2,016E+11;1;7;0;15;0;1;14;A01
2,016E+11;2;7;0;0;2;6;2;A01
2,016E+11;2;30;0;0;2;0;2;B01
2,016E+11;2;7;0;0;2;5;15;A01
2,016E+11;1;32;0;0;2;0;1;B01
2,016E+11;1;7;0;0;2;8;15;A01
2,016E+11;1;33;0;1;2;7;17;B01
2,016E+11;1;7;0;0;2;3;15;A01
2,016E+11;2;2;0;0;2;3;1;B01
2,016E+11;1;7;0;0;2;3;23;C01
2,016E+11;1;7;0;0;1;7;2;A01
2,016E+11;1;33;0;0;2;1;2;A01
2,016E+11;1;7;0;0;2;5;1;B01
2,016E+11;2;7;0;0;2;3;19;A01
2,016E+11;1;2;0;0;2;1;1;B01
2,016E+11;1;7;0;0;1;2;1;A01
2,016E+11;1;7;0;0;2;1;2;A01
2,016E+11;1;31;0;0;2;4;2;B01
2,016E+11;1;7;0;0;2;3;1;B01
2,016E+11;1;7;0;0;2;3;13;A01
2,016E+11;1;32;0;0;2;1;1;A01
2,016E+11;2;7;0;0;2;3;17;B01
2,016E+11;1;7;0;0;2;0;0;Z01
2,016E+11;1;1;0;0;2;0;0;B01
2,016E+11;0;7;0;0;2;0;0;A01
2,016E+11;0;33;0;0;0;0;0;B01
2,016E+11;2;7;0;0;1;2;1;A01
2,016E+11;1;7;0;0;1;1;1;A01
2,016E+11;1;33;0;0;2;1;1;B01
2,016E+11;2;7;0;0;2;2;15;A01
2,016E+11;2;33;0;0;2;1;1;B01
2,016E+11;1;7;0;0;2;1;5;A01
2,016E+11;1;33;0;12;0;2;14;A01
2,016E+11;2;7;0;0;1;4;4;A01
2,016E+11;2;7;0;0;1;1;1;A01
2,016E+11;2;7;0;0;2;4;23;B01
2,016E+11;2;30;0;0;2;1;2;A01
2,016E+11;1;7;0;0;2;4;20;B01
2,016E+11;1;31;0;0;2;1;2;A01
2,016E+11;1;33;0;12;0;7;14;A01
2,016E+11;1;7;0;0;1;1;1;A01
2,016E+11;1;7;0;0;2;1;2;A01
2,016E+11;1;7;0;0;2;4;1;B01
2,016E+11;2;7;0;0;2;8;15;B01
2,016E+11;2;2;0;0;2;1;17;Z01
2,016E+11;1;37;10;0;2;8;24;C01
2,016E+11;1;37;1;0;2;7;1;B01
2,016E+11;1;30;0;1;2;7;3;A01
2,016E+11;1;33;0;0;2;1;13;A01
2,016E+11;2;7;0;0;2;3;1;B01
2,016E+11;2;7;0;0;2;3;17;B01
2,016E+11;1;7;0;0;2;3;23;C01
2,016E+11;1;7;0;0;2;1;17;A01
2,016E+11;2;31;0;12;0;1;14;A01
2,016E+11;2;7;0;0;1;2;1;A01
2,016E+11;1;7;0;0;1;1;15;A01
2,016E+11;2;7;0;0;1;1;1;A01
2,016E+11;1;7;0;0;2;1;1;B01
2,016E+11;2;7;0;0;2;1;17;A01
2,016E+11;2;31;0;12;0;1;14;A01
2,016E+11;2;32;0;0;1;1;1;Z01
2,016E+11;1;1;0;0;2;1;9;A01
2,016E+11;2;7;0;0;2;8;1;B01
2,016E+11;2;2;0;0;2;7;17;A01
2,016E+11;2;7;0;0;2;8;1;B01
2,016E+11;1;7;0;0;1;1;1;A01
2,016E+11;2;7;0;0;2;1;13;A01
2,016E+11;1;37;5;0;2;1;1;B01
2,016E+11;1;7;0;0;1;2;1;A01
2,016E+11;1;7;0;0;1;1;15;A01
2,016E+11;2;33;0;0;1;1;1;A01
2,016E+11;2;7;0;0;2;1;9;A01
2,016E+11;2;37;1;0;2;2;1;B03
2,016E+11;1;2;0;0;1;7;1;Z01
2,016E+11;1;7;0;0;1;4;4;A01
2,016E+11;1;7;0;0;1;1;1;A01
2,016E+11;2;7;0;4;0;3;13;A01
2,016E+11;1;7;0;16;0;2;14;A01
2,016E+11;2;7;0;0;2;1;12;Z01
2,016E+11;2;7;0;0;2;5;1;C01
2,016E+11;2;33;0;0;2;4;1;B01
2,016E+11;1;7;0;0;1;2;1;A01
2,016E+11;1;30;0;0;2;1;17;A01
2,016E+11;2;7;0;0;2;3;1;B01
2,016E+11;1;33;0;0;1;1;1;A01
2,016E+11;1;7;0;0;2;3;1;B01
2,016E+11;1;7;0;0;2;7;1;C01
2,016E+11;1;7;0;0;2;7;12;A01
2,016E+11;1;1;0;0;2;3;1;B01
2,016E+11;1;7;0;0;2;2;1;A01
2,016E+11;2;7;0;0;1;2;17;A01
2,016E+11;1;31;0;0;2;1;9;A01
2,016E+11;1;7;0;0;2;8;1;B01
2,016E+11;1;10;0;0;2;5;17;A01
2,016E+11;1;30;0;0;2;8;1;B01
2,016E+11;1;33;0;12;0;7;14;A01
2,016E+11;1;30;0;0;1;1;1;A01
2,016E+11;2;7;0;0;1;1;1;A01
2,016E+11;1;7;0;0;1;1;1;A01
2,016E+11;1;1;0;16;0;8;13;A01
2,016E+11;2;7;0;12;0;7;14;A01
2,016E+11;2;30;0;12;0;7;14;A01
2,016E+11;1;7;0;0;2;1;2;A01
2,016E+11;1;7;0;0;2;4;23;B01
2,016E+11;2;30;0;0;1;2;1;A01
2,016E+11;2;7;0;16;0;2;14;A01
2,016E+11;1;7;0;0;1;1;14;A01
2,016E+11;2;7;0;0;1;2;1;A01
2,016E+11;1;7;0;0;2;4;1;B01
2,016E+11;1;7;0;0;2;1;2;A01
2,016E+11;1;7;0;0;1;1;1;A01
2,016E+11;2;33;0;4;2;1;17;A01
2,016E+11;1;7;0;0;9;1;1;B01
2,016E+11;1;32;0;0;2;2;2;A01
2,016E+11;1;1;0;0;2;1;1;B01
2,016E+11;2;7;0;0;2;3;1;B01
2,016E+11;1;7;0;0;2;3;13;A01
2,016E+11;1;7;0;0;2;1;12;A01
2,016E+11;2;7;0;0;2;6;1;B01
2,016E+11;1;7;0;6;0;2;14;A01
2,016E+11;1;7;0;0;2;7;15;A01
2,016E+11;1;7;0;0;2;1;23;C01
2,016E+11;2;33;0;0;2;1;1;Z01
2,016E+11;1;7;0;0;2;1;1;A01
2,016E+11;2;30;0;0;2;1;1;B01
2,016E+11;2;30;0;0;2;1;1;C01
2,016E+11;2;7;0;0;2;1;15;A01
2,016E+11;2;30;0;0;2;1;1;B01
2,016E+11;2;7;0;0;2;1;1;B01
2,016E+11;2;30;0;0;2;4;13;A01
2,016E+11;1;31;0;0;2;1;17;A01
2,016E+11;1;7;0;1;2;8;20;B01
2,016E+11;2;7;0;1;1;8;11;A01
2,016E+11;1;7;0;0;2;7;17;B01
2,016E+11;2;7;0;0;2;1;9;A01
2,016E+11;2;7;0;10;2;2;1;B01
2,016E+11;2;2;0;0;1;1;1;Z01
2,016E+11;2;7;0;16;0;2;14;A01
2,016E+11;2;7;0;0;1;1;1;A01
2,016E+11;1;33;0;0;2;1;9;A01
2,016E+11;2;7;0;0;2;6;0;B01
2,016E+11;1;33;0;6;0;8;13;A01
2,016E+11;2;7;0;4;0;8;13;A01
2,016E+11;2;7;0;4;0;8;13;A01
2,016E+11;1;7;0;0;1;2;1;A01
2,016E+11;1;7;0;0;1;8;15;A01
2,016E+11;2;30;0;0;2;1;1;B01
2,016E+11;1;7;0;0;2;7;9;A01
2,016E+11;2;7;0;0;2;1;1;B01
2,016E+11;2;7;0;0;2;1;9;A01
2,016E+11;1;7;0;0;2;8;15;A01
2,016E+11;1;33;0;0;2;1;1;B01
2,016E+11;1;7;0;0;1;1;1;Z01
2,016E+11;2;30;0;0;2;1;1;Z01
2,016E+11;1;7;0;0;2;7;9;A01
2,016E+11;2;37;1;0;1;3;1;A01
2,016E+11;1;7;0;0;2;7;1;B01
2,016E+11;2;32;0;0;2;1;9;A01
2,016E+11;1;33;0;16;0;1;14;Z01
2,016E+11;2;1;0;0;2;1;13;A01
2,016E+11;1;7;0;0;2;7;1;B01
2,016E+11;1;37;6;5;0;7;22;A01
2,016E+11;2;7;0;0;2;7;14;A01
2,016E+11;2;30;0;0;2;8;1;Z01
2,016E+11;1;7;0;6;0;1;1;A01
2,016E+11;1;30;0;0;2;4;1;B01
2,016E+11;1;7;0;0;2;1;2;Z01
2,016E+11;2;7;0;6;0;2;14;A01
2,016E+11;2;30;0;0;2;1;1;B01
2,016E+11;1;32;0;0;2;1;13;A01
2,016E+11;1;7;0;0;1;1;1;A01
2,016E+11;1;7;0;6;2;1;13;A01
2,016E+11;2;30;0;0;2;1;1;B01
2,016E+11;2;7;0;0;1;1;1;A01
2,016E+11;2;31;0;0;2;1;17;B01
2,016E+11;2;7;0;0;2;3;15;A01
2,016E+11;1;7;0;0;2;3;15;B01
2,016E+11;1;33;0;0;2;5;17;Z01
2,016E+11;1;7;0;0;2;2;12;A01
2,016E+11;1;7;0;4;2;1;1;B01
2,016E+11;2;32;0;0;1;1;1;Z01
2,016E+11;1;7;0;0;2;1;3;A01
2,016E+11;1;7;0;9;2;5;1;B01
2,016E+11;1;7;0;0;2;6;1;C01
2,016E+11;2;7;0;0;1;1;1;A01
2,016E+11;2;7;0;0;2;3;1;B01
2,016E+11;1;7;0;0;2;3;13;Z01
2,016E+11;2;30;0;16;0;2;14;A01
2,016E+11;1;31;0;0;1;1;1;Z01
2,016E+11;2;7;0;0;2;8;24;B01
2,016E+11;2;7;0;1;0;2;14;A01
2,016E+11;2;7;0;0;1;7;1;A01
2,016E+11;1;7;0;0;1;1;15;A01